brain,scenario,method,tissue_pct,skull_pct
vp_996782,standard,baseline,9.628584861307004,69.22537679635471
vp_996782,standard,dg,92.4306535025858,68.94497020679987
vp_996782,standard,dg_c,92.42125058768218,79.67052225727305
vp_996782,standard,sg,97.97210468578594,96.88047669120225
vp_996782,standard,sg_c,96.60868202476101,94.98773221170697
vp_996782,reduced_compute,baseline,7.039648957843599,34.13950227830354
vp_996782,reduced_compute,dg,7.136812411847673,5.292674377847879
vp_996782,reduced_compute,dg_c,54.63720419996866,54.4689800210305
vp_996782,reduced_compute,sg,97.91882150133208,90.29092183666316
vp_996782,reduced_compute,sg_c,94.02914903620122,93.024886084823
vp_996782,missing_low_freq,baseline,7.039648957843599,32.1416053277252
vp_996782,missing_low_freq,dg,7.064723397586585,11.286365229582895
vp_996782,missing_low_freq,dg_c,77.26688606801441,47.669120224325276
vp_996782,missing_low_freq,sg,18.26046074283028,55.62565720294427
vp_996782,missing_low_freq,sg_c,74.59018962545055,95.23308797756748
vp_166438,standard,dg,38.678862423126155,42.5343811394892
vp_166438,standard,dg_c,67.92058189991572,74.60707269155206
vp_166438,standard,sg,88.42755907969905,79.66601178781926
vp_166438,standard,sg_c,93.35060718633909,84.62671905697447
vp_166438,reduced_compute,dg,9.04692036337527,0.0
vp_166438,reduced_compute,dg_c,36.20016857615584,7.121807465618861
vp_166438,reduced_compute,sg,87.85627321824369,28.192534381139488
vp_166438,reduced_compute,sg_c,75.91858396029096,92.11689587426326
vp_166438,missing_low_freq,dg,8.881465988199668,8.7426326129666
vp_166438,missing_low_freq,dg_c,31.267755127524737,27.259332023575638
vp_166438,missing_low_freq,sg,91.57119220803547,36.8369351669941
vp_166438,missing_low_freq,sg_c,67.51787219429963,63.261296660117885
vp_917255,standard,dg,94.01231866985292,70.21988527724665
vp_917255,standard,dg_c,94.1031941031941,83.65200764818356
vp_917255,standard,sg,97.31076032445895,80.25812619502868
vp_917255,standard,sg_c,92.79054895493252,70.93690248565966
vp_917255,reduced_compute,dg,67.7156608663458,55.975143403441685
vp_917255,reduced_compute,dg_c,79.00777489818586,86.9980879541109
vp_917255,reduced_compute,sg,93.27185217596177,85.46845124282983
vp_917255,reduced_compute,sg_c,95.82309582309583,78.77629063097514
vp_917255,missing_low_freq,dg,11.877755713372151,41.77820267686425
vp_917255,missing_low_freq,dg_c,93.64881693648816,80.83173996175908
vp_917255,missing_low_freq,sg,23.88004442798963,36.233269598470365
vp_917255,missing_low_freq,sg_c,76.54067517081215,85.8508604206501
vp_894774,standard,baseline,8.746830291456657,29.901196047841914
vp_894774,standard,dg,44.88620355007357,33.359334373374935
vp_894774,standard,dg_c,74.07882791221864,71.21684867394696
vp_894774,standard,sg,84.02153836521303,82.47529901196047
vp_894774,standard,sg_c,92.8403719124691,83.35933437337494
vp_894774,reduced_compute,baseline,8.746830291456657,1.71606864274571
vp_894774,reduced_compute,dg,8.922142566446482,1.9500780031201248
vp_894774,reduced_compute,dg_c,37.57317722192656,7.228289131565263
vp_894774,reduced_compute,sg,80.35250289578312,20.358814352574104
vp_894774,reduced_compute,sg_c,78.68703628337977,83.09932397295891
vp_894774,missing_low_freq,baseline,8.746830291456657,1.7680707228289132
vp_894774,missing_low_freq,dg,8.815702970916945,6.526261050442017
vp_894774,missing_low_freq,dg_c,29.65908023667157,5.61622464898596
vp_894774,missing_low_freq,sg,88.51391541182731,29.22516900676027
vp_894774,missing_low_freq,sg_c,0.0,34.945397815912635
vp_432332,standard,baseline,92.66357020078266,60.58455114822547
vp_432332,standard,dg,92.84643235928756,69.35281837160751
vp_432332,standard,dg_c,93.57788099330725,70.60542797494782
vp_432332,standard,sg,97.67033610064733,82.96450939457203
vp_432332,standard,sg_c,96.25498299381925,68.3089770354906
vp_432332,reduced_compute,baseline,6.6781260285996416,23.04801670146138
vp_432332,reduced_compute,dg,86.28168086896098,60.33402922755741
vp_432332,reduced_compute,dg_c,79.50115203159858,68.35073068893529
vp_432332,reduced_compute,sg,96.8547708737154,83.63256784968685
vp_432332,reduced_compute,sg_c,96.5951066086384,75.44885177453027
vp_432332,missing_low_freq,baseline,6.630581867388363,18.24634655532359
vp_432332,missing_low_freq,dg,6.630581867388363,35.36534446764092
vp_432332,missing_low_freq,dg_c,67.02263833522291,58.830897703549056
vp_432332,missing_low_freq,sg,7.252313206305088,30.146137787056364
vp_432332,missing_low_freq,sg_c,85.75138060929672,85.51148225469728
vp_129634,standard,baseline,85.8550956572343,54.56907752273712
vp_129634,standard,dg,93.72590383356368,88.26331745344305
vp_129634,standard,dg_c,93.54040881646904,89.95236032914681
vp_129634,standard,sg,92.1910234960355,80.4677349501949
vp_129634,standard,sg_c,94.25329162726413,78.77869207449112
vp_129634,reduced_compute,baseline,10.555030188404743,21.307925508878302
vp_129634,reduced_compute,dg,88.47748599694478,91.25162407968817
vp_129634,reduced_compute,dg_c,90.57248854295482,88.69640537029017
vp_129634,reduced_compute,sg,83.5818724085255,87.05067128627111
vp_129634,reduced_compute,sg_c,94.0059649378046,84.40883499350367
vp_129634,missing_low_freq,baseline,10.515021459227468,14.291901255954958
vp_129634,missing_low_freq,dg,93.12577289590456,82.11346903421395
vp_129634,missing_low_freq,dg_c,80.69033243616789,80.68427890861844
vp_129634,missing_low_freq,sg,18.22943187604568,36.292767431788654
vp_129634,missing_low_freq,sg_c,93.92231032225212,83.32611520138589
vp_156031,standard,baseline,94.09680480860487,72.27429699062654
vp_156031,standard,dg,92.30623220499842,75.82634435125802
vp_156031,standard,dg_c,88.16197405884213,79.6250616674889
vp_156031,standard,sg,97.13381841189496,79.97039960532807
vp_156031,standard,sg_c,93.17621006010755,78.49037987173162
vp_156031,reduced_compute,baseline,5.346409364125277,34.977799703996055
vp_156031,reduced_compute,dg,73.00221448908573,49.333991119881595
vp_156031,reduced_compute,dg_c,92.01518506801645,81.40108534780464
vp_156031,reduced_compute,sg,93.9354634609301,83.12777503700049
vp_156031,reduced_compute,sg_c,94.56184751660867,81.64775530340404
vp_156031,missing_low_freq,baseline,5.276811135716546,30.093734583127773
vp_156031,missing_low_freq,dg,5.292628914900348,22.49629995066601
vp_156031,missing_low_freq,dg_c,89.23441948750396,74.93833251110014
vp_156031,missing_low_freq,sg,23.37867763366023,58.904785397138625
vp_156031,missing_low_freq,sg_c,72.32521354001898,90.67587567834238
vp_724446,standard,baseline,94.66692153302112,71.6297786720322
vp_724446,standard,dg,96.18337634203064,92.51509054325956
vp_724446,standard,dg_c,97.08815190034726,95.29175050301811
vp_724446,standard,sg,95.54939628532289,75.65392354124748
vp_724446,standard,sg_c,92.4017968077989,75.41247484909456
vp_724446,reduced_compute,baseline,8.834305011309693,22.0523138832998
vp_724446,reduced_compute,dg,53.77998661951639,53.44064386317907
vp_724446,reduced_compute,dg_c,76.10946509923858,86.03621730382294
vp_724446,reduced_compute,sg,92.71719392143744,84.22535211267605
vp_724446,reduced_compute,sg_c,88.67119054445824,81.12676056338029
vp_724446,missing_low_freq,baseline,9.022268947720539,17.062374245472835
vp_724446,missing_low_freq,dg,8.824747523017617,36.78068410462777
vp_724446,missing_low_freq,dg_c,82.67864538532606,84.30583501006036
vp_724446,missing_low_freq,sg,15.887731370862404,40.72434607645875
vp_724446,missing_low_freq,sg_c,87.48287616681003,80.84507042253522
vp_128026,standard,baseline,86.76490560912671,49.75922953451043
vp_128026,standard,dg,86.16732310199647,73.5553772070626
vp_128026,standard,dg_c,89.43025940513377,75.60192616372392
vp_128026,standard,sg,92.17710172484041,82.34349919743178
vp_128026,standard,sg_c,90.37416813798723,66.53290529695025
vp_128026,reduced_compute,baseline,9.479831590384354,27.447833065810595
vp_128026,reduced_compute,dg,71.09873692788265,47.752808988764045
vp_128026,reduced_compute,dg_c,85.36941464077142,78.29052969502408
vp_128026,reduced_compute,sg,96.45524921906832,85.19261637239165
vp_128026,reduced_compute,sg_c,91.98356648105391,73.63563402889245
vp_128026,missing_low_freq,baseline,9.469645524921907,24.398073836276083
vp_128026,missing_low_freq,dg,9.473040880076056,27.8892455858748
vp_128026,missing_low_freq,dg_c,93.02933586853185,71.99036918138042
vp_128026,missing_low_freq,sg,9.639413282629363,35.87479935794543
vp_128026,missing_low_freq,sg_c,77.85209832948526,63.92455858747994
vp_562446,standard,baseline,8.387856582046584,42.95017909475741
vp_562446,standard,dg,96.97723109133734,84.46760013025073
vp_562446,standard,dg_c,96.30332373724157,81.76489742754804
vp_562446,standard,sg,97.71983773881183,85.60729404102898
vp_562446,standard,sg_c,96.23789583878566,82.3835884076848
vp_562446,reduced_compute,baseline,5.450143941376603,31.48811462064474
vp_562446,reduced_compute,dg,5.757655064119341,19.211983067404752
vp_562446,reduced_compute,dg_c,77.58113059408532,71.11690003256268
vp_562446,reduced_compute,sg,98.31196021983773,90.75219798111365
vp_562446,reduced_compute,sg_c,94.2816016749542,87.04005210029307
vp_562446,missing_low_freq,baseline,5.450143941376603,28.10159557147509
vp_562446,missing_low_freq,dg,5.450143941376603,20.351676978183004
vp_562446,missing_low_freq,dg_c,85.98207275582308,63.85542168674698
vp_562446,missing_low_freq,sg,5.823082962575242,39.95441224356887
vp_562446,missing_low_freq,sg_c,78.84388903428422,91.07782481276458
vp_170631,standard,baseline,86.52875524276676,60.37174721189591
vp_170631,standard,dg,88.83912703490438,74.34944237918215
vp_170631,standard,dg_c,89.64597995308168,78.81040892193309
vp_170631,standard,sg,98.07705978531315,84.94423791821562
vp_170631,standard,sg_c,94.06412170327717,75.98513011152417
vp_170631,reduced_compute,baseline,4.862444017914267,17.17472118959108
vp_170631,reduced_compute,dg,62.021042155399165,63.79182156133829
vp_170631,reduced_compute,dg_c,81.75161726025449,72.56505576208178
vp_170631,reduced_compute,sg,98.07705978531315,88.95910780669145
vp_170631,reduced_compute,sg_c,95.05580436482548,84.27509293680298
vp_170631,missing_low_freq,baseline,4.862444017914267,13.122676579925653
vp_170631,missing_low_freq,dg,4.862444017914267,30.780669144981417
vp_170631,missing_low_freq,dg_c,71.31229117793417,61.89591078066915
vp_170631,missing_low_freq,sg,5.0295016705765265,28.810408921933085
vp_170631,missing_low_freq,sg_c,82.41984787090352,87.50929368029739
vp_134021,standard,baseline,91.69186069339197,59.835100117785636
vp_134021,standard,dg,88.71961993011112,80.84020416175893
vp_134021,standard,dg_c,88.68428285366524,80.40832351786416
vp_134021,standard,sg,96.64690407946915,92.50098154691794
vp_134021,standard,sg_c,94.77403902783776,92.10836277974087
vp_134021,reduced_compute,baseline,6.564843535278181,20.259128386336865
vp_134021,reduced_compute,dg,64.33311084062979,39.065567334118576
vp_134021,reduced_compute,dg_c,51.63139502925125,61.44483706321162
vp_134021,reduced_compute,sg,66.26094467784365,84.45229681978799
vp_134021,reduced_compute,sg_c,93.10927009305429,88.77110325873578
vp_134021,missing_low_freq,baseline,6.564843535278181,13.898704358068315
vp_134021,missing_low_freq,dg,6.572696218932821,40.63604240282685
vp_134021,missing_low_freq,dg_c,50.999253995052804,61.130742049469966
vp_134021,missing_low_freq,sg,6.600180611724056,25.598743619945036
vp_134021,missing_low_freq,sg_c,94.56594291098983,88.10365135453475
vp_101309,standard,baseline,81.37501700911689,61.78890876565295
vp_101309,standard,dg,93.93114709484284,90.51878354203936
vp_101309,standard,dg_c,97.49625799428495,94.91949910554561
vp_101309,standard,sg,97.40440876309702,84.25760286225402
vp_101309,standard,sg_c,94.47543883521567,73.77459749552773
vp_101309,reduced_compute,baseline,4.269288338549463,18.783542039355993
vp_101309,reduced_compute,dg,53.13648115389849,59.53488372093023
vp_101309,reduced_compute,dg_c,80.00408218805279,90.26833631484794
vp_101309,reduced_compute,sg,97.72077833718873,90.44722719141323
vp_101309,reduced_compute,sg_c,94.80881752619405,80.0
vp_101309,missing_low_freq,baseline,4.170635460606886,14.45438282647585
vp_101309,missing_low_freq,dg,9.633963804599265,36.887298747763865
vp_101309,missing_low_freq,dg_c,72.25813035787182,84.86583184257603
vp_101309,missing_low_freq,sg,9.603347394203293,45.008944543828264
vp_101309,missing_low_freq,sg_c,93.68621581167505,78.31842576028623
vp_102513,standard,baseline,13.46824842986741,63.30076004343105
vp_102513,standard,dg,94.64251728731841,83.78574013753168
vp_102513,standard,dg_c,94.88358814946393,80.27506333695258
vp_102513,standard,sg,93.39275518619552,92.29098805646036
vp_102513,standard,sg_c,92.47922349806508,92.65291349981904
vp_102513,reduced_compute,baseline,5.4082344731332865,35.17915309446254
vp_102513,reduced_compute,dg,15.422191207257502,19.18204849800941
vp_102513,reduced_compute,dg_c,73.07936306540633,53.492580528411146
vp_102513,reduced_compute,sg,85.26930152889678,83.60477741585234
vp_102513,reduced_compute,sg_c,89.91308761022648,86.86210640608036
vp_102513,missing_low_freq,baseline,5.4082344731332865,27.072023163228376
vp_102513,missing_low_freq,dg,5.414578443189748,1.520086862106406
vp_102513,missing_low_freq,dg_c,69.03508215441224,40.17372421281216
vp_102513,missing_low_freq,sg,87.2359322463998,82.91711907347087
vp_102513,missing_low_freq,sg_c,89.39288206559665,89.57654723127035
vp_155938,standard,baseline,5.637190203842206,29.32798395185557
vp_155938,standard,dg,60.09678838539375,61.664994984954866
vp_155938,standard,dg_c,71.7465904091509,74.0220661985958
vp_155938,standard,sg,78.62443173485848,58.65596790371114
vp_155938,standard,sg_c,96.44229359143569,91.75526579739217
vp_155938,reduced_compute,baseline,5.637190203842206,4.152457372116349
vp_155938,reduced_compute,dg,5.942220266901305,14.48345035105316
vp_155938,reduced_compute,dg_c,43.39932541428362,26.238716148445334
vp_155938,reduced_compute,sg,63.384660507405776,7.883650952858575
vp_155938,reduced_compute,sg_c,66.73412523830474,76.73019057171514
vp_155938,missing_low_freq,baseline,5.637190203842206,2.7482447342026077
vp_155938,missing_low_freq,dg,6.1357970376888105,16.62988966900702
vp_155938,missing_low_freq,dg_c,48.59950139316616,21.143430290872615
vp_155938,missing_low_freq,sg,79.95893826074204,7.041123370110331
vp_155938,missing_low_freq,sg_c,0.0,12.75827482447342
vp_111514,standard,baseline,8.249137119548164,23.32936979785969
vp_111514,standard,dg,78.0859742704738,64.82758620689654
vp_111514,standard,dg_c,91.11076247254472,78.50178359096314
vp_111514,standard,sg,96.84342641983056,83.04399524375742
vp_111514,standard,sg_c,94.54659554439912,82.54458977407847
vp_111514,reduced_compute,baseline,8.176968936303734,22.35434007134364
vp_111514,reduced_compute,dg,8.176968936303734,1.78359096313912
vp_111514,reduced_compute,dg_c,64.96705365547537,69.44114149821641
vp_111514,reduced_compute,sg,94.88233448384061,88.70392390011891
vp_111514,reduced_compute,sg_c,87.07561970505178,89.32223543400714
vp_111514,missing_low_freq,baseline,8.176968936303734,13.365041617122472
vp_111514,missing_low_freq,dg,8.176968936303734,4.661117717003567
vp_111514,missing_low_freq,dg_c,37.4615625980546,46.18311533888229
vp_111514,missing_low_freq,sg,90.61499843112645,64.0665873959572
vp_111514,missing_low_freq,sg_c,79.30655789143395,79.42925089179548
vp_146735,standard,baseline,28.046363322992075,23.196011545526108
vp_146735,standard,dg,74.3752154429507,59.74809761217528
vp_146735,standard,dg_c,78.44277835229231,62.109682498032015
vp_146735,standard,sg,62.32764563943468,75.70191550774075
vp_146735,standard,sg_c,91.80455015511893,80.26764628706377
vp_146735,reduced_compute,baseline,9.001206480523956,15.481500918394122
vp_146735,reduced_compute,dg,39.46914856945881,19.994752033586984
vp_146735,reduced_compute,dg_c,33.94519131334023,32.77355024927841
vp_146735,reduced_compute,sg,24.08652188900379,56.57307793230123
vp_146735,reduced_compute,sg_c,53.516028955532576,68.80083967462608
vp_146735,missing_low_freq,baseline,9.001206480523956,11.361847284177381
vp_146735,missing_low_freq,dg,9.001206480523956,23.117292049330885
vp_146735,missing_low_freq,dg_c,38.809893140296445,36.26344791393335
vp_146735,missing_low_freq,sg,9.014133057566356,11.230648123852008
vp_146735,missing_low_freq,sg_c,66.6968286797656,72.36945683547626
vp_978578,standard,baseline,7.1315996847911745,27.54674853474742
vp_978578,standard,dg,82.2802493015259,59.41948088194251
vp_978578,standard,dg_c,79.14607063543234,62.71281049399944
vp_978578,standard,sg,86.95107099362419,78.62126709461346
vp_978578,standard,sg_c,88.72770255748979,83.86826681551773
vp_978578,reduced_compute,baseline,6.719679060104592,22.32765838682668
vp_978578,reduced_compute,dg,6.723260978580127,7.172760256768071
vp_978578,reduced_compute,dg_c,42.66064904362777,37.901200111638296
vp_978578,reduced_compute,sg,60.47352962246579,62.32207647222997
vp_978578,reduced_compute,sg_c,83.62705064832724,78.95618197041586
vp_978578,missing_low_freq,baseline,6.719679060104592,18.420318169132013
vp_978578,missing_low_freq,dg,6.719679060104592,27.211833658945018
vp_978578,missing_low_freq,dg_c,55.51615445232466,45.29723695227463
vp_978578,missing_low_freq,sg,6.751916326384412,22.578844543678482
vp_978578,missing_low_freq,sg_c,83.7345082025933,80.04465531677366
vp_139233,standard,baseline,8.458126397998257,22.899578807359788
vp_139233,standard,dg,63.308943397657046,77.58811793393926
vp_139233,standard,dg_c,64.6017363612238,77.94280647306584
vp_139233,standard,sg,73.18118057398492,85.05874528929283
vp_139233,standard,sg_c,87.58767107707473,85.92329860341388
vp_139233,reduced_compute,baseline,8.37092921863745,19.99556639326092
vp_139233,reduced_compute,dg,8.420214580884862,26.645976501884284
vp_139233,reduced_compute,dg_c,30.234674147931912,52.56040789181999
vp_139233,reduced_compute,sg,50.991394017515255,84.54888051429839
vp_139233,reduced_compute,sg_c,73.49205747431475,87.1647084903569
vp_139233,missing_low_freq,baseline,8.507411760245668,16.4043449346043
vp_139233,missing_low_freq,dg,8.37092921863745,30.990911106184882
vp_139233,missing_low_freq,dg_c,24.479660310118664,46.17601418754156
vp_139233,missing_low_freq,sg,8.609773666451833,26.490800266016407
vp_139233,missing_low_freq,sg_c,93.60806763468173,88.87164708490357
vp_284646,standard,baseline,83.6836998706339,41.9894787183166
vp_284646,standard,dg,94.77037516170763,72.9794356767097
vp_284646,standard,dg_c,94.78978007761967,84.60066953610712
vp_284646,standard,sg,96.23544631306598,81.10951697752272
vp_284646,standard,sg_c,92.89780077619663,60.73648971783836
vp_284646,reduced_compute,baseline,8.528460543337646,19.751315160210424
vp_284646,reduced_compute,dg,73.72897800776197,65.18412242945959
vp_284646,reduced_compute,dg_c,91.07050452781371,83.83548541367767
vp_284646,reduced_compute,sg,98.23415265200518,84.5528455284553
vp_284646,reduced_compute,sg_c,93.57050452781371,69.29698708751793
vp_284646,missing_low_freq,baseline,8.518758085381629,15.016738402678145
vp_284646,missing_low_freq,dg,73.77425614489003,52.94117647058824
vp_284646,missing_low_freq,dg_c,96.26131953428202,80.10521281683405
vp_284646,missing_low_freq,sg,21.701164294954722,41.89383070301291
vp_284646,missing_low_freq,sg_c,89.30789133247089,67.0492587278814
vp_622236,standard,baseline,7.410045104622376,16.13414312120412
vp_622236,standard,dg,79.87248618035066,62.661737523105366
vp_622236,standard,dg_c,87.50296740936683,70.76841827303934
vp_622236,standard,sg,98.06016210533456,91.4444151043042
vp_622236,standard,sg_c,97.43276698205989,88.38130446263534
vp_622236,reduced_compute,baseline,5.985688608539356,15.44758383945075
vp_622236,reduced_compute,dg,5.98907993353003,29.891734882492738
vp_622236,reduced_compute,dg_c,82.52450232305762,75.38949036176393
vp_622236,reduced_compute,sg,89.30715230440534,90.493794560338
vp_622236,reduced_compute,sg_c,91.12151117441584,88.51333509374174
vp_622236,missing_low_freq,baseline,5.985688608539356,11.909162925798785
vp_622236,missing_low_freq,dg,5.985688608539356,38.288883020860844
vp_622236,missing_low_freq,dg_c,78.27517210974328,57.59176128861896
vp_622236,missing_low_freq,sg,12.05616034184556,51.33350937417481
vp_622236,missing_low_freq,sg_c,86.17695933801336,94.66596250330078
vp_105620,standard,baseline,13.089181631346653,17.523553162853297
vp_105620,standard,dg,91.72534618105858,78.4656796769852
vp_105620,standard,dg_c,93.08985546309087,79.8384925975774
vp_105620,standard,sg,94.46447222128634,89.63660834454913
vp_105620,standard,sg_c,96.80266837370709,90.20188425302827
vp_105620,reduced_compute,baseline,8.951854721875947,14.697173620457605
vp_105620,reduced_compute,dg,36.83501229742933,33.082099596231494
vp_105620,reduced_compute,dg_c,56.07627775344497,59.67698519515478
vp_105620,reduced_compute,sg,85.26329975405142,91.03633916554509
vp_105620,reduced_compute,sg_c,93.4065563828712,93.43203230148049
vp_105620,missing_low_freq,baseline,8.968700515481284,10.767160161507402
vp_105620,missing_low_freq,dg,8.891209864896735,18.654104979811574
vp_105620,missing_low_freq,dg_c,62.71352043394764,50.74024226110363
vp_105620,missing_low_freq,sg,17.84980290421482,34.21265141318977
vp_105620,missing_low_freq,sg_c,89.21195377514235,91.22476446837146
vp_103818,standard,baseline,92.46037911746427,53.721820501914074
vp_103818,standard,dg,89.95882535736483,70.9059974478945
vp_103818,standard,dg_c,90.12197016780608,69.8000850701829
vp_103818,standard,sg,85.67821628340585,80.47639302424501
vp_103818,standard,sg_c,94.20835922933499,88.34538494257764
vp_103818,reduced_compute,baseline,6.782162834058421,21.01233517652063
vp_103818,reduced_compute,dg,53.94266625233064,58.10293492131008
vp_103818,reduced_compute,dg_c,70.13284648850218,70.65078689919183
vp_103818,reduced_compute,sg,73.2830950901181,80.5614632071459
vp_103818,reduced_compute,sg_c,92.96535114978248,80.73160357294769
vp_103818,missing_low_freq,baseline,6.727781230577999,16.546150574223734
vp_103818,missing_low_freq,dg,6.727781230577999,37.686091025095706
vp_103818,missing_low_freq,dg_c,50.58654443753885,55.46575925138239
vp_103818,missing_low_freq,sg,7.178371659415786,32.454274776690774
vp_103818,missing_low_freq,sg_c,95.39310130515848,91.83326244151425
vp_212217,standard,baseline,95.54350651762172,52.17391304347826
vp_212217,standard,dg,94.9827310877558,69.12413358538122
vp_212217,standard,dg_c,94.84903628328443,72.77882797731569
vp_212217,standard,sg,93.57893564080662,55.639571518588525
vp_212217,standard,sg_c,93.54551193968878,53.056080655324514
vp_212217,reduced_compute,baseline,6.681026478998775,26.40201638311279
vp_212217,reduced_compute,dg,80.49169978088906,72.52678008821675
vp_212217,reduced_compute,dg_c,86.3965536450403,79.33207309388783
vp_212217,reduced_compute,sg,87.85234151595054,71.89666036546944
vp_212217,reduced_compute,sg_c,96.16741560515469,61.87775677378702
vp_212217,missing_low_freq,baseline,6.64017528874364,19.596723377441712
vp_212217,missing_low_freq,dg,93.96887882051472,80.52930056710775
vp_212217,missing_low_freq,dg_c,89.93575221896238,79.89918084436043
vp_212217,missing_low_freq,sg,21.09035540535522,28.29237555135476
vp_212217,missing_low_freq,sg_c,94.21769970661418,63.39004410838059
vp_158338,standard,baseline,8.914572552908004,27.48663101604278
vp_158338,standard,dg,82.88042636259412,77.00534759358288
vp_158338,standard,dg_c,87.15334799987605,82.2192513368984
vp_158338,standard,sg,96.18566603662504,81.7379679144385
vp_158338,standard,sg_c,95.46679887212221,86.44385026737967
vp_158338,reduced_compute,baseline,8.663588758404858,19.572192513368982
vp_158338,reduced_compute,dg,8.691475846682986,6.042780748663102
vp_158338,reduced_compute,dg_c,67.04675735134633,79.41176470588235
vp_158338,reduced_compute,sg,94.37920242927524,91.81818181818183
vp_158338,reduced_compute,sg_c,86.54602918848573,90.16042780748663
vp_158338,missing_low_freq,baseline,8.663588758404858,12.754010695187166
vp_158338,missing_low_freq,dg,8.663588758404858,3.8770053475935833
vp_158338,missing_low_freq,dg_c,44.02441669507019,47.35294117647059
vp_158338,missing_low_freq,sg,90.05980231152975,61.63101604278075
vp_158338,missing_low_freq,sg_c,69.90673318253648,82.27272727272728
vp_569965,standard,baseline,84.81923542639682,46.2890625
vp_569965,standard,dg,88.6178861788618,73.7890625
vp_569965,standard,dg_c,90.09167964020067,76.6015625
vp_569965,standard,sg,97.86888081646774,86.1328125
vp_569965,standard,sg_c,95.46445251686559,70.78125
vp_569965,reduced_compute,baseline,5.313959522573949,19.921875
vp_569965,reduced_compute,dg,55.90728247708009,64.4140625
vp_569965,reduced_compute,dg_c,91.80418612696766,82.65625
vp_569965,reduced_compute,sg,98.26327624978377,89.609375
vp_569965,reduced_compute,sg_c,97.2184743124027,76.4453125
vp_569965,missing_low_freq,baseline,5.310499913509773,17.0703125
vp_569965,missing_low_freq,dg,5.307040304445597,41.5234375
vp_569965,missing_low_freq,dg_c,84.5528455284553,75.8203125
vp_569965,missing_low_freq,sg,5.5941878567721846,35.7421875
vp_569965,missing_low_freq,sg_c,81.95121951219512,85.0390625
vp_172029,standard,baseline,98.05745473752164,34.004602991944765
vp_172029,standard,dg,91.601866251944,87.74453394706559
vp_172029,standard,dg_c,92.69344757768714,87.91714614499425
vp_172029,standard,sg,97.90486810058981,65.07479861910241
vp_172029,standard,sg_c,85.26658646087033,47.6409666283084
vp_172029,reduced_compute,baseline,13.691716306229642,21.058688147295744
vp_172029,reduced_compute,dg,82.7283664426773,83.31415420023015
vp_172029,reduced_compute,dg_c,94.4863405616362,92.63521288837745
vp_172029,reduced_compute,sg,97.06270723906218,78.25086306098964
vp_172029,reduced_compute,sg_c,86.15863141524106,61.85270425776754
vp_172029,missing_low_freq,baseline,13.580210686933302,16.28308400460299
vp_172029,missing_low_freq,dg,80.18427770767921,72.38204833141542
vp_172029,missing_low_freq,dg_c,97.1301974823205,94.70655926352129
vp_172029,missing_low_freq,sg,96.59320989465652,80.60989643268124
vp_172029,missing_low_freq,sg_c,45.40626192083101,54.83314154200231
vp_177645,standard,baseline,96.45544342616695,46.85825621042377
vp_177645,standard,dg,86.35666654780158,75.98636142230882
vp_177645,standard,dg_c,93.14623970331277,70.96931320019483
vp_177645,standard,sg,96.18443105231252,86.4101315148563
vp_177645,standard,sg_c,93.27461398566487,60.204578665367755
vp_177645,reduced_compute,baseline,5.555753664015976,18.655625913297612
vp_177645,reduced_compute,dg,79.80601219555682,78.22698490014612
vp_177645,reduced_compute,dg_c,92.80747423599472,82.22113979542134
vp_177645,reduced_compute,sg,96.48753699675498,75.79152459814905
vp_177645,reduced_compute,sg_c,95.80287415754377,72.82026302971262
vp_177645,missing_low_freq,baseline,5.5521877117284175,15.002435460301996
vp_177645,missing_low_freq,dg,5.577149377741326,35.411592791037506
vp_177645,missing_low_freq,dg_c,87.83653674713833,75.01217730150998
vp_177645,missing_low_freq,sg,5.81250222872018,26.838772528007794
vp_177645,missing_low_freq,sg_c,76.91759084263452,84.21821724305893
vp_930449,standard,baseline,98.25320760550316,26.14445574771109
vp_930449,standard,dg,84.6189519245633,75.89013224821973
vp_930449,standard,dg_c,87.95408873087031,83.82502543234995
vp_930449,standard,sg,86.19570258154275,68.8708036622584
vp_930449,standard,sg_c,91.29309012212087,40.79348931841302
vp_930449,reduced_compute,baseline,83.47503478126448,55.03560528992879
vp_930449,reduced_compute,dg,76.8356778481991,29.50152594099695
vp_930449,reduced_compute,dg_c,95.68325861802442,67.54832146490337
vp_930449,reduced_compute,sg,82.648013603339,67.03967446592065
vp_930449,reduced_compute,sg_c,95.79533158138815,61.444557477110884
vp_930449,missing_low_freq,baseline,4.482918534549389,20.54933875890132
vp_930449,missing_low_freq,dg,90.7520482300201,74.16073245167854
vp_930449,missing_low_freq,dg_c,92.27855928273303,84.13021363173957
vp_930449,missing_low_freq,sg,81.18720049466688,52.08545269582909
vp_930449,missing_low_freq,sg_c,94.42726851136189,57.98575788402849
vp_859671,standard,baseline,94.89536475650303,65.72545612510861
vp_859671,standard,dg,94.27342069235283,75.28236316246742
vp_859671,standard,dg_c,95.38431449247018,74.89139878366638
vp_859671,standard,sg,97.94641110893801,87.74978279756733
vp_859671,standard,sg_c,96.99589282221788,75.80364900086882
vp_859671,reduced_compute,baseline,4.255818501858009,19.895742832319723
vp_859671,reduced_compute,dg,59.468022687267755,42.615117289313645
vp_859671,reduced_compute,dg_c,72.544494425973,51.08601216333623
vp_859671,reduced_compute,sg,75.38040289458243,81.4509122502172
vp_859671,reduced_compute,sg_c,96.84725210248386,82.23284100781929
vp_859671,missing_low_freq,baseline,4.158028554664581,15.24761077324066
vp_859671,missing_low_freq,dg,67.30295325640525,45.56907037358818
vp_859671,missing_low_freq,dg_c,66.39937414433797,45.69939183318853
vp_859671,missing_low_freq,sg,4.377078036377861,24.37011294526499
vp_859671,missing_low_freq,sg_c,95.09876784666537,90.57341442224153
vp_137027,standard,baseline,6.321525885558583,18.702983138780805
vp_137027,standard,dg,83.716621253406,78.72892347600519
vp_137027,standard,dg_c,90.12534059945504,89.72762645914398
vp_137027,standard,sg,97.16257947320618,90.63553826199741
vp_137027,standard,sg_c,94.12897366030882,87.75616083009079
vp_137027,reduced_compute,baseline,6.252497729336966,17.43190661478599
vp_137027,reduced_compute,dg,6.252497729336966,16.420233463035018
vp_137027,reduced_compute,dg_c,55.27338782924613,69.77950713359273
vp_137027,reduced_compute,sg,93.07538601271571,90.55771725032426
vp_137027,reduced_compute,sg_c,92.30881017257039,92.8923476005188
vp_137027,missing_low_freq,baseline,6.252497729336966,13.047989623865112
vp_137027,missing_low_freq,dg,6.252497729336966,22.77561608300908
vp_137027,missing_low_freq,dg_c,54.85921889191644,49.07911802853437
vp_137027,missing_low_freq,sg,6.259763851044505,22.490272373540858
vp_137027,missing_low_freq,sg_c,93.61671207992734,94.76005188067444
vp_162026,standard,baseline,11.844197138314785,20.284296028880867
vp_162026,standard,dg,83.09726839138604,77.86552346570397
vp_162026,standard,dg_c,84.80994363347305,82.80685920577618
vp_162026,standard,sg,84.53533747651394,88.42509025270758
vp_162026,standard,sg_c,94.6524064171123,91.89981949458483
vp_162026,reduced_compute,baseline,9.062003179650238,15.500902527075814
vp_162026,reduced_compute,dg,9.181240063593005,17.937725631768952
vp_162026,reduced_compute,dg_c,35.669894493423904,59.95036101083032
vp_162026,reduced_compute,sg,69.22604422604422,86.84566787003611
vp_162026,reduced_compute,sg_c,95.32446885388062,90.29783393501805
vp_162026,missing_low_freq,baseline,9.372741725682902,10.762635379061372
vp_162026,missing_low_freq,dg,9.011417834947247,10.604693140794224
vp_162026,missing_low_freq,dg_c,50.24208700679289,46.77346570397112
vp_162026,missing_low_freq,sg,9.01864431276196,33.731949458483754
vp_162026,missing_low_freq,sg_c,95.30640265934383,89.28249097472924
vp_176441,standard,baseline,92.62803842019488,52.511244377811096
vp_176441,standard,dg,81.26842123513298,62.81859070464768
vp_176441,standard,dg_c,90.85613232081556,69.34032983508246
vp_176441,standard,sg,97.34040708762438,90.1799100449775
vp_176441,standard,sg_c,96.23773362460557,81.14692653673163
vp_176441,reduced_compute,baseline,8.84219286383023,17.166416791604195
vp_176441,reduced_compute,dg,82.29827663927321,86.46926536731634
vp_176441,reduced_compute,dg_c,86.76098339054752,81.85907046476761
vp_176441,reduced_compute,sg,96.83761572870073,92.24137931034483
vp_176441,reduced_compute,sg_c,95.89444848989216,83.50824587706147
vp_176441,missing_low_freq,baseline,8.84219286383023,11.056971514242878
vp_176441,missing_low_freq,dg,58.85779673358993,60.64467766116941
vp_176441,missing_low_freq,dg_c,65.72349942785812,60.6071964017991
vp_176441,missing_low_freq,sg,89.15704428031486,86.0944527736132
vp_176441,missing_low_freq,sg_c,81.16786296334824,92.87856071964018
vp_182032,standard,baseline,93.09720694183198,49.136390708755215
vp_182032,standard,dg,93.14689285587536,76.77188802858844
vp_182032,standard,dg_c,94.21868900166803,77.30792138177488
vp_182032,standard,sg,98.59814742520496,83.38296605122096
vp_182032,standard,sg_c,95.68797245980764,65.51518761167362
vp_182032,reduced_compute,baseline,14.746069489299785,39.84514592019059
vp_182032,reduced_compute,dg,88.4941619050999,78.26086956521739
vp_182032,reduced_compute,dg_c,94.8717038719523,81.00059559261466
vp_182032,reduced_compute,sg,98.6016964190652,85.22930315664085
vp_182032,reduced_compute,sg_c,98.32487489796642,73.8534842167957
vp_182032,missing_low_freq,baseline,7.399652198601696,23.764145324597973
vp_182032,missing_low_freq,dg,87.63530539092167,71.70935080405003
vp_182032,missing_low_freq,dg_c,96.57876991872804,69.80345443716499
vp_182032,missing_low_freq,sg,96.05351882741243,80.82191780821918
vp_182032,missing_low_freq,sg_c,96.42971217659793,71.88802858844551
vp_188549,standard,baseline,33.84856070087609,17.661431064572426
vp_188549,standard,dg,82.66583229036296,59.12739965095986
vp_188549,standard,dg_c,89.12077596996245,65.34031413612566
vp_188549,standard,sg,97.03379224030037,82.37347294938918
vp_188549,standard,sg_c,92.18397997496871,82.47818499127399
vp_188549,reduced_compute,baseline,8.939299123904881,24.677137870855148
vp_188549,reduced_compute,dg,37.95056320400501,8.62129144851658
vp_188549,reduced_compute,dg_c,77.90362953692114,67.57417102966842
vp_188549,reduced_compute,sg,96.17021276595744,91.97207678883072
vp_188549,reduced_compute,sg_c,80.7822277847309,83.7696335078534
vp_188549,missing_low_freq,baseline,8.923654568210262,14.624781849912742
vp_188549,missing_low_freq,dg,8.923654568210262,12.32111692844677
vp_188549,missing_low_freq,dg_c,62.86608260325407,54.659685863874344
vp_188549,missing_low_freq,sg,91.7177722152691,84.39790575916231
vp_188549,missing_low_freq,sg_c,62.91301627033792,87.5043630017452
vp_911849,standard,baseline,92.59876414635839,70.01669449081803
vp_911849,standard,dg,94.05332222453654,81.8363939899833
vp_911849,standard,dg_c,95.89668818996043,84.84140233722871
vp_911849,standard,sg,98.3093799902798,90.81803005008348
vp_911849,standard,sg_c,93.99430674165104,89.14858096828047
vp_911849,reduced_compute,baseline,8.456571547594251,21.402337228714526
vp_911849,reduced_compute,dg,31.000486009859056,10.984974958263773
vp_911849,reduced_compute,dg_c,83.63535374574741,63.90651085141903
vp_911849,reduced_compute,sg,88.1274734430327,89.74958263772955
vp_911849,reduced_compute,sg_c,95.84114420606818,87.47913188647746
vp_911849,missing_low_freq,baseline,8.456571547594251,16.56093489148581
vp_911849,missing_low_freq,dg,8.456571547594251,20.5008347245409
vp_911849,missing_low_freq,dg_c,63.64646254252586,57.52921535893155
vp_911849,missing_low_freq,sg,87.75255155176005,89.91652754590986
vp_911849,missing_low_freq,sg_c,88.45032284940638,88.18030050083473
vp_180129,standard,baseline,7.544810337640683,16.4317273301073
vp_180129,standard,dg,56.26586835423851,77.52998106459079
vp_180129,standard,dg_c,61.20353177460306,83.16852514201557
vp_180129,standard,sg,90.24214634885747,91.01620029455081
vp_180129,standard,sg_c,85.82742809503961,88.51251840942562
vp_180129,reduced_compute,baseline,7.590283830383872,17.083946980854197
vp_180129,reduced_compute,dg,7.211338057523968,20.134651798863874
vp_180129,reduced_compute,dg_c,26.821781803023985,51.33599831685252
vp_180129,reduced_compute,sg,56.258289438781304,83.25268251630548
vp_180129,reduced_compute,sg_c,89.19625601576413,92.06816747317484
vp_180129,missing_low_freq,baseline,7.8555458713858055,12.350094677046076
vp_180129,missing_low_freq,dg,7.196180226609572,30.00210393435725
vp_180129,missing_low_freq,dg_c,42.38508469438023,47.19124763307384
vp_180129,missing_low_freq,sg,7.703967562241844,28.823900694298338
vp_180129,missing_low_freq,sg_c,89.96172647694115,91.28971176099306
vp_923755,standard,baseline,8.260247001968857,18.051384718051384
vp_923755,standard,dg,91.06556888013841,70.10343677010343
vp_923755,standard,dg_c,91.56374917964321,67.80113446780113
vp_923755,standard,sg,96.94827277608734,73.90724057390725
vp_923755,standard,sg_c,89.68736948869399,70.6373039706373
vp_923755,reduced_compute,baseline,7.782948511425333,21.988655321988656
vp_923755,reduced_compute,dg,7.803830320386612,5.105105105105105
vp_923755,reduced_compute,dg_c,90.50176003818387,79.47947947947948
vp_923755,reduced_compute,sg,97.77459578784082,89.12245578912245
vp_923755,reduced_compute,sg_c,82.33697273432374,78.51184517851183
vp_923755,missing_low_freq,baseline,7.782948511425333,15.849182515849183
vp_923755,missing_low_freq,dg,7.78593162699123,5.772439105772439
vp_923755,missing_low_freq,dg_c,68.0359167114134,56.923590256923596
vp_923755,missing_low_freq,sg,95.97279398603902,85.88588588588588
vp_923755,missing_low_freq,sg_c,76.98824652467037,75.24190857524191
vp_720337,standard,baseline,87.22554220103405,77.6046304541407
vp_720337,standard,dg,94.48062848318001,88.91362422083704
vp_720337,standard,dg_c,96.26670247767407,95.013357079252
vp_720337,standard,sg,98.53286779023702,91.71861086375779
vp_720337,standard,sg_c,95.3065198415363,77.56010685663401
vp_720337,reduced_compute,baseline,6.2109715973947495,18.432769367764916
vp_720337,reduced_compute,dg,81.54502115087625,89.84861976847729
vp_720337,reduced_compute,dg_c,89.47492110387431,96.30454140694567
vp_720337,reduced_compute,sg,97.97220170549923,95.94835262689226
vp_720337,reduced_compute,sg_c,96.03840730544552,86.99910952804987
vp_720337,missing_low_freq,baseline,5.818169609883838,13.357079252003562
vp_720337,missing_low_freq,dg,80.43711810917881,73.2413178984862
vp_720337,missing_low_freq,dg_c,95.54488685959846,86.9100623330365
vp_720337,missing_low_freq,sg,34.398710803733294,36.19768477292965
vp_720337,missing_low_freq,sg_c,94.5410595581817,82.10151380231522
vp_189450,standard,baseline,4.781102362204724,22.814844859054958
vp_189450,standard,dg,45.99685039370079,44.919894544717096
vp_189450,standard,dg_c,65.05511811023622,68.54593388764957
vp_189450,standard,sg,94.6488188976378,79.47677955789901
vp_189450,standard,sg_c,95.64409448818898,83.8775096329345
vp_189450,reduced_compute,baseline,4.702362204724409,17.825998783208274
vp_189450,reduced_compute,dg,4.7622047244094485,0.4055972419387548
vp_189450,reduced_compute,dg_c,43.587401574803145,53.80247414317583
vp_189450,reduced_compute,sg,91.20314960629922,86.79780977489354
vp_189450,reduced_compute,sg_c,84.95433070866142,87.20340701683229
vp_189450,missing_low_freq,baseline,4.702362204724409,12.350436017035085
vp_189450,missing_low_freq,dg,4.74015748031496,2.6363820726019065
vp_189450,missing_low_freq,dg_c,23.058267716535433,14.520381261407422
vp_189450,missing_low_freq,sg,4.702362204724409,6.1853579395660105
vp_189450,missing_low_freq,sg_c,82.25196850393701,91.46217805718922
vp_680452,standard,baseline,93.5598874860993,60.44847328244275
vp_680452,standard,dg,86.99221560803298,76.62213740458014
vp_680452,standard,dg_c,88.17622816772422,79.34160305343512
vp_680452,standard,sg,95.46019493687446,85.40076335877863
vp_680452,standard,sg_c,90.27278079413881,72.47137404580153
vp_680452,reduced_compute,baseline,8.08857198927193,28.530534351145036
vp_680452,reduced_compute,dg,84.1728265846798,75.23854961832062
vp_680452,reduced_compute,dg_c,95.44384117223785,83.58778625954199
vp_680452,reduced_compute,sg,98.46928763001243,87.11832061068702
vp_680452,reduced_compute,sg_c,93.56642899195394,78.95992366412213
vp_680452,missing_low_freq,baseline,8.068947471707986,23.85496183206107
vp_680452,missing_low_freq,dg,83.3093478118663,58.87404580152672
vp_680452,missing_low_freq,dg_c,85.01341008700203,71.46946564885496
vp_680452,missing_low_freq,sg,94.95322823313927,81.44083969465649
vp_680452,missing_low_freq,sg_c,75.88800941976844,81.44083969465649
vp_133827,standard,baseline,5.153421245889077,12.437095614665708
vp_133827,standard,dg,42.989878348606275,23.076923076923077
vp_133827,standard,dg_c,42.86216034994732,44.64414090582315
vp_133827,standard,sg,91.53548963887735,51.905104241552834
vp_133827,standard,sg_c,97.83198697276414,87.05966930265996
vp_133827,reduced_compute,baseline,5.153421245889077,1.8931224538701175
vp_133827,reduced_compute,dg,5.50464574220122,6.877546129882578
vp_133827,reduced_compute,dg_c,35.12883553114723,13.443565780014378
vp_133827,reduced_compute,sg,70.77812190682971,32.06326383896477
vp_133827,reduced_compute,sg_c,82.08116478814776,79.0079079798706
vp_133827,missing_low_freq,baseline,5.153421245889077,2.779774742391565
vp_133827,missing_low_freq,dg,5.7856253392509345,4.720824346992571
vp_133827,missing_low_freq,dg_c,32.7724384558894,9.801102324466811
vp_133827,missing_low_freq,sg,87.35591813276285,43.781452192667146
vp_133827,missing_low_freq,sg_c,0.0,37.886412652767795
vp_381543,standard,baseline,92.40106822044186,51.03719599427754
vp_381543,standard,dg,88.5859952138175,60.550786838340485
vp_381543,standard,dg_c,87.65650469947629,58.22603719599427
vp_381543,standard,sg,93.44847917316963,79.00572246065808
vp_381543,standard,sg_c,86.32816564353345,82.18884120171673
vp_381543,reduced_compute,baseline,6.232441993549059,21.065808297567955
vp_381543,reduced_compute,dg,73.89102764193805,62.625178826895564
vp_381543,reduced_compute,dg_c,79.41594700516768,59.65665236051502
vp_381543,reduced_compute,sg,88.61720944750806,76.82403433476395
vp_381543,reduced_compute,sg_c,92.1201401172268,74.92846924177397
vp_381543,missing_low_freq,baseline,6.232441993549059,16.02288984263233
vp_381543,missing_low_freq,dg,6.232441993549059,28.6480686695279
vp_381543,missing_low_freq,dg_c,65.98342177366212,50.500715307582254
vp_381543,missing_low_freq,sg,6.381576665626191,31.330472103004293
vp_381543,missing_low_freq,sg_c,83.22061526722852,75.03576537911302
vp_286347,standard,baseline,79.1103299080584,59.57446808510638
vp_286347,standard,dg,83.61614386154677,60.33721397029306
vp_286347,standard,dg_c,87.86168199026501,60.6985146527499
vp_286347,standard,sg,94.64575446187128,82.05539943797672
vp_286347,standard,sg_c,93.00297458085451,80.73063026896828
vp_286347,reduced_compute,baseline,8.808815575987019,31.83460457647531
vp_286347,reduced_compute,dg,74.43212547322877,43.83781613809715
vp_286347,reduced_compute,dg_c,81.82463493780422,57.2059413890004
vp_286347,reduced_compute,sg,83.59586262844782,78.84383781613809
vp_286347,reduced_compute,sg_c,90.54556517036237,79.36571657968688
vp_286347,missing_low_freq,baseline,8.808815575987019,25.130469690887193
vp_286347,missing_low_freq,dg,8.812195781503515,40.18466479325572
vp_286347,missing_low_freq,dg_c,81.64210383991347,51.94700923323966
vp_286347,missing_low_freq,sg,85.10681449432126,77.11762344439984
vp_286347,missing_low_freq,sg_c,87.3580313683072,80.32918506623847
vp_190132,standard,baseline,6.379310344827586,23.477473398234096
vp_190132,standard,dg,66.28760088041086,75.82069277790356
vp_190132,standard,dg_c,79.53411592076303,78.53746887027394
vp_190132,standard,sg,91.91856199559794,87.48019017432647
vp_190132,standard,sg_c,96.88187820983126,89.26873443513698
vp_190132,reduced_compute,baseline,6.570066030814379,20.353180892008147
vp_190132,reduced_compute,dg,6.749816581071166,15.576182929590221
vp_190132,reduced_compute,dg_c,36.738811445341156,60.629386461399136
vp_190132,reduced_compute,sg,60.02934702861336,87.48019017432647
vp_190132,reduced_compute,sg_c,90.2971386647102,90.60448268055241
vp_190132,missing_low_freq,baseline,6.848862802641233,15.485623726511207
vp_190132,missing_low_freq,dg,6.2802641232575205,27.190400724473623
vp_190132,missing_low_freq,dg_c,45.41452677916361,46.887027394158935
vp_190132,missing_low_freq,sg,6.595744680851063,29.522300203758206
vp_190132,missing_low_freq,sg_c,92.79897285399854,90.03848766130858
vp_172534,standard,baseline,95.64805723102819,64.65079984393289
vp_172534,standard,dg,95.13957076728855,78.22863831447523
vp_172534,standard,dg_c,94.96423060737833,82.32539992196645
vp_172534,standard,sg,98.77261888062841,88.17791650409677
vp_172534,standard,sg_c,97.63641464441015,75.26336324619587
vp_172534,reduced_compute,baseline,5.751157245055408,21.186110027311745
vp_172534,reduced_compute,dg,79.98667414784683,92.93796332422943
vp_172534,reduced_compute,dg_c,89.4445223734044,94.30355052672648
vp_172534,reduced_compute,sg,98.03268340580726,91.80647678501755
vp_172534,reduced_compute,sg_c,97.31378875017535,79.08700741318768
vp_172534,missing_low_freq,baseline,5.754664048253612,13.538821693328131
vp_172534,missing_low_freq,dg,94.11909103661102,88.02184939523995
vp_172534,missing_low_freq,dg_c,83.60218824519568,88.21693328131096
vp_172534,missing_low_freq,sg,5.933511011362042,46.234880998829496
vp_172534,missing_low_freq,sg_c,95.87599943891149,80.37456106125634
vp_257845,standard,baseline,17.781038449995,22.385620915032682
vp_257845,standard,dg,94.91112815553406,91.53050108932462
vp_257845,standard,dg_c,92.5000833694601,91.50326797385621
vp_257845,standard,sg,93.23373461833461,78.67647058823529
vp_257845,standard,sg_c,94.61099809917631,77.77777777777779
vp_257845,reduced_compute,baseline,14.392903591556342,18.681917211328976
vp_257845,reduced_compute,dg,64.63134024744056,62.71786492374728
vp_257845,reduced_compute,dg_c,84.72004535298629,91.06753812636165
vp_257845,reduced_compute,sg,96.19835261946844,91.12200435729847
vp_257845,reduced_compute,sg_c,92.22329676193017,83.74183006535948
vp_257845,missing_low_freq,baseline,14.41958181878814,14.4880174291939
vp_257845,missing_low_freq,dg,14.35955580751659,30.09259259259259
vp_257845,missing_low_freq,dg_c,77.8870844032414,68.27342047930284
vp_257845,missing_low_freq,sg,14.406242705172243,52.09694989106753
vp_257845,missing_low_freq,sg_c,76.3230733317771,87.99019607843137
vp_214019,standard,baseline,76.60642570281124,49.35849056603774
vp_214019,standard,dg,94.07630522088354,80.64150943396227
vp_214019,standard,dg_c,95.24765729585006,81.84905660377359
vp_214019,standard,sg,96.83920868659824,91.09433962264151
vp_214019,standard,sg_c,95.455897664733,80.33962264150944
vp_214019,reduced_compute,baseline,9.523278298378699,28.000000000000004
vp_214019,reduced_compute,dg,68.10575635876842,49.13207547169811
vp_214019,reduced_compute,dg_c,60.7875948237394,68.0754716981132
vp_214019,reduced_compute,sg,70.50052060092221,84.67924528301887
vp_214019,reduced_compute,sg_c,94.65268481332738,86.86792452830188
vp_214019,missing_low_freq,baseline,10.910307898259704,24.60377358490566
vp_214019,missing_low_freq,dg,80.44399821508256,60.79245283018868
vp_214019,missing_low_freq,dg_c,86.88085676037484,68.83018867924528
vp_214019,missing_low_freq,sg,9.482373940205266,33.58490566037736
vp_214019,missing_low_freq,sg_c,96.6867469879518,93.69811320754718
vp_153934,standard,baseline,7.40528494110156,14.023285899094438
vp_153934,standard,dg,82.29544730977396,79.97412677878395
vp_153934,standard,dg_c,86.39286851321235,83.57050452781371
vp_153934,standard,sg,88.63100923272843,73.73868046571799
vp_153934,standard,sg_c,95.35816618911174,81.70763260025873
vp_153934,reduced_compute,baseline,7.382999044890163,14.851228978007763
vp_153934,reduced_compute,dg,7.386182744348933,2.250970245795602
vp_153934,reduced_compute,dg_c,53.600764087870104,52.082794307891334
vp_153934,reduced_compute,sg,85.48233046800382,59.06856403622251
vp_153934,reduced_compute,sg_c,80.51575931232091,90.97024579560156
vp_153934,missing_low_freq,baseline,7.382999044890163,10.944372574385511
vp_153934,missing_low_freq,dg,7.382999044890163,39.611901681759385
vp_153934,missing_low_freq,dg_c,67.30659025787966,60.80206985769728
vp_153934,missing_low_freq,sg,12.897166507481694,28.69340232858991
vp_153934,missing_low_freq,sg_c,79.89175421840177,91.04786545924968
vp_108121,standard,baseline,21.9551547244746,57.36131934032983
vp_108121,standard,dg,72.13304650008274,62.368815592203894
vp_108121,standard,dg_c,86.61260963097799,60.71964017991005
vp_108121,standard,sg,91.10541121959291,82.87856071964018
vp_108121,standard,sg_c,96.75244084064207,87.976011994003
vp_108121,reduced_compute,baseline,5.597385404600364,25.63718140929535
vp_108121,reduced_compute,dg,6.251034254509349,15.922038980509745
vp_108121,reduced_compute,dg_c,15.873738209498594,38.800599700149924
vp_108121,reduced_compute,sg,66.73837497931491,66.53673163418291
vp_108121,reduced_compute,sg_c,55.10508025814993,78.53073463268366
vp_108121,missing_low_freq,baseline,5.597385404600364,19.16041979010495
vp_108121,missing_low_freq,dg,5.605659440675161,30.67466266866567
vp_108121,missing_low_freq,dg_c,48.09697170279662,34.57271364317841
vp_108121,missing_low_freq,sg,5.680125765348337,21.43928035982009
vp_108121,missing_low_freq,sg_c,92.33410557670031,80.8695652173913
vp_161731,standard,baseline,41.55581811944963,30.31624863685932
vp_161731,standard,dg,81.67473415405725,61.66848418756816
vp_161731,standard,dg_c,93.4634295079468,68.020719738277
vp_161731,standard,sg,92.8917178031025,75.81788440567067
vp_161731,standard,sg_c,88.39425239166063,84.1330425299891
vp_161731,reduced_compute,baseline,5.320730266417654,15.866957470010906
vp_161731,reduced_compute,dg,30.960094523001867,46.91930207197383
vp_161731,reduced_compute,dg_c,50.51644624004269,53.68047982551799
vp_161731,reduced_compute,sg,89.30517970804588,71.18320610687023
vp_161731,reduced_compute,sg_c,91.66444334337005,75.70883315158125
vp_161731,missing_low_freq,baseline,5.320730266417654,11.913849509269356
vp_161731,missing_low_freq,dg,5.320730266417654,29.98909487459106
vp_161731,missing_low_freq,dg_c,48.99950451652247,50.57251908396947
vp_161731,missing_low_freq,sg,5.332164500514541,25.54525627044711
vp_161731,missing_low_freq,sg_c,84.87250828981972,77.97164667393675
vp_953764,standard,baseline,90.33236020660229,50.12422360248448
vp_953764,standard,dg,84.42622950819673,63.1055900621118
vp_953764,standard,dg_c,88.79407141253087,65.43478260869566
vp_953764,standard,sg,89.12718017815705,81.24223602484471
vp_953764,standard,sg_c,94.93974099857773,88.9751552795031
vp_953764,reduced_compute,baseline,5.157571674526537,15.714285714285714
vp_953764,reduced_compute,dg,38.479676622501685,54.37888198757764
vp_953764,reduced_compute,dg_c,66.08653342316042,59.59627329192546
vp_953764,reduced_compute,sg,79.39591286772962,79.8136645962733
vp_953764,reduced_compute,sg_c,89.97679467025975,80.99378881987577
vp_953764,missing_low_freq,baseline,5.157571674526537,11.645962732919255
vp_953764,missing_low_freq,dg,5.157571674526537,35.3416149068323
vp_953764,missing_low_freq,dg_c,47.18916086533424,55.12422360248447
vp_953764,missing_low_freq,sg,5.47196646455573,25.248447204968944
vp_953764,missing_low_freq,sg_c,90.65049779175088,88.2919254658385
vp_654754,standard,baseline,72.03406307112027,67.12816455696202
vp_654754,standard,dg,93.16794338375394,80.10284810126582
vp_654754,standard,dg_c,92.63133335925652,80.0632911392405
vp_654754,standard,sg,87.98460162538399,85.0870253164557
vp_654754,standard,sg_c,93.9884123342536,91.13924050632912
vp_654754,reduced_compute,baseline,6.353773768324454,38.449367088607595
vp_654754,reduced_compute,dg,67.56231286697515,35.561708860759495
vp_654754,reduced_compute,dg_c,60.28308123031457,59.49367088607595
vp_654754,reduced_compute,sg,69.7087529649648,81.60601265822784
vp_654754,reduced_compute,sg_c,91.99751137379944,83.97943037974683
vp_654754,missing_low_freq,baseline,6.345996811447681,29.03481012658228
vp_654754,missing_low_freq,dg,6.338219854570906,51.34493670886076
vp_654754,missing_low_freq,dg_c,82.98790683205661,55.26107594936709
vp_654754,missing_low_freq,sg,7.668079480499281,25.67246835443038
vp_654754,missing_low_freq,sg_c,93.73177275732006,89.55696202531645
vp_206525,standard,baseline,7.785189563455205,31.548599670510708
vp_206525,standard,dg,70.9167159222044,61.72432729269632
vp_206525,standard,dg_c,84.16786287258297,80.20318506315212
vp_206525,standard,sg,78.77508514171522,77.34761120263592
vp_206525,standard,sg_c,84.69137887359621,84.81603514552444
vp_206525,reduced_compute,baseline,7.726082918179515,11.641954969796815
vp_206525,reduced_compute,dg,7.923105069098484,0.6864360241625481
vp_206525,reduced_compute,dg_c,62.23085366883391,30.230642504118617
vp_206525,reduced_compute,sg,76.0702524698134,15.815485996705107
vp_206525,reduced_compute,sg_c,70.19899237242817,86.24382207578253
vp_206525,missing_low_freq,baseline,7.726082918179515,10.461285008237233
vp_206525,missing_low_freq,dg,7.737341326803457,2.2515101592531575
vp_206525,missing_low_freq,dg_c,42.55115539418503,27.924217462932454
vp_206525,missing_low_freq,sg,83.3797742689071,13.316858868753432
vp_206525,missing_low_freq,sg_c,67.40690703369079,81.74080175727623
vp_146331,standard,baseline,8.900802250864986,27.520508070918233
vp_146331,standard,dg,81.24025702444774,86.23974596454089
vp_146331,standard,dg_c,83.2021596137029,85.68404339772427
vp_146331,standard,sg,85.46823314702863,89.04472082561524
vp_146331,standard,sg_c,96.27770807193643,92.19370203757607
vp_146331,reduced_compute,baseline,6.13284665982282,18.152950516009525
vp_146331,reduced_compute,dg,6.148055207026349,30.00793860809738
vp_146331,reduced_compute,dg_c,41.10490095433634,69.25112463614713
vp_146331,reduced_compute,sg,90.38819816737006,91.32045514686425
vp_146331,reduced_compute,sg_c,86.49861222006768,94.07250595395608
vp_146331,missing_low_freq,baseline,7.227862058476864,13.151627414659965
vp_146331,missing_low_freq,dg,6.102429565415764,35.96189468113257
vp_146331,missing_low_freq,dg_c,57.746853731797266,57.184440328129135
vp_146331,missing_low_freq,sg,6.231702216645755,33.077533739084416
vp_146331,missing_low_freq,sg_c,94.71502984677389,91.29399311987298
vp_175439,standard,baseline,91.72632933794546,58.39233652644731
vp_175439,standard,dg,91.90330625050277,89.08788004997918
vp_175439,standard,dg_c,92.55088086236023,90.83715118700542
vp_175439,standard,sg,79.31783444614271,80.2582257392753
vp_175439,standard,sg_c,91.93950607352586,75.17700957934194
vp_175439,reduced_compute,baseline,8.816668007400853,20.408163265306122
vp_175439,reduced_compute,dg,23.183975545008447,39.150354019158684
vp_175439,reduced_compute,dg_c,62.39642828412839,70.0124947938359
vp_175439,reduced_compute,sg,60.82374708390314,81.0079133694294
vp_175439,reduced_compute,sg_c,85.47984876518382,83.46522282382341
vp_175439,missing_low_freq,baseline,8.816668007400853,13.619325281132861
vp_175439,missing_low_freq,dg,46.979325878851256,60.932944606414
vp_175439,missing_low_freq,dg_c,76.12018341243665,55.72678050812162
vp_175439,missing_low_freq,sg,8.824712412517094,17.950853810912122
vp_175439,missing_low_freq,sg_c,87.49899444936047,81.59100374843815
vp_167036,standard,baseline,97.93241838965135,47.451790633608816
vp_167036,standard,dg,89.71584190346508,78.03030303030303
vp_167036,standard,dg_c,94.72175439853801,70.86776859504133
vp_167036,standard,sg,96.84666929444225,84.15977961432507
vp_167036,standard,sg_c,92.44633962805031,65.22038567493112
vp_167036,reduced_compute,baseline,12.577489518758734,29.75206611570248
vp_167036,reduced_compute,dg,88.94542587881176,79.47658402203857
vp_167036,reduced_compute,dg_c,95.80392016339987,80.9228650137741
vp_167036,reduced_compute,sg,97.07958576701185,89.94490358126723
vp_167036,reduced_compute,sg_c,95.24492062923281,72.65840220385675
vp_167036,missing_low_freq,baseline,7.116494069588275,16.804407713498623
vp_167036,missing_low_freq,dg,95.2735872720106,77.34159779614325
vp_167036,missing_low_freq,dg_c,90.38234134804888,76.37741046831957
vp_167036,missing_low_freq,sg,96.47758626867811,87.53443526170798
vp_167036,missing_low_freq,sg_c,81.1050990790841,83.33333333333334
vp_175035,standard,baseline,11.379868934540903,28.02611752887996
vp_175035,standard,dg,84.41204624107208,84.1034655951783
vp_175035,standard,dg_c,84.97165157204918,85.0828729281768
vp_175035,standard,sg,85.9546425152787,79.4826720241085
vp_175035,standard,sg_c,92.48214417200501,80.41185334003013
vp_175035,reduced_compute,baseline,7.274869302702306,22.50125565042692
vp_175035,reduced_compute,dg,7.274869302702306,7.383224510296333
vp_175035,reduced_compute,dg_c,31.584566674029897,49.447513812154696
vp_175035,reduced_compute,sg,88.40291583830351,86.2882973380211
vp_175035,reduced_compute,sg_c,82.2251675134379,83.47564038171772
vp_175035,missing_low_freq,baseline,7.274869302702306,16.926167754897037
vp_175035,missing_low_freq,dg,7.274869302702306,31.6926167754897
vp_175035,missing_low_freq,dg_c,56.80362270819528,48.21697639377198
vp_175035,missing_low_freq,sg,7.2785509167218905,25.51481667503767
vp_175035,missing_low_freq,sg_c,87.35365584272145,84.05323957810145
vp_679568,standard,baseline,92.44630696699842,61.598258706467654
vp_679568,standard,dg,94.63593504452594,78.3271144278607
vp_679568,standard,dg_c,95.51597695128339,80.53482587064677
vp_679568,standard,sg,98.20499388859787,88.68159203980099
vp_679568,standard,sg_c,97.61829928409288,82.6492537313433
vp_679568,reduced_compute,baseline,7.742273441592457,15.080845771144277
vp_679568,reduced_compute,dg,62.147721320062864,76.99004975124379
vp_679568,reduced_compute,dg_c,74.073686048542,80.13059701492537
vp_679568,reduced_compute,sg,96.29125196437926,89.6455223880597
vp_679568,reduced_compute,sg_c,96.30522088353413,83.79975124378109
vp_679568,missing_low_freq,baseline,7.742273441592457,10.634328358208956
vp_679568,missing_low_freq,dg,75.85472324078924,59.85696517412935
vp_679568,missing_low_freq,dg_c,55.351842151213546,65.4228855721393
vp_679568,missing_low_freq,sg,7.812118037366858,35.9452736318408
vp_679568,missing_low_freq,sg_c,87.4384494499738,90.8271144278607
vp_104820,standard,baseline,7.283841508322286,25.743060673053304
vp_104820,standard,dg,82.65944910885256,74.57627118644068
vp_104820,standard,dg_c,82.72573280306378,75.43601080815525
vp_104820,standard,sg,89.71498011489174,82.7069516089413
vp_104820,standard,sg_c,97.86419207541611,89.7322525178089
vp_104820,reduced_compute,baseline,7.2617469435852104,20.953082780643577
vp_104820,reduced_compute,dg,7.265429371041391,5.183001719479243
vp_104820,reduced_compute,dg_c,39.339372514361465,57.455170719724876
vp_104820,reduced_compute,sg,58.42171159228163,83.3701793171211
vp_104820,reduced_compute,sg_c,81.93032847252908,86.48980594448538
vp_104820,missing_low_freq,baseline,7.26911179849757,14.369933677229183
vp_104820,missing_low_freq,dg,7.2617469435852104,34.09481699828052
vp_104820,missing_low_freq,dg_c,27.04006481072323,46.5978874969295
vp_104820,missing_low_freq,sg,7.265429371041391,26.03782854335544
vp_104820,missing_low_freq,sg_c,96.23287671232876,89.53574060427414
vp_106319,standard,baseline,87.62974018044909,71.17780294450736
vp_106319,standard,dg,88.63035072247473,93.00679501698754
vp_106319,standard,dg_c,89.64792076521267,93.57304643261608
vp_106319,standard,sg,97.2152499830405,92.38391845979615
vp_106319,standard,sg_c,95.0376500915813,81.76670441676104
vp_106319,reduced_compute,baseline,13.414965063428532,17.18573046432616
vp_106319,reduced_compute,dg,62.67892273251475,60.47565118912798
vp_106319,reduced_compute,dg_c,77.8983786717319,90.40203850509626
vp_106319,reduced_compute,sg,94.70524387762023,94.67723669309174
vp_106319,reduced_compute,sg_c,92.39875178074757,88.42015855039638
vp_106319,missing_low_freq,baseline,13.479411166135268,13.023782559456398
vp_106319,missing_low_freq,dg,13.414965063428532,48.924122310305776
vp_106319,missing_low_freq,dg_c,63.19449155416864,77.83125707814268
vp_106319,missing_low_freq,sg,21.68441761074554,39.29784824462061
vp_106319,missing_low_freq,sg_c,90.04477308188046,93.03510758776898
vp_187850,standard,baseline,45.11576166307446,43.58816276202219
vp_187850,standard,dg,90.05423068900785,77.40443896424168
vp_187850,standard,dg_c,90.5617743169019,79.37731196054254
vp_187850,standard,sg,96.49238684558159,90.93711467324292
vp_187850,standard,sg_c,95.39386776055065,88.68680641183724
vp_187850,reduced_compute,baseline,9.702426475700479,18.649815043156597
vp_187850,reduced_compute,dg,43.794757700062576,66.06041923551172
vp_187850,reduced_compute,dg_c,80.68205520406036,82.33662145499383
vp_187850,reduced_compute,sg,94.77160536744769,91.09124537607892
vp_187850,reduced_compute,sg_c,95.28262532156018,90.44389642416769
vp_187850,missing_low_freq,baseline,10.296878259055829,15.073982737361282
vp_187850,missing_low_freq,dg,9.591184036710004,43.711467324291
vp_187850,missing_low_freq,dg_c,81.92310366404783,70.00616522811343
vp_187850,missing_low_freq,sg,9.765000347632622,41.36868064118372
vp_187850,missing_low_freq,sg_c,93.89209483417925,90.41307028360049
vp_170934,standard,baseline,98.41172314214617,61.59502262443439
vp_170934,standard,dg,95.39799084513533,74.09502262443439
vp_170934,standard,dg_c,96.01855549752696,74.03846153846155
vp_170934,standard,sg,97.94476360173266,70.5316742081448
vp_170934,standard,sg_c,92.86043439525668,67.53393665158372
vp_170934,reduced_compute,baseline,9.059629504469909,23.52941176470588
vp_170934,reduced_compute,dg,66.0870633774692,28.563348416289593
vp_170934,reduced_compute,dg_c,91.83435224724279,79.92081447963801
vp_170934,reduced_compute,sg,96.44557770882615,75.39592760180996
vp_170934,reduced_compute,sg_c,94.49786488894351,72.62443438914026
vp_170934,missing_low_freq,baseline,8.91524069921047,21.097285067873305
vp_170934,missing_low_freq,dg,69.60769254400786,11.595022624434389
vp_170934,missing_low_freq,dg_c,88.74688949648244,60.46380090497737
vp_170934,missing_low_freq,sg,97.50238087923566,77.88461538461539
vp_170934,missing_low_freq,sg_c,62.08718626155878,77.65837104072398
vp_143325,standard,baseline,9.325240422513007,19.702602230483272
vp_143325,standard,dg,77.42787324609806,85.71428571428571
vp_143325,standard,dg_c,82.10625886804351,86.48433351035581
vp_143325,standard,sg,81.13274475800094,86.45778013807754
vp_143325,standard,sg_c,97.67066057070787,94.18481147105683
vp_143325,reduced_compute,baseline,5.588838089232224,16.702071163037704
vp_143325,reduced_compute,dg,11.528456566293551,43.46787041954328
vp_143325,reduced_compute,dg_c,39.39381995900993,75.03983005841742
vp_143325,reduced_compute,sg,58.25319249566451,91.47636749867233
vp_143325,reduced_compute,sg_c,88.85385464291345,92.06054168879447
vp_143325,missing_low_freq,baseline,6.014504177833833,11.895910780669144
vp_143325,missing_low_freq,dg,4.938514898313101,30.96123207647371
vp_143325,missing_low_freq,dg_c,57.35850543906669,54.8858204992034
vp_143325,missing_low_freq,sg,4.627148037206369,27.05788635156665
vp_143325,missing_low_freq,sg_c,97.17799148667822,95.93733404142326
vp_153631,standard,baseline,93.58808516589168,58.584686774942
vp_153631,standard,dg,95.4655106107751,82.63727764887858
vp_153631,standard,dg_c,96.05985386148306,89.21113689095128
vp_153631,standard,sg,96.98633010523372,85.1508120649652
vp_153631,standard,sg_c,86.24619795126385,87.93503480278422
vp_153631,reduced_compute,baseline,5.856029087857917,22.08043310131477
vp_153631,reduced_compute,dg,67.62577352026011,66.39597834493426
vp_153631,reduced_compute,dg_c,86.77061846659441,81.399845320959
vp_153631,reduced_compute,sg,98.48617277907911,88.553750966744
vp_153631,reduced_compute,sg_c,94.09502499737789,77.10750193348801
vp_153631,missing_low_freq,baseline,5.167290144390448,17.942768754833722
vp_153631,missing_low_freq,dg,5.300143341607524,42.65274555297757
vp_153631,missing_low_freq,dg_c,94.90263259098695,73.85924207269915
vp_153631,missing_low_freq,sg,10.960388770408699,35.18948182521268
vp_153631,missing_low_freq,sg_c,81.44949830437366,89.90719257540604
vp_765056,standard,baseline,5.99151481854531,23.054873054873052
vp_765056,standard,dg,51.359765589231756,54.13595413595414
vp_765056,standard,dg_c,80.9266550682172,66.03194103194103
vp_765056,standard,sg,96.21829502792785,85.11466011466011
vp_765056,standard,sg_c,96.2793394988249,92.03521703521703
vp_765056,reduced_compute,baseline,4.999542166468272,6.654381654381654
vp_765056,reduced_compute,dg,13.80520709336752,0.3071253071253071
vp_765056,reduced_compute,dg_c,43.18591093611696,32.73955773955774
vp_765056,reduced_compute,sg,79.89195128651222,44.81981981981982
vp_765056,reduced_compute,sg_c,85.7247504807252,94.16461916461917
vp_765056,missing_low_freq,baseline,4.999542166468272,6.572481572481573
vp_765056,missing_low_freq,dg,6.006775936269572,7.145782145782145
vp_765056,missing_low_freq,dg_c,23.12364557580197,12.285012285012286
vp_765056,missing_low_freq,sg,5.356652321216006,0.12285012285012285
vp_765056,missing_low_freq,sg_c,76.3910508805665,90.82719082719083
vp_137532,standard,baseline,13.75677486145789,24.225927186117726
vp_137532,standard,dg,62.81895134279276,36.40694113644097
vp_137532,standard,dg_c,87.07143292125936,68.9690370874447
vp_137532,standard,sg,90.69179708909323,89.65634569581489
vp_137532,standard,sg_c,93.92850618110955,85.64137461721674
vp_137532,reduced_compute,baseline,13.720236282808598,1.9394351820347058
vp_137532,reduced_compute,dg,63.76895438767431,43.58625382783259
vp_137532,reduced_compute,dg_c,64.89251568114001,29.703980945899964
vp_137532,reduced_compute,sg,83.84994823701358,55.73324259952365
vp_137532,reduced_compute,sg_c,68.120090128494,90.84722694794148
vp_137532,missing_low_freq,baseline,13.720236282808598,1.9394351820347058
vp_137532,missing_low_freq,dg,13.762864624566104,4.661449472609731
vp_137532,missing_low_freq,dg_c,48.92820169295414,23.783599863899283
vp_137532,missing_low_freq,sg,82.82686803483344,58.965634569581496
vp_137532,missing_low_freq,sg_c,0.0,35.522286492004085
vp_204016,standard,baseline,6.6022488910285055,18.029835390946502
vp_204016,standard,dg,89.53268457068188,89.42901234567901
vp_204016,standard,dg_c,89.84216498744885,90.17489711934157
vp_204016,standard,sg,98.60389945325126,90.66358024691358
vp_204016,standard,sg_c,97.97806127712252,94.1358024691358
vp_204016,reduced_compute,baseline,5.491558061964857,14.891975308641975
vp_204016,reduced_compute,dg,5.532822117533785,25.102880658436217
vp_204016,reduced_compute,dg_c,68.69777517967057,80.8641975308642
vp_204016,reduced_compute,sg,81.73721673945188,89.50617283950618
vp_204016,reduced_compute,sg_c,93.33241635432069,91.10082304526749
vp_204016,missing_low_freq,baseline,5.491558061964857,10.51954732510288
vp_204016,missing_low_freq,dg,5.491558061964857,17.644032921810698
vp_204016,missing_low_freq,dg_c,61.48344279770297,51.105967078189295
vp_204016,missing_low_freq,sg,5.580963515697535,34.02777777777778
vp_204016,missing_low_freq,sg_c,95.82889171624085,88.6059670781893
vp_481951,standard,baseline,93.33896931910247,26.187335092348285
vp_481951,standard,dg,93.5608862587622,70.64643799472296
vp_481951,standard,dg_c,88.67519109514248,83.57519788918206
vp_481951,standard,sg,95.21997956955158,79.02374670184696
vp_481951,standard,sg_c,88.88301807037936,54.815303430079155
vp_481951,reduced_compute,baseline,4.160061995843461,21.306068601583114
vp_481951,reduced_compute,dg,92.87047800204304,90.30343007915567
vp_481951,reduced_compute,dg_c,95.72721828877381,89.77572559366754
vp_481951,reduced_compute,sg,98.17182711613654,90.03957783641161
vp_481951,reduced_compute,sg_c,94.84307302124063,68.60158311345647
vp_481951,missing_low_freq,baseline,3.9592800028179926,16.95250659630607
vp_481951,missing_low_freq,dg,93.82155060058473,81.39841688654353
vp_481951,missing_low_freq,dg_c,93.58906618760787,87.79683377308707
vp_481951,missing_low_freq,sg,10.208179224347457,40.43535620052771
vp_481951,missing_low_freq,sg_c,75.07837542710205,79.02374670184696
vp_584355,standard,baseline,6.029651057674923,12.260046071154338
vp_584355,standard,dg,51.09986138733201,39.87714358843102
vp_584355,standard,dg_c,65.77773760019285,53.87765549014589
vp_584355,standard,sg,82.39016452721027,45.96877399539289
vp_584355,standard,sg_c,94.26565419152655,86.22984386997696
vp_584355,reduced_compute,baseline,5.897065027421202,7.448169951369336
vp_584355,reduced_compute,dg,7.307298258301693,12.848733043255695
vp_584355,reduced_compute,dg_c,45.03405050322425,25.979012029690303
vp_584355,reduced_compute,sg,74.7815343819683,16.713590990529816
vp_584355,reduced_compute,sg_c,71.98818779003194,62.887125671871004
vp_584355,missing_low_freq,baseline,5.918158259507021,6.552341950345533
vp_584355,missing_low_freq,dg,6.195383595492075,9.111850524699259
vp_584355,missing_low_freq,dg_c,36.40390526125475,20.68082928077809
vp_584355,missing_low_freq,sg,83.32730669559453,27.64269260302022
vp_584355,missing_low_freq,sg_c,0.0,28.53852060404402
vp_660951,standard,baseline,25.96098126327989,34.87109905020353
vp_660951,standard,dg,86.97765758804971,61.39755766621439
vp_660951,standard,dg_c,87.80503509110811,66.38398914518318
vp_660951,standard,sg,94.34679029038698,78.49389416553596
vp_660951,standard,sg_c,90.96967355611358,76.11940298507463
vp_660951,reduced_compute,baseline,6.062069409567961,24.423337856173678
vp_660951,reduced_compute,dg,53.9211898783079,38.398914518317504
vp_660951,reduced_compute,dg_c,75.86761959951066,65.16282225237448
vp_660951,reduced_compute,sg,91.97411628356191,82.22523744911805
vp_660951,reduced_compute,sg_c,88.31047582254845,81.88602442333786
vp_660951,missing_low_freq,baseline,6.062069409567961,22.150610583446404
vp_660951,missing_low_freq,dg,6.065288777284141,19.708276797829036
vp_660951,missing_low_freq,dg_c,80.46487669821647,52.1370420624152
vp_660951,missing_low_freq,sg,88.25574657137338,77.88331071913161
vp_660951,missing_low_freq,sg_c,75.85474212864594,81.51289009497965
vp_376247,standard,baseline,93.199055523755,59.83017635532332
vp_376247,standard,dg,86.27647395535203,86.41410842586545
vp_376247,standard,dg_c,93.35646823125357,86.02220770738079
vp_376247,standard,sg,95.74270177447052,86.47942521227957
vp_376247,standard,sg_c,93.18116771608472,76.81254082299151
vp_376247,reduced_compute,baseline,22.002003434459073,24.755062050947092
vp_376247,reduced_compute,dg,87.85060103033773,63.81450032658393
vp_376247,reduced_compute,dg_c,89.87550085861477,74.72240365774005
vp_376247,reduced_compute,sg,92.6338008013738,92.42325277596343
vp_376247,reduced_compute,sg_c,94.64796794504865,86.21815806662312
vp_376247,missing_low_freq,baseline,4.124928448769319,13.912475506205094
vp_376247,missing_low_freq,dg,92.28677733257013,63.030698889614634
vp_376247,missing_low_freq,dg_c,94.50128792215227,62.83474853037231
vp_376247,missing_low_freq,sg,92.26888952489983,91.31286740692359
vp_376247,missing_low_freq,sg_c,74.10918717801947,89.54931417374266
vp_521331,standard,baseline,11.51512895902341,26.28719275549806
vp_521331,standard,dg,94.77464736313223,86.3130659767141
vp_521331,standard,dg_c,95.20637165506717,85.58861578266495
vp_521331,standard,sg,89.14362276229112,83.07891332470892
vp_521331,standard,sg_c,93.09985485131564,91.20310478654594
vp_521331,reduced_compute,baseline,9.434664483233467,19.84476067270375
vp_521331,reduced_compute,dg,8.132048085153896,32.70375161707633
vp_521331,reduced_compute,dg_c,55.063456027392164,67.45148771021992
vp_521331,reduced_compute,sg,65.69652759685883,85.53686934023285
vp_521331,reduced_compute,sg_c,88.46254047415238,88.35705045278137
vp_521331,missing_low_freq,baseline,10.573523391268749,16.06727037516171
vp_521331,missing_low_freq,dg,8.158100413115486,37.59379042690815
vp_521331,missing_low_freq,dg_c,59.43652536380215,49.96119016817594
vp_521331,missing_low_freq,sg,8.682868733484685,35.394566623544634
vp_521331,missing_low_freq,sg_c,85.99129107893856,91.20310478654594
vp_683256,standard,baseline,24.952978056426332,38.65946632782719
vp_683256,standard,dg,88.67293625914316,70.36213468869124
vp_683256,standard,dg_c,89.91640543364682,70.48919949174078
vp_683256,standard,sg,91.75896900034832,83.03684879288437
vp_683256,standard,sg_c,94.92163009404389,85.60991105463786
vp_683256,reduced_compute,baseline,6.9174503657262285,18.26556543837357
vp_683256,reduced_compute,dg,6.9174503657262285,25.76238881829733
vp_683256,reduced_compute,dg_c,71.96098920236851,58.67217280813215
vp_683256,reduced_compute,sg,84.92859630790666,83.03684879288437
vp_683256,reduced_compute,sg_c,92.51480320445837,87.03939008894537
vp_683256,missing_low_freq,baseline,6.9174503657262285,14.993646759847524
vp_683256,missing_low_freq,dg,6.9174503657262285,34.49809402795426
vp_683256,missing_low_freq,dg_c,78.17485196795542,54.447268106734434
vp_683256,missing_low_freq,sg,6.938349007314525,30.336721728081322
vp_683256,missing_low_freq,sg_c,82.37547892720306,89.64421855146124
vp_638049,standard,baseline,9.069791275236566,53.471158754466565
vp_638049,standard,dg,72.62323642947426,58.47371107708015
vp_638049,standard,dg_c,86.58149147678749,63.1955079122001
vp_638049,standard,sg,92.69975745567588,96.04389994895355
vp_638049,standard,sg_c,95.12861681412906,95.91628381827462
vp_638049,reduced_compute,baseline,8.868240358009087,17.17713118938234
vp_638049,reduced_compute,dg,9.565128275202404,0.7146503318019397
vp_638049,reduced_compute,dg_c,44.83995490725242,26.186830015313934
vp_638049,reduced_compute,sg,89.84388344207973,66.43695763144461
vp_638049,reduced_compute,sg_c,86.40726949748915,83.74170495150587
vp_638049,missing_low_freq,baseline,8.868240358009087,18.759571209800917
vp_638049,missing_low_freq,dg,8.92631435110853,0.0
vp_638049,missing_low_freq,dg_c,34.88197314931848,18.70852475752935
vp_638049,missing_low_freq,sg,8.957059406278823,16.564573762123533
vp_638049,missing_low_freq,sg_c,90.49636183513819,93.72128637059724
vp_126325,standard,baseline,93.20359503825298,65.20681265206812
vp_126325,standard,dg,91.59919780138156,79.25790754257908
vp_126325,standard,dg_c,90.60387729332244,78.80170316301704
vp_126325,standard,sg,85.11104508653347,80.83941605839416
vp_126325,standard,sg_c,95.51362994874843,81.11313868613139
vp_126325,reduced_compute,baseline,7.892000297110599,18.035279805352797
vp_126325,reduced_compute,dg,49.59518680828939,62.77372262773723
vp_126325,reduced_compute,dg_c,73.42345688182425,77.25060827250608
vp_126325,reduced_compute,sg,62.39322587833321,84.33698296836984
vp_126325,reduced_compute,sg_c,92.58337666196242,86.89172749391727
vp_126325,missing_low_freq,baseline,7.888286414617841,14.233576642335766
vp_126325,missing_low_freq,dg,55.00631360023769,44.373479318734795
vp_126325,missing_low_freq,dg_c,82.080516972443,58.05961070559611
vp_126325,missing_low_freq,sg,7.984847359429548,33.78953771289538
vp_126325,missing_low_freq,sg_c,93.05875362103542,91.48418491484185
vp_214524,standard,baseline,12.33046800382044,25.529981829194426
vp_214524,standard,dg,92.61063355619228,91.42943670502726
vp_214524,standard,dg_c,92.59471505889843,92.82253179890975
vp_214524,standard,sg,94.35530085959886,78.28588734100546
vp_214524,standard,sg_c,92.67430754536772,81.49606299212599
vp_214524,reduced_compute,baseline,7.048710601719198,19.13991520290733
vp_214524,reduced_compute,dg,42.082139446036294,23.864324651726225
vp_214524,reduced_compute,dg_c,70.06685768863419,80.49666868564506
vp_214524,reduced_compute,sg,90.94874243871378,90.85402786190187
vp_214524,reduced_compute,sg_c,92.94492199936326,87.79527559055119
vp_214524,missing_low_freq,baseline,7.051894301177969,11.568746214415505
vp_214524,missing_low_freq,dg,7.048710601719198,18.201090248334342
vp_214524,missing_low_freq,dg_c,59.47787328876154,61.901877649909146
vp_214524,missing_low_freq,sg,29.350525310410696,36.674742580254396
vp_214524,missing_low_freq,sg_c,76.20821394460363,88.91580860084797
vp_163432,standard,baseline,10.059892750191517,22.780782691695833
vp_163432,standard,dg,86.09582840030643,73.46484250715876
vp_163432,standard,dg_c,87.81252176335398,73.17849188673242
vp_163432,standard,sg,93.73563618636396,81.25994272987592
vp_163432,standard,sg_c,90.23957100076608,88.1641743557111
vp_163432,reduced_compute,baseline,9.259001323211923,16.862869869551382
vp_163432,reduced_compute,dg,61.4527474058082,47.375119312758514
vp_163432,reduced_compute,dg_c,67.12514799080715,70.12408526885142
vp_163432,reduced_compute,sg,86.87234487081274,85.30066815144765
vp_163432,reduced_compute,sg_c,91.99456786684308,84.02799872733058
vp_163432,missing_low_freq,baseline,9.593286440559927,13.267578746420616
vp_163432,missing_low_freq,dg,9.259001323211923,31.275851097677375
vp_163432,missing_low_freq,dg_c,86.10627481022355,65.60610881323576
vp_163432,missing_low_freq,sg,9.485340204749635,30.575882914412983
vp_163432,missing_low_freq,sg_c,83.58172574691831,78.26916958320076
vp_206222,standard,baseline,85.14328551470338,56.463878326996195
vp_206222,standard,dg,87.65461546325007,66.09632446134347
vp_206222,standard,sg,93.26336593178178,77.59822560202788
vp_206222,standard,sg_c,93.8085664633523,80.44993662864385
vp_206222,reduced_compute,baseline,7.994002794152724,18.662864385297844
vp_206222,reduced_compute,dg,77.79670835179064,77.3764258555133
vp_206222,reduced_compute,sg,96.55501414113878,85.61470215462612
vp_206222,reduced_compute,sg_c,93.96190411285652,80.22813688212928
vp_206222,missing_low_freq,baseline,7.994002794152724,13.14955640050697
vp_206222,missing_low_freq,dg,85.82819368248884,58.460076045627375
vp_206222,missing_low_freq,sg,14.676116809213887,41.09632446134348
vp_206222,missing_low_freq,sg_c,89.55259481377993,77.43979721166033
vp_210011,standard,baseline,7.015461602617566,42.749016046018774
vp_210011,standard,dg,89.04535831141335,65.39509536784742
vp_210011,standard,sg,93.08718804131648,83.56039963669392
vp_210011,standard,sg_c,89.84410085327517,82.77323645171056
vp_210011,reduced_compute,baseline,6.662603451594277,20.40569179533757
vp_210011,reduced_compute,dg,6.723551677680117,2.815622161671208
vp_210011,reduced_compute,sg,88.71816257137358,78.1410838631547
vp_210011,reduced_compute,sg_c,84.36196830692244,79.291553133515
vp_210011,missing_low_freq,baseline,6.662603451594277,20.133212231304874
vp_210011,missing_low_freq,dg,6.662603451594277,5.0257341810475324
vp_210011,missing_low_freq,sg,89.31481362674023,78.7465940054496
vp_210011,missing_low_freq,sg_c,78.64245845897221,82.6521344232516
vp_358144,standard,baseline,4.647994423674039,30.37741638539429
vp_358144,standard,dg,92.67473544135353,72.844430806996
vp_358144,standard,sg,97.5286737215639,84.5658177355017
vp_358144,standard,sg_c,95.96350041188771,72.47621969929426
vp_358144,reduced_compute,baseline,4.058678157277739,23.197299785210188
vp_358144,reduced_compute,dg,15.940054495912806,38.38600797790733
vp_358144,reduced_compute,sg,96.28033711425131,80.33138999693158
vp_358144,reduced_compute,sg_c,94.45852607566061,79.44154648665234
vp_358144,missing_low_freq,baseline,4.087193460490464,20.43571647744707
vp_358144,missing_low_freq,dg,3.998479183828655,14.421601718318502
vp_358144,missing_low_freq,sg,4.565616881059502,43.356857931880946
vp_358144,missing_low_freq,sg_c,75.8000126734681,83.89076403804849
vp_992673,standard,baseline,93.00538319875336,57.86401098901099
vp_992673,standard,dg,87.85947017991217,67.23901098901099
vp_992673,standard,sg,97.91046890494405,84.85576923076923
vp_992673,standard,sg_c,96.51154554469473,79.9793956043956
vp_992673,reduced_compute,baseline,7.936676583085422,19.29945054945055
vp_992673,reduced_compute,dg,90.72460688482788,63.04945054945055
vp_992673,reduced_compute,sg,95.5092789346933,81.97115384615384
vp_992673,reduced_compute,sg_c,95.81385465363365,81.55906593406593
vp_992673,missing_low_freq,baseline,7.936676583085422,15.418956043956044
vp_992673,missing_low_freq,dg,39.7329650092081,27.712912087912088
vp_992673,missing_low_freq,sg,7.9685507862303435,31.765109890109887
vp_992673,missing_low_freq,sg_c,91.97832554186145,81.69642857142857
vp_224022,standard,baseline,19.57003207575989,42.60282381829343
vp_224022,standard,dg,79.63571101267756,78.02332719459791
vp_224022,standard,sg,83.99648694058347,84.56108041743401
vp_224022,standard,sg_c,96.60149686879487,89.56414978514427
vp_224022,reduced_compute,baseline,5.872918894149992,33.39472068753837
vp_224022,reduced_compute,dg,5.888193065526195,26.5500306936771
vp_224022,reduced_compute,sg,56.7397281197495,82.47391037446286
vp_224022,reduced_compute,sg_c,81.14403543607759,85.75813382443216
vp_224022,missing_low_freq,baseline,5.872918894149992,23.634131368938
vp_224022,missing_low_freq,dg,5.872918894149992,39.011663597298956
vp_224022,missing_low_freq,sg,5.998930808003665,29.711479435236342
vp_224022,missing_low_freq,sg_c,86.71910798839163,85.29772866789442
vp_106521,standard,baseline,21.779914601755035,51.54503616042078
vp_106521,standard,dg,87.23397101839087,70.0525969756739
vp_106521,standard,sg,95.8410382274821,91.65023011176856
vp_106521,standard,sg_c,94.93998587903036,84.02366863905326
vp_106521,reduced_compute,baseline,6.946172208586894,34.51676528599605
vp_106521,reduced_compute,dg,77.5342097300205,42.24194608809994
vp_106521,reduced_compute,sg,96.22768382476549,87.3767258382643
vp_106521,reduced_compute,sg_c,91.78630265944928,85.10848126232742
vp_106521,missing_low_freq,baseline,6.946172208586894,27.087442472057855
vp_106521,missing_low_freq,dg,6.946172208586894,42.077580539119005
vp_106521,missing_low_freq,sg,7.188245973842585,43.786982248520715
vp_106521,missing_low_freq,sg_c,77.12402918333726,90.53254437869822
vp_156233,standard,baseline,73.15804176269293,57.77089783281733
vp_156233,standard,dg,92.03855017808506,79.62848297213623
vp_156233,standard,sg,91.59857531950554,86.06811145510835
vp_156233,standard,sg_c,96.11006355192401,85.13931888544892
vp_156233,reduced_compute,baseline,8.558558558558559,29.78328173374613
vp_156233,reduced_compute,dg,16.209232488302256,21.88854489164087
vp_156233,reduced_compute,sg,76.56610098470563,83.03405572755418
vp_156233,reduced_compute,sg_c,94.36063970947693,85.57275541795666
vp_156233,missing_low_freq,baseline,8.558558558558559,22.35294117647059
vp_156233,missing_low_freq,dg,8.558558558558559,41.48606811145511
vp_156233,missing_low_freq,sg,8.610936517913261,37.244582043343655
vp_156233,missing_low_freq,sg_c,94.47587122005726,87.95665634674923
vp_163129,standard,baseline,69.49738143729996,51.52439024390244
vp_163129,standard,dg,91.99519930171661,58.955792682926834
vp_163129,standard,sg,93.02080302589466,69.8170731707317
vp_163129,standard,sg_c,95.6066336921734,65.73932926829268
vp_163129,reduced_compute,baseline,5.262583648530696,25.152439024390244
vp_163129,reduced_compute,dg,42.577102123945295,46.91310975609756
vp_163129,reduced_compute,sg,78.71690427698574,64.7484756097561
vp_163129,reduced_compute,sg_c,92.09703229560662,63.452743902439025
vp_163129,missing_low_freq,baseline,5.262583648530696,20.617378048780488
vp_163129,missing_low_freq,dg,5.262583648530696,35.97560975609756
vp_163129,missing_low_freq,sg,5.797206866453302,32.24085365853659
vp_163129,missing_low_freq,sg_c,85.87067209775967,78.04878048780488
vp_541640,standard,baseline,9.017094017094017,25.086173879739565
vp_541640,standard,dg,59.09340659340659,47.4147836078131
vp_541640,standard,sg,79.41391941391942,82.24818077364993
vp_541640,standard,sg_c,93.87057387057386,92.32094982765224
vp_541640,reduced_compute,baseline,9.017094017094017,1.9915741095365762
vp_541640,reduced_compute,dg,9.810744810744811,21.275373420145538
vp_541640,reduced_compute,sg,75.55250305250306,39.754883186518576
vp_541640,reduced_compute,sg_c,66.11111111111111,92.0337035618537
vp_541640,missing_low_freq,baseline,8.885836385836386,1.6085790884718498
vp_541640,missing_low_freq,dg,9.365079365079366,7.640750670241286
vp_541640,missing_low_freq,sg,86.3919413919414,38.605898123324394
vp_541640,missing_low_freq,sg_c,0.0,25.50746840291076
vp_116120,standard,baseline,5.3340385710798275,46.2367374005305
vp_116120,standard,dg,47.16413052323215,46.601458885941646
vp_116120,standard,sg,36.146146960696555,62.019230769230774
vp_116120,standard,sg_c,81.31662462364716,57.410477453580896
vp_116120,reduced_compute,baseline,5.08178045406461,25.0
vp_116120,reduced_compute,dg,5.395068760680283,17.075596816976127
vp_116120,reduced_compute,sg,5.065505736837823,28.96220159151194
vp_116120,reduced_compute,sg_c,45.215233135324276,45.20888594164456
vp_116120,missing_low_freq,baseline,5.065505736837823,16.312997347480106
vp_116120,missing_low_freq,dg,5.102123850598097,13.64389920424403
vp_116120,missing_low_freq,sg,6.8150378387175525,19.694960212201593
vp_116120,missing_low_freq,sg_c,47.46114411262104,48.44164456233422
vp_559053,standard,baseline,93.9388224644514,52.44215938303341
vp_559053,standard,dg,90.29532682080489,68.59468723221937
vp_559053,standard,sg,96.7487647569117,81.8337617823479
vp_559053,standard,sg_c,92.16610719269792,68.12339331619538
vp_559053,reduced_compute,baseline,6.966393844529099,18.937446443873178
vp_559053,reduced_compute,dg,45.93595594613963,49.61439588688946
vp_559053,reduced_compute,sg,87.64379738241618,73.05055698371893
vp_559053,reduced_compute,sg_c,94.82518010032814,74.16452442159382
vp_559053,missing_low_freq,baseline,7.686795157092748,14.524421593830333
vp_559053,missing_low_freq,dg,86.38780975370572,55.48414738646101
vp_559053,missing_low_freq,sg,7.030513333081885,27.506426735218508
vp_559053,missing_low_freq,sg_c,84.76596386678233,85.00428449014568
vp_122317,standard,baseline,11.149153386454183,22.216081790549875
vp_122317,standard,dg,62.53423804780876,48.02431610942249
vp_122317,standard,sg,89.56673306772909,87.67615363360044
vp_122317,standard,sg_c,94.31025896414343,95.60652113843602
vp_122317,reduced_compute,baseline,11.149153386454183,7.515888366952196
vp_122317,reduced_compute,dg,64.93401394422311,50.42829510914617
vp_122317,reduced_compute,sg,89.12475099601593,60.6521138436032
vp_122317,reduced_compute,sg_c,81.74489541832669,93.81044487427465
vp_122317,missing_low_freq,baseline,12.291459163346612,5.498756562586349
vp_122317,missing_low_freq,dg,11.174053784860558,21.552915169936444
vp_122317,missing_low_freq,sg,87.31324701195219,48.43879524730589
vp_122317,missing_low_freq,sg_c,0.0,37.85576126001658
vp_151425,standard,baseline,93.95095185519756,58.20947113722779
vp_151425,standard,dg,92.830138177925,80.98859315589354
vp_151425,standard,sg,98.00595536819566,85.44763221569305
vp_151425,standard,sg_c,90.06992539061193,90.2868994123747
vp_151425,reduced_compute,baseline,6.182876643581251,17.110266159695815
vp_151425,reduced_compute,dg,64.39492789989629,58.831662633944006
vp_151425,reduced_compute,sg,98.21338954130282,92.3608710680954
vp_151425,reduced_compute,sg_c,94.94797417109973,86.03525751814726
vp_151425,missing_low_freq,baseline,6.182876643581251,11.85620463187003
vp_151425,missing_low_freq,dg,6.182876643581251,43.06947805046664
vp_151425,missing_low_freq,sg,6.269865167787481,41.790528862772206
vp_151425,missing_low_freq,sg_c,78.12238616213322,89.52644313861043
vp_189652,standard,baseline,7.077603615732282,29.48294829482948
vp_189652,standard,dg,71.80177581177676,51.567656765676574
vp_189652,standard,sg,91.8421643106709,71.61716171617162
vp_189652,standard,sg_c,92.08257204218354,78.74037403740374
vp_189652,reduced_compute,baseline,6.840401320639805,12.156215621562156
vp_189652,reduced_compute,dg,6.882071994101997,2.255225522552255
vp_189652,reduced_compute,sg,86.72308234766163,55.528052805280524
vp_189652,reduced_compute,sg_c,78.6902586787191,72.22222222222221
vp_189652,missing_low_freq,baseline,6.840401320639805,10.863586358635864
vp_189652,missing_low_freq,dg,6.846812193480142,6.683168316831684
vp_189652,missing_low_freq,sg,76.09385517838254,38.503850385038504
vp_189652,missing_low_freq,sg_c,73.17370259960893,72.35973597359737
vp_599065,standard,baseline,95.204982863169,64.34010152284264
vp_599065,standard,dg,90.45939889269707,78.21489001692046
vp_599065,standard,sg,94.6711046664909,83.07952622673434
vp_599065,standard,sg_c,89.9518850514105,73.77326565143824
vp_599065,reduced_compute,baseline,7.793962562615345,19.035532994923855
vp_599065,reduced_compute,dg,87.05510150276827,89.72081218274111
vp_599065,reduced_compute,sg,97.00764566306354,88.15566835871405
vp_599065,reduced_compute,sg_c,92.97060374373847,77.15736040609137
vp_599065,missing_low_freq,baseline,7.797258107039283,15.18612521150592
vp_599065,missing_low_freq,dg,85.63801740047455,76.60744500846025
vp_599065,missing_low_freq,sg,8.380569470076457,44.20473773265651
vp_599065,missing_low_freq,sg_c,80.81004481940417,72.71573604060913
vp_617748,standard,baseline,33.026459795274576,42.07466340269278
vp_617748,standard,dg,90.4171763342561,86.75030599755202
vp_617748,standard,sg,96.17588360265242,84.14932680538556
vp_617748,standard,sg_c,95.59003412090388,79.1921664626683
vp_617748,reduced_compute,baseline,7.3714028198029995,16.952264381884945
vp_617748,reduced_compute,dg,57.47119036889203,45.89963280293758
vp_617748,reduced_compute,sg,98.44846455932532,88.80048959608324
vp_617748,reduced_compute,sg_c,92.04596665164489,83.81272949816402
vp_617748,missing_low_freq,baseline,7.3714028198029995,12.454100367197062
vp_617748,missing_low_freq,dg,7.3714028198029995,11.474908200734395
vp_617748,missing_low_freq,sg,19.094830361166547,40.575275397796815
vp_617748,missing_low_freq,sg_c,75.2816584046868,86.13831089351285
vp_841349,standard,baseline,7.17054874397201,16.365366317792578
vp_841349,standard,dg,91.5182651999874,80.36790358388835
vp_841349,standard,sg,97.45957701642133,78.36980653346019
vp_841349,standard,sg_c,94.99795127178744,76.27656200444022
vp_841349,reduced_compute,baseline,6.91209380023324,18.807484934982558
vp_841349,reduced_compute,dg,38.32382513316733,27.97335870599429
vp_841349,reduced_compute,sg,94.0429287357771,86.86964795432921
vp_841349,reduced_compute,sg_c,90.18186402748448,82.08055819854107
vp_841349,missing_low_freq,baseline,7.851356888454629,13.859816048208057
vp_841349,missing_low_freq,dg,6.776562549248275,23.78686964795433
vp_841349,missing_low_freq,sg,6.814385223941753,43.0383761496987
vp_841349,missing_low_freq,sg_c,78.02817789264664,77.38661592134474
vp_159138,standard,baseline,10.239611208514042,27.86608048698005
vp_159138,standard,dg,69.39804989080619,50.659452147446736
vp_159138,standard,sg,92.5532896558088,79.40480216435577
vp_159138,standard,sg_c,96.08132632032236,87.72404463983767
vp_159138,reduced_compute,baseline,10.23345944449571,3.9905309435238414
vp_159138,reduced_compute,dg,62.818738273199834,50.82854244166385
vp_159138,reduced_compute,sg,88.46544246562702,65.67467027392627
vp_159138,reduced_compute,sg_c,74.85774045707608,91.34257693608386
vp_159138,missing_low_freq,baseline,10.307280612715697,2.603990530943524
vp_159138,missing_low_freq,dg,10.258066500569038,13.493405478525533
vp_159138,missing_low_freq,sg,88.36393835932454,58.80960432871153
vp_159138,missing_low_freq,sg_c,0.0,33.953331078796076
vp_123824,standard,baseline,5.503350535315413,19.902814334885605
vp_123824,standard,dg,49.24131556651005,59.10103259769184
vp_123824,standard,sg,68.77840252638066,81.87892285887831
vp_123824,standard,sg_c,87.39120388199953,84.5515286495242
vp_123824,reduced_compute,baseline,5.418624354925672,13.848957278801377
vp_123824,reduced_compute,dg,5.418624354925672,9.678072484308565
vp_123824,reduced_compute,sg,33.42062697373488,56.93460214618343
vp_123824,reduced_compute,sg_c,86.20888854656089,72.11986232030776
vp_123824,missing_low_freq,baseline,5.418624354925672,9.698319497874063
vp_123824,missing_low_freq,dg,5.418624354925672,17.756630896942703
vp_123824,missing_low_freq,sg,5.422475544943388,16.298845920226768
vp_123824,missing_low_freq,sg_c,88.46953708695987,72.26159141526625
vp_116726,standard,baseline,12.092422787910888,19.84251968503937
vp_116726,standard,dg,86.44443708828496,79.4225721784777
vp_116726,standard,sg,97.53384752888212,89.73753280839894
vp_116726,standard,sg_c,97.29881823297693,85.61679790026247
vp_116726,reduced_compute,baseline,12.042768711311199,16.79790026246719
vp_116726,reduced_compute,dg,60.041709424343736,67.50656167979002
vp_116726,reduced_compute,sg,96.83538018471316,95.48556430446195
vp_116726,reduced_compute,sg_c,94.05144162335728,88.9501312335958
vp_116726,missing_low_freq,baseline,12.042768711311199,12.178477690288714
vp_116726,missing_low_freq,dg,12.042768711311199,22.178477690288716
vp_116726,missing_low_freq,sg,12.049389254857825,39.658792650918635
vp_116726,missing_low_freq,sg_c,85.28584196762554,92.36220472440945
vp_116524,standard,baseline,9.716868270636713,25.87834294703723
vp_116524,standard,dg,90.43599627808055,82.93130571578395
vp_116524,standard,sg,95.81284062209225,84.18982695332984
vp_116524,standard,sg_c,96.42762195932474,86.96906135291033
vp_116524,reduced_compute,baseline,9.424431742655855,23.64971158888306
vp_116524,reduced_compute,dg,9.460986308653464,16.91137912952281
vp_116524,reduced_compute,sg,90.44928884753422,89.93183009963293
vp_116524,reduced_compute,sg_c,94.5001993885418,91.84583114840062
vp_116524,missing_low_freq,baseline,9.451016881563207,15.46932354483482
vp_116524,missing_low_freq,dg,9.421108600292436,15.626638699528053
vp_116524,missing_low_freq,sg,9.573973149009705,34.8977451494494
vp_116524,missing_low_freq,sg_c,94.5533696663565,90.534871525957
vp_299760,standard,baseline,83.91071608928391,61.163636363636364
vp_299760,standard,dg,92.66404066929267,89.52727272727272
vp_299760,standard,sg,86.85654647678686,80.21818181818182
vp_299760,standard,sg_c,94.82880517119483,77.56363636363636
vp_299760,reduced_compute,baseline,10.426556240110427,23.636363636363637
vp_299760,reduced_compute,dg,54.243679089654236,37.345454545454544
vp_299760,reduced_compute,sg,80.95478571188094,83.81818181818181
vp_299760,reduced_compute,sg_c,93.6976063023937,82.50909090909092
vp_299760,missing_low_freq,baseline,10.41982291351042,18.181818181818183
vp_299760,missing_low_freq,dg,64.7039019627647,62.8
vp_299760,missing_low_freq,sg,48.7997845335488,22.545454545454547
vp_299760,missing_low_freq,sg_c,92.61690738309262,83.05454545454546
vp_693461,standard,baseline,5.560637741766858,25.479082321187583
vp_693461,standard,dg,91.64270778881338,90.44534412955466
vp_693461,standard,sg,96.75248301097751,83.88663967611336
vp_693461,standard,sg_c,95.7821484579195,89.06882591093117
vp_693461,reduced_compute,baseline,4.528227914270779,17.57085020242915
vp_693461,reduced_compute,dg,59.624934657605856,50.0944669365722
vp_693461,reduced_compute,sg,93.37754835337167,92.84750337381917
vp_693461,reduced_compute,sg_c,94.04404077365395,92.57759784075573
vp_693461,missing_low_freq,baseline,4.528227914270779,12.361673414304994
vp_693461,missing_low_freq,dg,4.528227914270779,31.2280701754386
vp_693461,missing_low_freq,sg,4.789597490852064,40.7557354925776
vp_693461,missing_low_freq,sg_c,84.75235232618923,88.42105263157895
vp_567052,standard,baseline,9.52215299958888,33.33333333333333
vp_567052,standard,dg,76.79390278612314,67.39659367396594
vp_567052,standard,sg,95.59153726953606,90.29467423628007
vp_567052,standard,sg_c,94.0039846937162,85.26628818599622
vp_567052,reduced_compute,baseline,9.11103380664748,22.681805893484725
vp_567052,reduced_compute,dg,9.117358717308118,6.434171397675047
vp_567052,reduced_compute,sg,95.0317826760697,86.50986753176534
vp_567052,reduced_compute,sg_c,85.89544922677968,84.32008650986754
vp_567052,missing_low_freq,baseline,9.11103380664748,20.87050554203839
vp_567052,missing_low_freq,dg,9.1141962619778,19.194376858610436
vp_567052,missing_low_freq,sg,20.09740362417381,29.467423628007573
vp_567052,missing_low_freq,sg_c,78.77676227823281,88.61854555285213
vp_212015,standard,baseline,5.001961553550411,17.177647314633614
vp_212015,standard,dg,74.44422649404996,43.79212872363557
vp_212015,standard,sg,95.79900614620112,87.91041530767558
vp_212015,standard,sg_c,95.88400680005232,90.45444661883018
vp_212015,reduced_compute,baseline,5.001961553550411,13.742117851706892
vp_212015,reduced_compute,dg,5.034654112723945,0.30441400304414
vp_212015,reduced_compute,sg,93.59879691382241,88.60621874320505
vp_212015,reduced_compute,sg_c,77.5500196155355,88.14959773863883
vp_212015,missing_low_freq,baseline,5.001961553550411,10.176125244618394
vp_212015,missing_low_freq,dg,5.001961553550411,2.28310502283105
vp_212015,missing_low_freq,sg,65.96377664443573,38.638834529245486
vp_212015,missing_low_freq,sg_c,88.16856283509873,88.58447488584474
vp_123723,standard,baseline,19.314664171046,41.932864103952355
vp_123723,standard,dg,83.77006694982363,77.85598267460747
vp_123723,standard,sg,88.14700165574833,91.82458040064971
vp_123723,standard,sg_c,96.72089842343964,91.79750947482404
vp_123723,reduced_compute,baseline,12.014973723993954,27.42284786139686
vp_123723,reduced_compute,dg,11.88539342020013,22.00866269626421
vp_123723,reduced_compute,sg,68.68835936937585,86.38332430969139
vp_123723,reduced_compute,sg_c,90.57663235188251,89.19870059556037
vp_123723,missing_low_freq,baseline,12.1517529335541,22.33351380617217
vp_123723,missing_low_freq,dg,11.867396155784322,34.028153762858686
vp_123723,missing_low_freq,sg,12.09056223454035,31.754195993502975
vp_123723,missing_low_freq,sg_c,93.13944280469369,93.9631835408771
vp_200210,standard,baseline,10.656448814343552,7.068887888338586
vp_200210,standard,dg,67.6257952573742,28.5006753714543
vp_200210,standard,sg,82.25274725274726,42.36830256641152
vp_200210,standard,sg_c,85.87912087912088,74.92120666366502
vp_200210,reduced_compute,baseline,8.102949681897051,5.357946870778928
vp_200210,reduced_compute,dg,65.79814921920185,27.194957226474557
vp_200210,reduced_compute,sg,82.88606130711393,30.79693831607384
vp_200210,reduced_compute,sg_c,71.17698091382302,66.59162539396668
vp_200210,missing_low_freq,baseline,8.019086176980913,3.7820801440792438
vp_200210,missing_low_freq,dg,69.17293233082707,10.89599279603782
vp_200210,missing_low_freq,sg,80.78658183921343,34.21882035119316
vp_200210,missing_low_freq,sg_c,0.00578368999421631,33.13822602431337
vp_209329,standard,baseline,91.69436485195797,57.48719493823441
vp_209329,standard,dg,88.74498567335245,70.9852365170232
vp_209329,standard,sg,90.29608404966571,81.10876770111479
vp_209329,standard,sg_c,95.22063037249283,86.35131063573365
vp_209329,reduced_compute,baseline,9.172874880611271,13.739078035552875
vp_209329,reduced_compute,dg,70.16236867239732,53.38957517324495
vp_209329,reduced_compute,sg,83.94269340974212,76.86050015064778
vp_209329,reduced_compute,sg_c,89.53581661891118,78.27658933413679
vp_209329,missing_low_freq,baseline,9.172874880611271,9.581199156372401
vp_209329,missing_low_freq,dg,9.172874880611271,31.36486893642663
vp_209329,missing_low_freq,sg,9.172874880611271,24.495329918650196
vp_209329,missing_low_freq,sg_c,93.62368672397325,83.127448026514
vp_119025,standard,baseline,94.23148618878156,69.90568733923979
vp_119025,standard,dg,89.01881037112354,76.79336953415262
vp_119025,standard,sg,97.9495000847314,88.13946841954844
vp_119025,standard,sg_c,95.30588035926114,84.96713346670477
vp_119025,reduced_compute,baseline,6.137942721572615,23.178050871677623
vp_119025,reduced_compute,dg,52.90628706998813,60.76021720491569
vp_119025,reduced_compute,sg,97.35299101847144,92.31208916833381
vp_119025,reduced_compute,sg_c,96.30910015251652,90.88310945984567
vp_119025,missing_low_freq,baseline,6.137942721572615,17.376393255215774
vp_119025,missing_low_freq,dg,62.10811726825962,58.78822520720206
vp_119025,missing_low_freq,sg,6.1481104897475,40.697342097742215
vp_119025,missing_low_freq,sg_c,94.0010167768175,89.51128893969705
vp_203923,standard,baseline,16.244297179393254,19.85515992757996
vp_203923,standard,dg,93.90256085783743,80.68799034399518
vp_203923,standard,sg,97.31259782210529,88.71454435727217
vp_203923,standard,sg_c,86.36318225715142,91.73204586602294
vp_203923,reduced_compute,baseline,6.853375070764928,19.43270971635486
vp_203923,reduced_compute,dg,59.89876452762329,65.90223295111647
vp_203923,reduced_compute,sg,97.46578307635953,93.84429692214846
vp_203923,reduced_compute,sg_c,95.87398847780479,89.22751961375981
vp_203923,missing_low_freq,baseline,7.91568150787572,15.35908267954134
vp_203923,missing_low_freq,dg,6.686869359619036,26.795413397706696
vp_203923,missing_low_freq,sg,7.302940490858837,44.99094749547375
vp_203923,missing_low_freq,sg_c,74.35479036930967,91.973445986723
vp_263436,standard,baseline,99.05010368586528,50.37237643872715
vp_263436,standard,dg,85.67462706535555,89.03182125930941
vp_263436,standard,sg,96.61181349923072,86.59444820582262
vp_263436,standard,sg_c,87.72158672820925,64.72579553148273
vp_263436,reduced_compute,baseline,9.137734965549535,28.70683818551117
vp_263436,reduced_compute,dg,96.39775235801726,96.14082599864591
vp_263436,reduced_compute,sg,98.34437086092716,95.3960731211916
vp_263436,reduced_compute,sg_c,94.1701786072647,77.58970886932973
vp_263436,missing_low_freq,baseline,4.736102749347783,16.046039268788086
vp_263436,missing_low_freq,dg,97.13024282560706,94.71902505077861
vp_263436,missing_low_freq,sg,97.40450866278681,92.8232904536222
vp_263436,missing_low_freq,sg_c,59.52906548933039,83.27691266079891
vp_701535,standard,baseline,5.520885043613928,38.42876165113183
vp_701535,standard,dg,78.05829373803277,67.27030625832224
vp_701535,standard,sg,94.04652152329622,90.09320905459387
vp_701535,standard,sg_c,95.34075597475356,91.9041278295606
vp_701535,reduced_compute,baseline,4.372030352457273,26.764314247669773
vp_701535,reduced_compute,dg,4.340117722147365,19.866844207723037
vp_701535,reduced_compute,sg,82.54733706829302,85.24633821571238
vp_701535,reduced_compute,sg_c,87.95120913410398,87.32356857523303
vp_701535,missing_low_freq,baseline,4.343663569959578,19.760319573901462
vp_701535,missing_low_freq,dg,4.315296787461882,38.109187749667115
vp_701535,missing_low_freq,sg,5.488972413304021,37.762982689747005
vp_701535,missing_low_freq,sg_c,90.14254308205092,88.65512649800267
vp_299154,standard,baseline,92.4432250173548,80.0
vp_299154,standard,dg,93.59029453571783,85.0190114068441
vp_299154,standard,sg,97.63313609467455,87.90874524714829
vp_299154,standard,sg_c,93.71921589368947,81.74904942965779
vp_299154,reduced_compute,baseline,8.274106641102772,19.277566539923953
vp_299154,reduced_compute,dg,70.42742388681366,75.55133079847909
vp_299154,reduced_compute,sg,97.9504809758355,96.95817490494296
vp_299154,reduced_compute,sg_c,93.08122045552213,89.6958174904943
vp_299154,missing_low_freq,baseline,8.274106641102772,14.790874524714829
vp_299154,missing_low_freq,dg,58.64599517371326,61.1787072243346
vp_299154,missing_low_freq,sg,14.538362368186174,51.558935361216726
vp_299154,missing_low_freq,sg_c,80.14280519652243,89.35361216730038
vp_175338,standard,baseline,95.05787312039645,63.09963099630996
vp_175338,standard,dg,82.59733206612131,68.34768347683476
vp_175338,standard,sg,96.19157530294288,81.13981139811398
vp_175338,standard,sg_c,93.76803231390653,70.02870028700286
vp_175338,reduced_compute,baseline,6.174264281592614,16.892168921689215
vp_175338,reduced_compute,dg,88.68334408200673,78.35178351783519
vp_175338,reduced_compute,sg,97.64094905128815,85.8138581385814
vp_175338,reduced_compute,sg_c,95.5466548996979,75.89175891758919
vp_175338,missing_low_freq,baseline,6.167475645768983,13.448134481344814
vp_175338,missing_low_freq,dg,6.167475645768983,26.240262402624026
vp_175338,missing_low_freq,sg,6.503513119038729,31.69331693316933
vp_175338,missing_low_freq,sg_c,80.61165608770918,72.07872078720787
vp_129129,standard,baseline,12.474903869057746,21.64199944149679
vp_129129,standard,dg,88.86922788988329,64.50712091594526
vp_129129,standard,sg,94.20832340830981,81.54146886344597
vp_129129,standard,sg_c,96.92721271310444,82.77017592851159
vp_129129,reduced_compute,baseline,7.353591724231803,17.620776319463836
vp_129129,reduced_compute,dg,7.499914928369687,35.04607651493996
vp_129129,reduced_compute,sg,90.70337223942559,84.47361072326166
vp_129129,reduced_compute,sg_c,95.27682308503759,84.1105836358559
vp_129129,missing_low_freq,baseline,7.353591724231803,14.241831890533371
vp_129129,missing_low_freq,dg,7.353591724231803,32.95168947221446
vp_129129,missing_low_freq,sg,7.74492122367033,35.995531974308854
vp_129129,missing_low_freq,sg_c,91.23421921257699,83.77548170901983
vp_753251,standard,baseline,97.82576277252528,64.07474382157926
vp_753251,standard,dg,95.57398073309672,85.47317661241712
vp_753251,standard,sg,97.3933013212443,83.66485834840265
vp_753251,standard,sg_c,88.13862626383131,70.70524412296564
vp_753251,reduced_compute,baseline,7.381669599451221,17.540687160940323
vp_753251,reduced_compute,dg,87.89704434966745,55.75647980711271
vp_753251,reduced_compute,sg,97.06820960959169,80.6509945750452
vp_753251,reduced_compute,sg_c,91.98007694831341,71.85051235684146
vp_753251,missing_low_freq,baseline,7.381669599451221,15.672091621458712
vp_753251,missing_low_freq,dg,7.381669599451221,23.628691983122362
vp_753251,missing_low_freq,sg,86.46544782128903,59.37311633514165
vp_753251,missing_low_freq,sg_c,71.49035163589728,77.69740807715492
vp_783462,standard,baseline,9.010577915376677,33.34223884584558
vp_783462,standard,dg,84.68137254901961,79.0008014961261
vp_783462,standard,sg,96.55895252837978,92.25220411434678
vp_783462,standard,sg_c,95.49793601651186,84.29067592839968
vp_783462,reduced_compute,baseline,6.4563983488132095,25.08682874699439
vp_783462,reduced_compute,dg,9.713622291021672,7.133315522308309
vp_783462,reduced_compute,sg,96.03650670794633,90.08816457387123
vp_783462,reduced_compute,sg_c,91.19904540763673,89.07293614747529
vp_783462,missing_low_freq,baseline,6.362874097007223,20.625166978359605
vp_783462,missing_low_freq,dg,6.356424148606811,17.819930537002403
vp_783462,missing_low_freq,sg,13.009545923632611,42.90675928399679
vp_783462,missing_low_freq,sg_c,90.37022703818369,86.48143200641198
vp_664757,standard,baseline,87.35663294651013,44.38138479001135
vp_664757,standard,dg,92.26917481476468,72.68255769958381
vp_664757,standard,sg,97.49974625300267,80.17404464623534
vp_664757,standard,sg_c,97.08360117738607,68.93681422625804
vp_664757,reduced_compute,baseline,6.6684710897587705,20.469163828982218
vp_664757,reduced_compute,dg,82.49145718442333,79.41732879303821
vp_664757,reduced_compute,sg,97.90574144872619,82.25501324252743
vp_664757,reduced_compute,sg_c,97.10051764387455,74.61218312523647
vp_664757,missing_low_freq,baseline,6.6684710897587705,16.458569807037456
vp_664757,missing_low_freq,dg,83.31698074906113,56.980703745743476
vp_664757,missing_low_freq,sg,6.85455222113205,40.559969731365875
vp_664757,missing_low_freq,sg_c,96.37649287816761,76.579644343549
vp_177140,standard,baseline,9.902820946610538,18.20630218152437
vp_177140,standard,dg,73.89148994767282,85.77969297064368
vp_177140,standard,sg,87.03230121572176,85.13331537840023
vp_177140,standard,sg_c,94.38171302671441,96.04093724750875
vp_177140,reduced_compute,baseline,5.913365070622024,15.755453810934556
vp_177140,reduced_compute,dg,4.331746468898769,35.65849717209804
vp_177140,reduced_compute,sg,62.17098792146988,90.35820091570159
vp_177140,reduced_compute,sg_c,82.57072038399497,92.5666576892001
vp_177140,missing_low_freq,baseline,6.306802533737263,10.988419068138972
vp_177140,missing_low_freq,dg,4.304205846480702,32.18421761378939
vp_177140,missing_low_freq,sg,4.5638745721367595,30.783732830595206
vp_177140,missing_low_freq,sg_c,93.44926623913129,95.52922165364934
vp_392447,standard,baseline,11.387346714660485,37.48786014891551
vp_392447,standard,dg,70.71563662985784,49.30398187115571
vp_392447,standard,sg,91.67225916661582,83.39268371641307
vp_392447,standard,sg_c,93.97840278201453,79.86403366785368
vp_392447,reduced_compute,baseline,11.097553535476786,0.712204596956944
vp_392447,reduced_compute,dg,46.24184003416509,2.81644545160246
vp_392447,reduced_compute,sg,85.40662558721249,26.18970540628035
vp_392447,reduced_compute,sg_c,73.49460069550364,81.61217222402072
vp_392447,missing_low_freq,baseline,11.097553535476786,0.7769504694075753
vp_392447,missing_low_freq,dg,11.103654444512232,6.280349627711233
vp_392447,missing_low_freq,sg,84.38777377829297,35.54548397539657
vp_392447,missing_low_freq,sg_c,2.775913611128058,43.18549692457106
vp_100307,standard,baseline,53.731068283155835,29.85534010464758
vp_100307,standard,dg,82.84261340605077,46.62973222530009
vp_100307,standard,sg,92.22832295390057,71.83748845798708
vp_100307,standard,sg_c,89.45351365294616,75.37703908895045
vp_100307,reduced_compute,baseline,4.30408667133434,13.604185903354878
vp_100307,reduced_compute,dg,52.20547591848768,47.06063404124346
vp_100307,reduced_compute,sg,80.42524965913698,59.95690981840567
vp_100307,reduced_compute,sg_c,88.71282750488263,69.46752847029856
vp_100307,missing_low_freq,baseline,4.30408667133434,11.542012927054477
vp_100307,missing_low_freq,dg,4.30408667133434,24.86919052016005
vp_100307,missing_low_freq,sg,4.30408667133434,26.839027393044013
vp_100307,missing_low_freq,sg_c,76.44175848472565,73.34564481378885
vp_499566,standard,baseline,93.94568413769244,30.88822355289421
vp_499566,standard,dg,97.10084760422072,87.57485029940119
vp_499566,standard,sg,98.40512022141498,69.311377245509
vp_499566,standard,sg_c,96.87943262411348,60.42914171656687
vp_499566,reduced_compute,baseline,5.80176440062273,19.91017964071856
vp_499566,reduced_compute,dg,92.41999654039094,87.2255489021956
vp_499566,reduced_compute,sg,97.67860231793807,75.89820359281437
vp_499566,reduced_compute,sg_c,98.27711468604048,69.81037924151696
vp_499566,missing_low_freq,baseline,5.71181456495416,14.620758483033933
vp_499566,missing_low_freq,dg,98.03840166061235,81.83632734530939
vp_499566,missing_low_freq,sg,6.604393703511503,31.487025948103792
vp_499566,missing_low_freq,sg_c,87.26517903476906,63.87225548902195
vp_207628,standard,baseline,10.0,29.847645429362878
vp_207628,standard,dg,95.86196028994642,86.0803324099723
vp_207628,standard,sg,97.62054837693034,72.02216066481995
vp_207628,standard,sg_c,94.821935077214,66.58587257617728
vp_207628,reduced_compute,baseline,5.124487866372518,24.82686980609418
vp_207628,reduced_compute,dg,74.82508666876772,40.3393351800554
vp_207628,reduced_compute,sg,95.06775921840529,77.49307479224376
vp_207628,reduced_compute,sg_c,95.89977938859123,76.10803324099723
vp_207628,missing_low_freq,baseline,5.124487866372518,21.329639889196674
vp_207628,missing_low_freq,dg,5.124487866372518,17.520775623268698
vp_207628,missing_low_freq,sg,12.792310116608888,39.612188365650965
vp_207628,missing_low_freq,sg_c,92.1115663410022,71.91828254847645
vp_680250,standard,baseline,92.9778694259307,78.69492470719464
vp_680250,standard,dg,95.58493206171521,87.53485778025656
vp_680250,standard,sg,90.75744743528372,89.0128276631344
vp_680250,standard,sg_c,97.30824465147107,95.39877300613497
vp_680250,reduced_compute,baseline,7.445594137791361,21.72336865588399
vp_680250,reduced_compute,dg,76.92675921493539,83.15672058003346
vp_680250,reduced_compute,sg,83.38549913466142,92.58226436140546
vp_680250,reduced_compute,sg_c,94.08992156718341,93.72559955382042
vp_680250,missing_low_freq,baseline,7.445594137791361,16.45287228109314
vp_680250,missing_low_freq,dg,81.10984276613765,60.7919687674289
vp_680250,missing_low_freq,sg,7.445594137791361,42.0803123257111
vp_680250,missing_low_freq,sg_c,96.45027064845159,95.6776352481874
vp_397760,standard,baseline,35.38741900647948,55.360052134245684
vp_397760,standard,dg,77.29481641468684,51.547735418703155
vp_397760,standard,sg,89.11312095032397,81.81818181818183
vp_397760,standard,sg_c,90.65199784017278,83.67546432062561
vp_397760,reduced_compute,baseline,11.619195464362852,22.45030954708374
vp_397760,reduced_compute,dg,45.29562634989201,23.004235907461716
vp_397760,reduced_compute,sg,91.9681425485961,75.1384815900945
vp_397760,reduced_compute,sg_c,82.71125809935205,78.26653633105246
vp_397760,missing_low_freq,baseline,11.619195464362852,19.28967090257413
vp_397760,missing_low_freq,dg,11.619195464362852,2.0853698273053114
vp_397760,missing_low_freq,sg,83.09260259179266,77.61485826001955
vp_397760,missing_low_freq,sg_c,84.86433585313175,80.41707396546106
vp_127630,standard,baseline,8.256988489546629,35.26077097505669
vp_127630,standard,dg,80.16991621642784,71.31519274376417
vp_127630,standard,sg,81.14478114478115,80.66893424036282
vp_127630,standard,sg_c,94.8085506225041,84.63718820861678
vp_127630,reduced_compute,baseline,8.080808080808081,25.963718820861676
vp_127630,reduced_compute,dg,7.681465821000705,19.529478458049887
vp_127630,reduced_compute,sg,53.67629786234437,76.72902494331065
vp_127630,reduced_compute,sg_c,80.09552893273823,76.6156462585034
vp_127630,missing_low_freq,baseline,7.434813248766738,18.310657596371883
vp_127630,missing_low_freq,dg,7.434813248766738,41.86507936507937
vp_127630,missing_low_freq,sg,7.466134210320257,20.03968253968254
vp_127630,missing_low_freq,sg_c,93.35212591026544,80.2154195011338
vp_146836,standard,baseline,12.375952365708432,14.63136270257932
vp_146836,standard,dg,46.48184903002753,39.351746176671995
vp_146836,standard,sg,84.89660029451309,56.01460853686373
vp_146836,standard,sg_c,94.60912990588386,92.10225975804612
vp_146836,reduced_compute,baseline,12.42397080478904,6.847751654873317
vp_146836,reduced_compute,dg,22.757538894935657,34.07897740241954
vp_146836,reduced_compute,sg,80.63576413342723,50.12554211367267
vp_146836,reduced_compute,sg_c,82.58531276009988,92.49029901848893
vp_146836,missing_low_freq,baseline,16.262244701965557,4.724948641862588
vp_146836,missing_low_freq,dg,13.086625264101414,18.009586852316822
vp_146836,missing_low_freq,sg,83.94263397144503,46.99840219128053
vp_146836,missing_low_freq,sg_c,0.0,25.54211367267747
vp_255740,standard,baseline,89.67292549969716,64.94165398274987
vp_255740,standard,dg,91.09251968503938,79.95941146626078
vp_255740,standard,sg,91.21365838885524,74.83510908168442
vp_255740,standard,sg_c,95.54058146577832,74.1248097412481
vp_255740,reduced_compute,baseline,7.798304058146578,17.097919837645865
vp_255740,reduced_compute,dg,82.70366444579042,82.29325215626585
vp_255740,reduced_compute,sg,87.84827377347062,80.97412480974124
vp_255740,reduced_compute,sg_c,96.64218655360388,78.13292744799594
vp_255740,missing_low_freq,baseline,7.798304058146578,12.02435312024353
vp_255740,missing_low_freq,dg,89.98712901271956,69.66007102993404
vp_255740,missing_low_freq,sg,7.813446396123562,44.29223744292237
vp_255740,missing_low_freq,sg_c,86.64824348879468,88.4830035514967
vp_877269,standard,baseline,69.38273698490758,58.53989813242785
vp_877269,standard,dg,87.88790910632525,74.66893039049236
vp_877269,standard,sg,66.90690181448194,81.46010186757215
vp_877269,standard,sg_c,98.77904018992709,88.62478777589135
vp_877269,reduced_compute,baseline,7.06715278955401,26.112054329371816
vp_877269,reduced_compute,dg,14.604883839240292,24.00679117147708
vp_877269,reduced_compute,sg,44.28099033406817,71.61290322580646
vp_877269,reduced_compute,sg_c,72.49872816686451,81.90152801358235
vp_877269,missing_low_freq,baseline,7.06715278955401,16.6383701188455
vp_877269,missing_low_freq,dg,7.06715278955401,29.37181663837012
vp_877269,missing_low_freq,sg,7.105307783618789,17.079796264855688
vp_877269,missing_low_freq,sg_c,74.25385789384433,83.1239388794567
vp_135730,standard,baseline,92.11692628560255,67.27785613540198
vp_135730,standard,dg,85.22453236003389,71.36812411847673
vp_135730,standard,sg,89.08296943231441,63.779971791255285
vp_135730,standard,sg_c,87.1472332659845,59.80253878702398
vp_135730,reduced_compute,baseline,8.365378348432511,39.09732016925247
vp_135730,reduced_compute,dg,82.1449520954181,69.61918194640339
vp_135730,reduced_compute,sg,96.89109039953074,81.86177715091678
vp_135730,reduced_compute,sg_c,90.13230789285016,70.91678420310296
vp_135730,missing_low_freq,baseline,8.365378348432511,34.499294781382225
vp_135730,missing_low_freq,dg,8.365378348432511,51.65021156558534
vp_135730,missing_low_freq,sg,94.4372026331226,69.98589562764457
vp_135730,missing_low_freq,sg_c,69.83966629733429,59.06911142454161
vp_558960,standard,baseline,34.56214689265536,32.869468410798774
vp_558960,standard,dg,81.59604519774011,56.99972168104648
vp_558960,standard,sg,89.83757062146893,64.79265237962706
vp_558960,standard,sg_c,90.3566384180791,65.04313943779572
vp_558960,reduced_compute,baseline,6.041666666666667,25.85583078207626
vp_558960,reduced_compute,dg,40.59322033898305,51.29418313387142
vp_558960,reduced_compute,sg,86.37005649717514,61.09101029780128
vp_558960,reduced_compute,sg_c,88.40042372881356,61.480656832730304
vp_558960,missing_low_freq,baseline,6.041666666666667,20.762593932646816
vp_558960,missing_low_freq,dg,6.041666666666667,31.92318396882828
vp_558960,missing_low_freq,sg,6.151129943502824,32.11800723629279
vp_558960,missing_low_freq,sg_c,83.34392655367232,66.26774283328695
vp_180230,standard,baseline,96.95050433966689,47.21095334685598
vp_180230,standard,dg,83.428839516102,65.11156186612575
vp_180230,standard,sg,97.68774504875843,75.25354969574036
vp_180230,standard,sg_c,81.42488522502596,70.28397565922921
vp_180230,reduced_compute,baseline,7.962199658188399,22.718052738336713
vp_180230,reduced_compute,dg,80.39945042056232,69.77687626774848
vp_180230,reduced_compute,sg,97.38614657685734,76.47058823529412
vp_180230,reduced_compute,sg_c,95.45591635669047,63.28600405679513
vp_180230,missing_low_freq,baseline,7.918635434469354,16.43002028397566
vp_180230,missing_low_freq,dg,80.12801179585135,66.07505070993915
vp_180230,missing_low_freq,sg,93.76026272577997,71.14604462474645
vp_180230,missing_low_freq,sg_c,66.67671994906337,69.1683569979716
vp_268850,standard,baseline,97.05160554422592,68.93474623535974
vp_268850,standard,dg,91.16864263247037,81.65086447295036
vp_268850,standard,sg,97.57353703639694,86.16843279419967
vp_268850,standard,sg_c,93.02478310462826,72.28109313998885
vp_268850,reduced_compute,baseline,9.10787736338184,21.1377579475739
vp_268850,reduced_compute,dg,85.94932771076009,77.35638594534299
vp_268850,reduced_compute,sg,97.53897203691541,85.6664807585053
vp_268850,reduced_compute,sg_c,94.32788358508175,76.29670942554378
vp_268850,missing_low_freq,baseline,5.786180913207286,15.170105967651981
vp_268850,missing_low_freq,dg,79.62738930558916,69.71556051310652
vp_268850,missing_low_freq,sg,90.68818913967716,77.24484104852203
vp_268850,missing_low_freq,sg_c,83.04241125436384,87.61851645287229
vp_377451,standard,baseline,81.39462488326242,47.3822851498189
vp_377451,standard,dg,87.46497872781987,60.28975963121501
vp_377451,standard,sg,87.76936114281762,74.97530457688508
vp_377451,standard,sg_c,92.44578188232853,76.8521567336187
vp_377451,reduced_compute,baseline,10.138009754072844,15.772143562726374
vp_377451,reduced_compute,dg,34.99705994258241,50.60915377016792
vp_377451,reduced_compute,sg,80.74435336031269,75.07408626934475
vp_377451,reduced_compute,sg_c,88.87274739718445,75.63384919328284
vp_377451,missing_low_freq,baseline,10.138009754072844,11.294040171221601
vp_377451,missing_low_freq,dg,40.240738819134585,29.700362199539022
vp_377451,missing_low_freq,sg,18.978935353325724,37.30655251893316
vp_377451,missing_low_freq,sg_c,84.33468230085435,75.83141257820218
vp_414229,standard,baseline,12.304064824654622,40.97073518915061
vp_414229,standard,dg,89.78148246546228,72.05567451820129
vp_414229,standard,sg,96.5893995749203,83.01213418986438
vp_414229,standard,sg_c,95.79569606801275,73.8401142041399
vp_414229,reduced_compute,baseline,8.704171094580234,27.55174875089222
vp_414229,reduced_compute,dg,73.24654622741764,42.005710206995005
vp_414229,reduced_compute,sg,96.6624601487779,81.87009279086367
vp_414229,reduced_compute,sg_c,96.04144527098832,76.90935046395431
vp_414229,missing_low_freq,baseline,8.710812964930925,23.98286937901499
vp_414229,missing_low_freq,dg,8.677603613177471,21.591720199857246
vp_414229,missing_low_freq,sg,17.820138150903293,43.504639543183444
vp_414229,missing_low_freq,sg_c,82.91046758767268,83.58315488936474
vp_117324,standard,baseline,80.3405462930117,41.17647058823529
vp_117324,standard,dg,89.48918056048244,77.18246534282503
vp_117324,standard,sg,95.57999290528556,81.4537279880105
vp_117324,standard,sg_c,93.52252571833984,69.27688272761334
vp_117324,reduced_compute,baseline,8.173111032280952,19.333083551892095
vp_117324,reduced_compute,dg,76.25044341965236,74.26002248032971
vp_117324,reduced_compute,sg,95.47711954593827,85.08804795803671
vp_117324,reduced_compute,sg_c,92.52571833983683,75.60884226301987
vp_117324,missing_low_freq,baseline,8.183753103937565,13.300861745972275
vp_117324,missing_low_freq,dg,8.27953174884711,37.16747845635069
vp_117324,missing_low_freq,sg,12.025540971975877,38.816035968527544
vp_117324,missing_low_freq,sg_c,90.43632493792126,84.00149868864743
vp_195041,standard,baseline,17.706335777401765,42.140371229698374
vp_195041,standard,dg,83.27505170144764,77.40719257540604
vp_195041,standard,sg,84.0947546531303,89.0951276102088
vp_195041,standard,sg_c,89.26113931190073,86.65893271461717
vp_195041,reduced_compute,baseline,8.610641097950742,25.406032482598604
vp_195041,reduced_compute,dg,8.610641097950742,23.54988399071926
vp_195041,reduced_compute,sg,61.86877232562512,81.72853828306265
vp_195041,reduced_compute,sg_c,79.50366610265087,85.09280742459396
vp_195041,missing_low_freq,baseline,8.610641097950742,20.99767981438515
vp_195041,missing_low_freq,dg,8.610641097950742,31.583526682134572
vp_195041,missing_low_freq,sg,8.610641097950742,28.65429234338747
vp_195041,missing_low_freq,sg_c,93.52885880804662,89.8491879350348
vp_115219,standard,baseline,89.12483912483913,58.4672435105068
vp_115219,standard,dg,94.48376948376949,85.12566955088586
vp_115219,standard,sg,96.17117117117117,76.926246394726
vp_115219,standard,sg_c,95.38109538109538,70.53976102183765
vp_115219,reduced_compute,baseline,5.255255255255255,20.93119077049856
vp_115219,reduced_compute,dg,87.2944372944373,83.51874742480429
vp_115219,reduced_compute,sg,92.74989274989275,86.23815409971158
vp_115219,reduced_compute,sg_c,96.17117117117117,80.46971569839307
vp_115219,missing_low_freq,baseline,5.273130273130273,15.203955500618047
vp_115219,missing_low_freq,dg,79.47947947947948,79.11001236093944
vp_115219,missing_low_freq,sg,5.366080366080366,32.63288009888752
vp_115219,missing_low_freq,sg_c,95.04862004862005,75.11330861145447
vp_127226,standard,baseline,12.120742554312455,20.973716704886222
vp_127226,standard,dg,38.88492887470171,41.347680366907746
vp_127226,standard,sg,89.94328570985837,73.9989416122773
vp_127226,standard,sg_c,95.91223231164967,94.10830834362322
vp_127226,reduced_compute,baseline,12.105246846623485,3.439760098782854
vp_127226,reduced_compute,dg,14.166175969256518,8.590580349267949
vp_127226,reduced_compute,sg,67.69454861003503,28.47062974069501
vp_127226,reduced_compute,sg_c,74.76369045774321,83.66554947962604
vp_127226,missing_low_freq,baseline,12.12384169585025,2.4695713529723053
vp_127226,missing_low_freq,dg,12.728174295720084,8.325983418592346
vp_127226,missing_low_freq,sg,80.23677441348747,36.920091726935965
vp_127226,missing_low_freq,sg_c,0.0,29.387899100370436
vp_545345,standard,baseline,9.244707405010631,6.952117863720074
vp_545345,standard,dg,48.812055098456135,30.52486187845304
vp_545345,standard,sg,81.08224708021325,58.9548802946593
vp_545345,standard,sg_c,88.94641151274229,91.06813996316758
vp_545345,reduced_compute,baseline,8.736248497735048,5.225598526703499
vp_545345,reduced_compute,dg,14.902468336877137,9.300184162062616
vp_545345,reduced_compute,sg,69.09802471418446,29.581031307550642
vp_545345,reduced_compute,sg_c,66.4324674124064,80.15653775322284
vp_545345,missing_low_freq,baseline,13.679085390280733,3.7292817679558015
vp_545345,missing_low_freq,dg,9.253952112415643,11.786372007366483
vp_545345,missing_low_freq,sg,76.61397183445811,36.21086556169429
vp_545345,missing_low_freq,sg_c,0.0,41.68968692449355
vp_238033,standard,baseline,7.448217920961644,19.444444444444446
vp_238033,standard,dg,66.9757973309206,61.422222222222224
vp_238033,standard,sg,86.02449348886807,59.75555555555555
vp_238033,standard,sg_c,93.44686076194785,87.82222222222222
vp_238033,reduced_compute,baseline,7.432061266035481,16.377777777777776
vp_238033,reduced_compute,dg,7.432061266035481,0.9333333333333335
vp_238033,reduced_compute,sg,75.87488286425177,55.04444444444444
vp_238033,reduced_compute,sg_c,82.16628429250008,68.08888888888889
vp_238033,missing_low_freq,baseline,7.432061266035481,11.088888888888889
vp_238033,missing_low_freq,dg,7.432061266035481,8.866666666666667
vp_238033,missing_low_freq,sg,88.952079361489,56.57777777777778
vp_238033,missing_low_freq,sg_c,80.9383785181116,64.11111111111111
vp_304020,standard,baseline,7.363576594345825,35.927195990503826
vp_304020,standard,dg,61.69983862291555,51.938802426800315
vp_304020,standard,sg,91.1840296455681,81.61434977578476
vp_304020,standard,sg_c,93.00400454246608,85.78211553679768
vp_304020,reduced_compute,baseline,7.288864981172674,0.949617515167502
vp_304020,reduced_compute,dg,7.922419460881,0.0
vp_304020,reduced_compute,sg,67.34205964975196,21.92033764178317
vp_304020,reduced_compute,sg_c,80.2910764449226,87.47032445265101
vp_304020,missing_low_freq,baseline,7.288864981172674,1.1078871010287523
vp_304020,missing_low_freq,dg,7.3366804136034895,1.5563175943022949
vp_304020,missing_low_freq,sg,86.3217978602594,22.632550778158798
vp_304020,missing_low_freq,sg_c,53.75948837487299,58.902664204695334
vp_555651,standard,baseline,93.51491097112479,68.6105476673428
vp_555651,standard,dg,93.52219349670466,87.32251521298174
vp_555651,standard,sg,91.26096930415468,81.54158215010142
vp_555651,standard,sg_c,89.28376360921968,80.17241379310344
vp_555651,reduced_compute,baseline,6.648945854422314,25.25354969574036
vp_555651,reduced_compute,dg,76.7286895095219,65.36511156186613
vp_555651,reduced_compute,sg,84.0621927684521,80.73022312373224
vp_555651,reduced_compute,sg_c,90.65651968102539,80.93306288032454
vp_555651,missing_low_freq,baseline,6.463241452135601,19.066937119675455
vp_555651,missing_low_freq,dg,74.02687251938971,69.67545638945232
vp_555651,missing_low_freq,sg,86.9096602701817,79.868154158215
vp_555651,missing_low_freq,sg_c,87.84910606998507,84.12778904665315
vp_599671,standard,baseline,7.98830487968813,27.55708476696903
vp_599671,standard,dg,90.24398440650626,75.2580544260244
vp_599671,standard,sg,96.95187525205,86.01814200813263
vp_599671,standard,sg_c,95.91678989111439,75.97747888645605
vp_599671,reduced_compute,baseline,5.797150154590671,22.08320300281514
vp_599671,reduced_compute,dg,8.267240220459739,26.212073819205507
vp_599671,reduced_compute,sg,96.81072724828606,89.92805755395683
vp_599671,reduced_compute,sg_c,93.52399516063987,82.20206443540819
vp_599671,missing_low_freq,baseline,5.743379486490119,16.953393806693775
vp_599671,missing_low_freq,dg,5.743379486490119,33.75039099155458
vp_599671,missing_low_freq,sg,14.60881838956849,50.23459493274945
vp_599671,missing_low_freq,sg_c,94.10539050947708,82.98404754457303
vp_200513,standard,baseline,98.2576026505739,52.34323432343234
vp_200513,standard,dg,86.99266359010768,83.16831683168317
vp_200513,standard,sg,95.06271447166016,74.65346534653466
vp_200513,standard,sg_c,83.6232398532718,59.471947194719476
vp_200513,reduced_compute,baseline,9.889362205656136,19.273927392739274
vp_200513,reduced_compute,dg,87.10803455212401,80.5940594059406
vp_200513,reduced_compute,sg,94.44444444444444,85.87458745874588
vp_200513,reduced_compute,sg_c,85.49875754348598,69.43894389438944
vp_200513,missing_low_freq,baseline,9.768074784049224,18.085808580858085
vp_200513,missing_low_freq,dg,90.99219027334044,83.89438943894389
vp_200513,missing_low_freq,sg,93.37652348834457,80.990099009901
vp_200513,missing_low_freq,sg_c,72.92332268370608,63.6963696369637
vp_300618,standard,baseline,93.96099744245524,61.50627615062761
vp_300618,standard,dg,90.84398976982098,68.49372384937239
vp_300618,standard,sg,95.87595907928389,77.48953974895397
vp_300618,standard,sg_c,92.52557544757033,75.35564853556485
vp_300618,reduced_compute,baseline,4.293478260869565,23.389121338912133
vp_300618,reduced_compute,dg,72.94117647058823,48.53556485355649
vp_300618,reduced_compute,sg,87.25383631713555,83.09623430962343
vp_300618,reduced_compute,sg_c,92.78132992327366,81.42259414225941
vp_300618,missing_low_freq,baseline,4.283887468030691,17.656903765690377
vp_300618,missing_low_freq,dg,4.283887468030691,26.025104602510464
vp_300618,missing_low_freq,sg,90.92071611253198,81.96652719665272
vp_300618,missing_low_freq,sg_c,87.97953964194375,80.0836820083682
vp_725751,standard,baseline,94.27882296189098,76.07476635514018
vp_725751,standard,dg,96.7551053223991,85.37383177570094
vp_725751,standard,sg,96.8001286380447,94.81308411214954
vp_725751,standard,sg_c,94.41710885994533,90.93457943925233
vp_725751,reduced_compute,baseline,8.05595754944525,27.149532710280372
vp_725751,reduced_compute,dg,47.18443479659109,19.065420560747665
vp_725751,reduced_compute,sg,96.33059977488342,93.64485981308411
vp_725751,reduced_compute,sg_c,95.07959479015919,94.34579439252336
vp_725751,missing_low_freq,baseline,7.985206624859302,25.794392523364486
vp_725751,missing_low_freq,dg,9.368065605402798,16.635514018691588
vp_725751,missing_low_freq,sg,96.88374336710082,95.56074766355141
vp_725751,missing_low_freq,sg_c,76.78404888245699,96.49532710280374
vp_516742,standard,baseline,8.721525467110315,19.91670749632533
vp_516742,standard,dg,84.97248528282569,70.38216560509554
vp_516742,standard,sg,97.12695162528794,86.13424791768742
vp_516742,standard,sg_c,95.54325569490658,83.5374816266536
vp_516742,reduced_compute,baseline,8.596749424110572,18.98579127878491
vp_516742,reduced_compute,dg,8.59355003839263,9.480646741793239
vp_516742,reduced_compute,sg,92.10711543383671,81.96962273395394
vp_516742,reduced_compute,sg_c,86.53698489889942,84.56638902498776
vp_516742,missing_low_freq,baseline,8.59355003839263,15.948064674179324
vp_516742,missing_low_freq,dg,8.59355003839263,25.84517393434591
vp_516742,missing_low_freq,sg,17.54863066291272,41.523762861342476
vp_516742,missing_low_freq,sg_c,78.48413104683901,91.94022537971583
vp_989987,standard,baseline,10.825249543090116,29.235508260991317
vp_989987,standard,dg,91.99704765921553,69.28031363763651
vp_989987,standard,sg,84.72866582314073,74.82497899747969
vp_989987,standard,sg_c,90.4365246731337,74.65695883506021
vp_989987,reduced_compute,baseline,9.099536060733868,23.634836180341644
vp_989987,reduced_compute,dg,8.69183185716294,30.663679641556985
vp_989987,reduced_compute,sg,65.05693800084352,82.97395687482498
vp_989987,reduced_compute,sg_c,78.22648671446647,79.55754690562867
vp_989987,missing_low_freq,baseline,8.84296358779699,17.55810697283674
vp_989987,missing_low_freq,dg,8.688317165752848,34.89218706244749
vp_989987,missing_low_freq,sg,8.818360747926333,39.62475497059647
vp_989987,missing_low_freq,sg_c,82.52495430901166,78.38140576869225
vp_180533,standard,baseline,26.325459317585302,17.389984825493173
vp_180533,standard,dg,90.12139107611549,65.76631259484067
vp_180533,standard,sg,94.18635170603675,79.7875569044006
vp_180533,standard,sg_c,94.52755905511812,80.66767830045524
vp_180533,reduced_compute,baseline,6.889763779527559,14.658573596358119
vp_180533,reduced_compute,dg,40.574146981627294,60.39453717754173
vp_180533,reduced_compute,sg,92.5229658792651,82.61001517450683
vp_180533,reduced_compute,sg_c,90.29527559055119,82.33687405159333
vp_180533,missing_low_freq,baseline,6.889763779527559,11.471927162367223
vp_180533,missing_low_freq,dg,6.889763779527559,22.36722306525038
vp_180533,missing_low_freq,sg,9.488188976377952,34.840667678300456
vp_180533,missing_low_freq,sg_c,84.78674540682415,79.0288315629742
vp_192439,standard,baseline,89.90549527476374,71.8625678119349
vp_192439,standard,dg,93.78368918445922,70.48824593128391
vp_192439,standard,sg,95.78928946447323,88.71609403254973
vp_192439,standard,sg_c,94.95974798739937,88.1374321880651
vp_192439,reduced_compute,baseline,4.725236261813091,33.49005424954792
vp_192439,reduced_compute,dg,79.70248512425621,45.20795660036166
vp_192439,reduced_compute,sg,87.50437521876093,85.20795660036167
vp_192439,reduced_compute,sg_c,93.12915645782289,87.4502712477396
vp_192439,missing_low_freq,baseline,4.725236261813091,26.582278481012654
vp_192439,missing_low_freq,dg,4.725236261813091,20.325497287522605
vp_192439,missing_low_freq,sg,5.288764438221911,51.8625678119349
vp_192439,missing_low_freq,sg_c,88.45642282114106,91.21157323688969
vp_578158,standard,baseline,82.27365463727884,67.53082516598167
vp_578158,standard,dg,92.49807685875781,91.14764464116345
vp_578158,standard,sg,94.63861667614302,83.90768257982928
vp_578158,standard,sg_c,93.82588046422957,86.08915586468542
vp_578158,reduced_compute,baseline,12.873340245493162,18.716408472968702
vp_578158,reduced_compute,dg,72.75159704337938,76.31994941511223
vp_578158,reduced_compute,sg,91.74888792267299,93.0761934871957
vp_578158,reduced_compute,sg_c,94.31419111007057,93.86658235852039
vp_578158,missing_low_freq,baseline,12.977022642897756,14.195384128991465
vp_578158,missing_low_freq,dg,80.28362152580354,66.01327853303826
vp_578158,missing_low_freq,sg,12.977022642897756,54.947834334492576
vp_578158,missing_low_freq,sg_c,72.63453627211612,95.76351564969966
vp_165840,standard,baseline,5.594645080946451,41.35446685878962
vp_165840,standard,dg,89.8318804483188,68.21325648414985
vp_165840,standard,sg,94.04420921544208,88.81844380403459
vp_165840,standard,sg_c,94.953300124533,88.06916426512969
vp_165840,reduced_compute,baseline,5.09651307596513,23.602305475504323
vp_165840,reduced_compute,dg,5.099626400996264,3.7463976945244957
vp_165840,reduced_compute,sg,90.70049813200498,82.3342939481268
vp_165840,reduced_compute,sg_c,84.19053549190535,86.71469740634006
vp_165840,missing_low_freq,baseline,5.09651307596513,23.256484149855908
vp_165840,missing_low_freq,dg,5.09651307596513,0.9221902017291067
vp_165840,missing_low_freq,sg,12.524906600249066,26.685878962536023
vp_165840,missing_low_freq,sg_c,74.42714819427148,90.95100864553314
vp_495255,standard,baseline,94.14484746576987,52.980946527350945
vp_495255,standard,dg,95.28885419168869,79.90165949600492
vp_495255,standard,sg,97.3877011770358,87.8918254456054
vp_495255,standard,sg_c,89.87509007926975,61.58574062692072
vp_495255,reduced_compute,baseline,8.200216190247419,32.9440688383528
vp_495255,reduced_compute,dg,80.85815517655537,28.272894898586355
vp_495255,reduced_compute,sg,98.54071582993033,88.19913952059004
vp_495255,reduced_compute,sg_c,93.16598606773961,68.96127842655193
vp_495255,missing_low_freq,baseline,8.200216190247419,27.658266748617088
vp_495255,missing_low_freq,dg,83.29329810233006,38.84449907805777
vp_495255,missing_low_freq,sg,98.36355993274081,86.0479409956976
vp_495255,missing_low_freq,sg_c,75.51645447994235,72.28027043638599
vp_971160,standard,baseline,94.22560571121711,59.42028985507246
vp_971160,standard,dg,90.89300944498846,87.93478260869566
vp_971160,standard,sg,98.00044224026281,86.77536231884058
vp_971160,standard,sg_c,95.91243642796222,74.71014492753623
vp_971160,reduced_compute,baseline,8.68370344631519,20.76086956521739
vp_971160,reduced_compute,dg,74.04049657263796,77.5
vp_971160,reduced_compute,sg,97.64033231196892,91.77536231884058
vp_971160,reduced_compute,sg_c,93.59699276621284,81.52173913043478
vp_971160,missing_low_freq,baseline,9.249139210917017,17.21014492753623
vp_971160,missing_low_freq,dg,8.48469532804751,52.21014492753623
vp_971160,missing_low_freq,sg,8.576302239631046,43.80434782608696
vp_971160,missing_low_freq,sg_c,68.27242000189531,85.86956521739131
vp_679770,standard,baseline,96.89333461575454,49.42700548081714
vp_679770,standard,dg,96.23609374499054,75.88440458395615
vp_679770,standard,sg,94.67795197332563,79.52167414050822
vp_679770,standard,sg_c,91.1416754833125,61.23567513702043
vp_679770,reduced_compute,baseline,4.793049277035042,24.11559541604385
vp_679770,reduced_compute,dg,84.24866147286076,75.9840558046836
vp_679770,reduced_compute,sg,97.27164887307237,82.0627802690583
vp_679770,reduced_compute,sg_c,92.22532140681608,68.65969108121574
vp_679770,missing_low_freq,baseline,4.668013208938476,18.684603886397607
vp_679770,missing_low_freq,dg,86.50251675162707,80.31888390632786
vp_679770,missing_low_freq,sg,20.10515853932224,49.22770303936223
vp_679770,missing_low_freq,sg_c,71.36032829983007,60.288988540109614
vp_100206,standard,baseline,6.267724655532956,17.958020212490283
vp_100206,standard,dg,65.29548254031911,38.4296449857476
vp_100206,standard,sg,84.21037554785299,25.36926664939103
vp_100206,standard,sg_c,86.00647397519265,85.41072816791915
vp_100206,reduced_compute,baseline,6.267724655532956,5.519564654055455
vp_100206,reduced_compute,dg,14.961757712910712,8.862399585384814
vp_100206,reduced_compute,sg,70.23976624939128,6.841150557139156
vp_100206,reduced_compute,sg_c,65.02334641496462,43.79372894532263
vp_100206,missing_low_freq,baseline,6.290641381878599,4.223892200051827
vp_100206,missing_low_freq,dg,6.829184451001175,11.686965535112725
vp_100206,missing_low_freq,sg,83.61740525365951,5.571391552215601
vp_100206,missing_low_freq,sg_c,0.0,14.977973568281937
vp_114318,standard,baseline,75.24760227050304,54.232209737827716
vp_114318,standard,dg,90.24075161479742,68.31460674157303
vp_114318,standard,sg,84.38833431199843,79.5505617977528
vp_114318,standard,sg_c,91.03542767664905,75.1310861423221
vp_114318,reduced_compute,baseline,5.3395967899784695,23.857677902621724
vp_114318,reduced_compute,dg,81.45233900959091,45.69288389513109
vp_114318,reduced_compute,sg,66.74887453513408,72.35955056179775
vp_114318,reduced_compute,sg_c,84.41965159522411,77.34082397003745
vp_114318,missing_low_freq,baseline,5.3395967899784695,20.1498127340824
vp_114318,missing_low_freq,dg,88.07985907222549,56.92883895131086
vp_114318,missing_low_freq,sg,5.390487375220199,26.06741573033708
vp_114318,missing_low_freq,sg_c,83.8285378743394,77.71535580524345
vp_368753,standard,baseline,94.11829903572617,47.1115091804747
vp_368753,standard,dg,85.51741973621014,71.92118226600985
vp_368753,standard,sg,92.02719178335242,67.03985669502912
vp_368753,standard,sg_c,94.68356301030776,64.66636811464397
vp_368753,reduced_compute,baseline,10.78434994642923,21.585311240483655
vp_368753,reduced_compute,dg,52.60649499390402,51.67935512763099
vp_368753,reduced_compute,sg,77.36727380204678,67.98029556650246
vp_368753,reduced_compute,sg_c,93.0875235526656,70.39856695029108
vp_368753,missing_low_freq,baseline,10.78434994642923,15.584415584415584
vp_368753,missing_low_freq,dg,91.42498245095504,66.81594267801164
vp_368753,missing_low_freq,sg,48.53511656260391,38.19973130317958
vp_368753,missing_low_freq,sg_c,93.41264270144455,74.56336766681594
vp_713239,standard,baseline,45.06606810096561,36.43130582730753
vp_713239,standard,dg,61.4094528205997,44.72564866014462
vp_713239,standard,sg,73.36100287989157,54.508719693747345
vp_713239,standard,sg_c,83.26698289005591,66.92896639727776
vp_713239,reduced_compute,baseline,6.661866847365746,19.99149298170991
vp_713239,reduced_compute,dg,27.820599695070303,16.780093577201193
vp_713239,reduced_compute,sg,25.461629679823815,44.59804338579328
vp_713239,reduced_compute,sg_c,34.444350330340505,52.786048490004255
vp_713239,missing_low_freq,baseline,6.661866847365746,15.142492556358997
vp_713239,missing_low_freq,dg,6.661866847365746,21.863037005529563
vp_713239,missing_low_freq,sg,6.661866847365746,17.822203317737134
vp_713239,missing_low_freq,sg_c,77.71895646281551,54.89153551680136
vp_198249,standard,baseline,5.818205563536633,23.08848797250859
vp_198249,standard,dg,59.2007313569283,44.97422680412371
vp_198249,standard,sg,89.38552958077575,81.07817869415808
vp_198249,standard,sg_c,90.7535588350529,83.44072164948454
vp_198249,reduced_compute,baseline,5.779025728091942,18.535223367697597
vp_198249,reduced_compute,dg,5.814940577249575,1.3101374570446735
vp_198249,reduced_compute,sg,71.52605459057072,60.65292096219931
vp_198249,reduced_compute,sg_c,80.7137260023508,75.53694158075601
vp_198249,missing_low_freq,baseline,5.779025728091942,13.402061855670103
vp_198249,missing_low_freq,dg,5.779025728091942,5.777491408934708
vp_198249,missing_low_freq,sg,78.94736842105263,54.574742268041234
vp_198249,missing_low_freq,sg_c,85.81689956902181,79.57474226804123
vp_121618,standard,baseline,92.41508713904084,73.99713467048711
vp_121618,standard,dg,90.71682991985752,81.48280802292264
vp_121618,standard,sg,95.07696221854725,93.62464183381088
vp_121618,standard,sg_c,92.4786922783361,86.56876790830945
vp_121618,reduced_compute,baseline,7.616715430606794,23.065902578796564
vp_121618,reduced_compute,dg,79.70041979391935,56.626074498567334
vp_121618,reduced_compute,sg,97.4716957130136,97.09885386819485
vp_121618,reduced_compute,sg_c,92.67268795318661,91.69054441260745
vp_121618,missing_low_freq,baseline,7.616715430606794,14.362464183381087
vp_121618,missing_low_freq,dg,73.95369545859305,34.49140401146132
vp_121618,missing_low_freq,sg,96.39994911588856,89.54154727793696
vp_121618,missing_low_freq,sg_c,88.76097188652842,90.15042979942693
vp_196144,standard,baseline,12.949612991349218,33.655536028119506
vp_196144,standard,dg,83.03991500986493,71.294669009959
vp_196144,standard,sg,85.39232053422371,84.79789103690686
vp_196144,standard,sg_c,96.36515404461981,84.47568834212068
vp_196144,reduced_compute,baseline,10.688268325997875,25.629759812536612
vp_196144,reduced_compute,dg,55.55091819699499,39.484475688342116
vp_196144,reduced_compute,sg,89.39520412809227,85.67662565905097
vp_196144,reduced_compute,sg_c,96.36515404461981,90.24604569420035
vp_196144,missing_low_freq,baseline,11.340871148884505,22.290568248388986
vp_196144,missing_low_freq,dg,8.904993170435574,34.27065026362039
vp_196144,missing_low_freq,sg,9.007436636818941,30.111306385471586
vp_196144,missing_low_freq,sg_c,92.5330095613902,88.8107791446983
vp_208125,standard,baseline,78.44118453523444,57.13317519484921
vp_208125,standard,dg,89.01494378941595,69.26465604879701
vp_208125,standard,sg,97.31285988483685,90.54557777024738
vp_208125,standard,sg_c,91.41760350973402,89.22399186716368
vp_208125,reduced_compute,baseline,8.195091856320264,33.64961030159268
vp_208125,reduced_compute,dg,35.72456813819578,49.169772958319214
vp_208125,reduced_compute,sg,96.6033726350425,84.07319552694003
vp_208125,reduced_compute,sg_c,94.68055936386071,82.64994916977297
vp_208125,missing_low_freq,baseline,8.195091856320264,27.821077600813283
vp_208125,missing_low_freq,dg,8.195091856320264,37.68214164689936
vp_208125,missing_low_freq,sg,8.43844255552509,43.747882073873264
vp_208125,missing_low_freq,sg_c,83.91143405538799,84.24262961707896
vp_613538,standard,baseline,10.414417097963288,26.983672300200517
vp_613538,standard,dg,85.30364523215549,85.44829561730162
vp_613538,standard,sg,93.9717764456194,83.72959037525064
vp_613538,standard,sg_c,98.3542465651413,89.08622171297623
vp_613538,reduced_compute,baseline,5.577689243027888,18.64795187625322
vp_613538,reduced_compute,dg,78.32967196634024,65.68318533371527
vp_613538,reduced_compute,sg,75.37327326209183,86.078487539387
vp_613538,reduced_compute,sg_c,94.87284506832484,84.96132913205385
vp_613538,missing_low_freq,baseline,7.081952563577467,13.95015754798052
vp_613538,missing_low_freq,dg,5.559072122724057,41.907762818676595
vp_613538,missing_low_freq,sg,5.652157724243214,38.241191635634486
vp_613538,missing_low_freq,sg_c,94.84678109989947,83.90146089945574
vp_826454,standard,baseline,96.12769106092104,59.93117010816126
vp_826454,standard,dg,94.72886790458406,78.41691248770894
vp_826454,standard,sg,95.94094640780804,82.35004916420846
vp_826454,standard,sg_c,85.39515873295514,87.90560471976401
vp_826454,reduced_compute,baseline,5.447306296465945,23.402163225172075
vp_826454,reduced_compute,dg,64.83562947042036,47.44346116027532
vp_826454,reduced_compute,sg,97.41023924456502,94.24778761061947
vp_826454,reduced_compute,sg_c,97.58288996159402,82.54670599803343
vp_826454,missing_low_freq,baseline,5.366266163982946,18.33824975417896
vp_826454,missing_low_freq,dg,5.366266163982946,49.11504424778761
vp_826454,missing_low_freq,sg,25.24223952644375,32.54670599803343
vp_826454,missing_low_freq,sg_c,78.54198231211022,91.69124877089479
vp_159946,standard,baseline,10.061190536615626,10.018120631633446
vp_159946,standard,dg,47.99932323830471,11.467771162309086
vp_159946,standard,sg,77.01830076417676,9.345068599534041
vp_159946,standard,sg_c,69.41883089417139,80.09319181982914
vp_159946,reduced_compute,baseline,10.058370696218594,2.0450427129174216
vp_159946,reduced_compute,dg,11.000197388827793,2.8734144447320737
vp_159946,reduced_compute,sg,56.9889744240476,0.4659590991457417
vp_159946,reduced_compute,sg_c,65.3413416800609,12.011390111312451
vp_159946,missing_low_freq,baseline,10.058370696218594,2.536888428682371
vp_159946,missing_low_freq,dg,10.997377548430759,4.866683924411079
vp_159946,missing_low_freq,sg,73.56963595860474,4.167745275692467
vp_159946,missing_low_freq,sg_c,0.0,8.74967641729226
vp_185947,standard,baseline,13.454790823211876,24.63633549984525
vp_185947,standard,dg,94.98313090418353,82.5750541627979
vp_185947,standard,sg,92.94534412955466,76.3540699473847
vp_185947,standard,sg_c,93.55263157894737,78.52058186320025
vp_185947,reduced_compute,baseline,9.406207827260458,21.07706592386258
vp_185947,reduced_compute,dg,36.81511470985156,50.974930362116986
vp_185947,reduced_compute,sg,89.22402159244265,83.72021046115754
vp_185947,reduced_compute,sg_c,93.40080971659918,83.3488084184463
vp_185947,missing_low_freq,baseline,9.757085020242915,17.920148560817083
vp_185947,missing_low_freq,dg,8.593117408906883,43.299288146084805
vp_185947,missing_low_freq,sg,9.072199730094468,46.39430516867843
vp_185947,missing_low_freq,sg_c,77.64844804318489,91.36490250696379
vp_454140,standard,baseline,11.278749563665981,45.514367185786355
vp_454140,standard,dg,73.04037544118216,58.28032463259487
vp_454140,standard,sg,84.54795795679324,71.72625575784163
vp_454140,standard,sg_c,80.67719039677307,77.64860715069094
vp_454140,reduced_compute,baseline,11.05379513633014,23.886817284492214
vp_454140,reduced_compute,dg,11.05379513633014,7.501645097609125
vp_454140,reduced_compute,sg,37.388977233060544,57.20552752796666
vp_454140,reduced_compute,sg_c,80.63452662607145,60.122833954814645
vp_454140,missing_low_freq,baseline,11.05379513633014,16.69225707391972
vp_454140,missing_low_freq,dg,11.05379513633014,21.01338012722088
vp_454140,missing_low_freq,sg,11.115851530077958,19.390217152884404
vp_454140,missing_low_freq,sg_c,71.26013264554165,70.43211230533012
vp_318637,standard,baseline,89.39724758502051,45.34038334434898
vp_318637,standard,dg,92.68558951965066,87.5743555849306
vp_318637,standard,sg,94.03202328966522,78.42035690680767
vp_318637,standard,sg_c,92.0834987428874,68.07666886979511
vp_318637,reduced_compute,baseline,8.257244938467647,18.34104428288169
vp_318637,reduced_compute,dg,47.85298398835517,37.11169861202908
vp_318637,reduced_compute,sg,88.60328172555246,76.56972901520159
vp_318637,reduced_compute,sg_c,91.8519253672092,76.76801057501652
vp_318637,missing_low_freq,baseline,8.270477702792114,16.292134831460675
vp_318637,missing_low_freq,dg,8.250628556305411,38.69795109054858
vp_318637,missing_low_freq,sg,8.660844250363901,35.327164573694645
vp_318637,missing_low_freq,sg_c,87.9416435093291,73.03370786516854
vp_748258,standard,baseline,88.27316790855821,42.91744840525328
vp_748258,standard,dg,87.89336612891557,76.07879924953096
vp_748258,standard,sg,96.97243724227737,78.93996247654785
vp_748258,standard,sg_c,92.73674310931057,70.4033771106942
vp_748258,reduced_compute,baseline,7.997540331331838,23.123827392120074
vp_748258,reduced_compute,dg,81.84185777327643,64.21200750469043
vp_748258,reduced_compute,sg,96.81328221080807,76.87617260787992
vp_748258,reduced_compute,sg_c,95.34471532952325,73.45215759849906
vp_748258,missing_low_freq,baseline,7.805830861607466,16.838649155722326
vp_748258,missing_low_freq,dg,80.92309918252188,59.803001876172615
vp_748258,missing_low_freq,sg,7.961368733270636,35.0375234521576
vp_748258,missing_low_freq,sg_c,79.9066772770021,82.78611632270169
vp_153025,standard,baseline,95.17243811270188,55.81787521079258
vp_153025,standard,dg,91.66020170674942,78.96290050590218
vp_153025,standard,sg,97.18245292333732,79.51096121416526
vp_153025,standard,sg_c,87.6930672120742,76.34907251264755
vp_153025,reduced_compute,baseline,8.540799774314127,23.69308600337268
vp_153025,reduced_compute,dg,78.31652443754848,84.73861720067454
vp_153025,reduced_compute,sg,96.8016080118485,84.52782462057336
vp_153025,reduced_compute,sg_c,95.10543761901403,74.28330522765599
vp_153025,missing_low_freq,baseline,8.487904647718457,17.200674536256326
vp_153025,missing_low_freq,dg,87.15353692079837,65.47217537942664
vp_153025,missing_low_freq,sg,15.745116016644333,43.676222596964585
vp_153025,missing_low_freq,sg_c,80.45348755201354,78.1618887015177
vp_550439,standard,baseline,9.129379346542448,50.04754358161648
vp_550439,standard,dg,90.33263351266237,75.34072900158478
vp_550439,standard,sg,96.4079517123737,83.04278922345483
vp_550439,standard,sg_c,96.99842540349036,80.28526148969888
vp_550439,reduced_compute,baseline,5.947382233302716,28.748019017432647
vp_550439,reduced_compute,dg,6.104841884267157,13.090332805071315
vp_550439,reduced_compute,sg,96.48668153785593,83.29635499207608
vp_550439,reduced_compute,sg_c,96.1881642829025,83.23296354992075
vp_550439,missing_low_freq,baseline,5.947382233302716,27.76545166402536
vp_550439,missing_low_freq,dg,6.0457945151554915,13.375594294770208
vp_550439,missing_low_freq,sg,16.572628264007346,35.53090332805071
vp_550439,missing_low_freq,sg_c,90.8476577876919,85.45166402535658
vp_304727,standard,baseline,4.8531591000943015,21.647379169503065
vp_304727,standard,dg,88.95998922268625,73.76900385749944
vp_304727,standard,sg,96.63545736225247,92.64805990469708
vp_304727,standard,sg_c,96.38623198167858,88.76786929884275
vp_304727,reduced_compute,baseline,4.563518792940859,18.538688450192875
vp_304727,reduced_compute,dg,4.576990435134043,18.629453142727478
vp_304727,reduced_compute,sg,73.68651488616462,87.97367823916497
vp_304727,reduced_compute,sg_c,91.05482958372626,90.81007488087134
vp_304727,missing_low_freq,baseline,4.563518792940859,14.522350805536647
vp_304727,missing_low_freq,dg,4.563518792940859,22.94077603812117
vp_304727,missing_low_freq,sg,4.843055368449415,34.24098025867937
vp_304727,missing_low_freq,sg_c,93.22376397682878,94.1683685046517
vp_884064,standard,baseline,76.75365663284352,52.60707635009311
vp_884064,standard,dg,95.15390097397088,87.80260707635009
vp_884064,standard,sg,95.89031798282825,90.53382991930478
vp_884064,standard,sg_c,94.22065361251569,83.86095592799504
vp_884064,reduced_compute,baseline,13.676315878779652,22.160148975791433
vp_884064,reduced_compute,dg,72.70166627074354,75.17070142768468
vp_884064,reduced_compute,sg,82.33617266773,86.87150837988827
vp_884064,reduced_compute,sg_c,92.99894797570163,88.54748603351955
vp_884064,missing_low_freq,baseline,13.757762921233924,15.79764121663563
vp_884064,missing_low_freq,dg,60.270811416160456,49.59652389819988
vp_884064,missing_low_freq,sg,13.947806020293887,41.65114835505897
vp_884064,missing_low_freq,sg_c,90.67431363898598,89.54065797641216
vp_623844,standard,baseline,6.507708256696652,35.89887640449439
vp_623844,standard,dg,92.97060495602449,82.1067415730337
vp_623844,standard,sg,97.79955188442632,87.64044943820225
vp_623844,standard,sg_c,96.9601712202789,85.89887640449439
vp_623844,reduced_compute,baseline,5.139952513125774,24.241573033707866
vp_623844,reduced_compute,dg,39.91572751897803,48.174157303370784
vp_623844,reduced_compute,sg,94.58917165501789,88.17415730337078
vp_623844,reduced_compute,sg_c,94.32832826137846,90.02808988764045
vp_623844,missing_low_freq,baseline,5.139952513125774,17.696629213483146
vp_623844,missing_low_freq,dg,5.139952513125774,35.252808988764045
vp_623844,missing_low_freq,sg,5.594756378958634,40.98314606741573
vp_623844,missing_low_freq,sg_c,94.32498411530615,89.15730337078651
vp_749058,standard,baseline,95.81863979848868,45.96590909090909
vp_749058,standard,dg,91.53652392947103,88.29545454545455
vp_749058,standard,sg,93.19306563935397,66.47727272727273
vp_749058,standard,sg_c,83.96799525855683,67.8409090909091
vp_749058,reduced_compute,baseline,8.069343606460217,21.534090909090907
vp_749058,reduced_compute,dg,76.93584234701437,49.09090909090909
vp_749058,reduced_compute,sg,94.55030374870351,78.18181818181819
vp_749058,reduced_compute,sg_c,83.18565713439028,73.63636363636363
vp_749058,missing_low_freq,baseline,8.016002370721589,17.15909090909091
vp_749058,missing_low_freq,dg,90.38672395910505,61.98863636363636
vp_749058,missing_low_freq,sg,89.52437398133057,82.67045454545455
vp_749058,missing_low_freq,sg_c,68.74203585716401,62.89772727272728
vp_705341,standard,baseline,14.387956564659426,23.308752805386344
vp_705341,standard,dg,93.54948173741361,92.2411029176018
vp_705341,standard,sg,94.97470384995064,88.32959281821097
vp_705341,standard,sg_c,93.23790720631787,81.62872715613979
vp_705341,reduced_compute,baseline,8.360069101678183,23.212568130811157
vp_705341,reduced_compute,dg,36.694842053307006,7.887143315165117
vp_705341,reduced_compute,sg,94.3392152023692,92.94645719781981
vp_705341,reduced_compute,sg_c,89.91855873642646,89.93267072779737
vp_705341,missing_low_freq,baseline,8.360069101678183,14.1391471625521
vp_705341,missing_low_freq,dg,8.360069101678183,14.395639628085924
vp_705341,missing_low_freq,sg,90.0542941757157,84.73869830073741
vp_705341,missing_low_freq,sg_c,75.3054047384008,89.80442449503046
vp_753150,standard,baseline,98.64072903562334,64.22857142857143
vp_753150,standard,dg,86.36126538001288,83.71428571428572
vp_753150,standard,sg,93.24353349084103,82.85714285714286
vp_753150,standard,sg_c,85.72612070817097,63.771428571428565
vp_753150,reduced_compute,baseline,5.664140406860789,17.37142857142857
vp_753150,reduced_compute,dg,97.03599153140438,91.60000000000001
vp_753150,reduced_compute,sg,98.71743732932404,93.88571428571429
vp_753150,reduced_compute,sg_c,90.13531343008806,74.4
vp_753150,missing_low_freq,baseline,5.618115430640361,14.742857142857144
vp_753150,missing_low_freq,dg,95.01089257770549,62.8
vp_753150,missing_low_freq,sg,97.85523610812801,82.97142857142858
vp_753150,missing_low_freq,sg_c,74.8182013439293,64.45714285714286
vp_169141,standard,baseline,95.47425985291345,63.51950354609929
vp_169141,standard,dg,84.41448236847067,80.40780141843972
vp_169141,standard,sg,96.91369664969514,76.95035460992908
vp_169141,standard,sg_c,89.6033691621095,76.24113475177306
vp_169141,reduced_compute,baseline,7.335470488402791,19.592198581560282
vp_169141,reduced_compute,dg,89.6316550380288,87.89893617021278
vp_169141,reduced_compute,sg,96.41397950845433,84.79609929078015
vp_169141,reduced_compute,sg_c,90.55251744295681,82.84574468085107
vp_169141,missing_low_freq,baseline,7.326041863096361,14.937943262411347
vp_169141,missing_low_freq,dg,84.5684832484757,67.24290780141844
vp_169141,missing_low_freq,sg,11.260921490979948,54.78723404255319
vp_169141,missing_low_freq,sg_c,62.34835627632158,86.43617021276596
vp_147636,standard,baseline,82.5907228563067,60.94345150893642
vp_147636,standard,dg,87.24758560140474,74.18693231760915
vp_147636,standard,sg,93.36406204272754,90.27248754761207
vp_147636,standard,sg_c,93.54331284752708,90.71198359214767
vp_147636,reduced_compute,baseline,8.000438981562773,29.56343392909464
vp_147636,reduced_compute,dg,27.915569212759735,45.76618810430706
vp_147636,reduced_compute,sg,64.90342405618964,81.86346322883095
vp_147636,reduced_compute,sg_c,81.0359964881475,84.26604160562555
vp_147636,missing_low_freq,baseline,8.428446005267778,23.556987987108116
vp_147636,missing_low_freq,dg,7.374890254609307,41.34192792264869
vp_147636,missing_low_freq,sg,15.302165642376353,38.58775271022561
vp_147636,missing_low_freq,sg_c,90.49970734562481,89.33489598593613
vp_715041,standard,baseline,8.235857718871014,11.855292104619897
vp_715041,standard,dg,79.10096211425606,61.40307993155708
vp_715041,standard,sg,84.3626492075532,91.93351258860915
vp_715041,standard,sg_c,96.79827538025471,97.50672207284282
vp_715041,reduced_compute,baseline,8.17198291348956,11.121975067220728
vp_715041,reduced_compute,dg,19.721346161523414,41.310193106819845
vp_715041,reduced_compute,sg,61.13617310072258,88.43803471033978
vp_715041,reduced_compute,sg_c,78.3025270469879,93.7179173796138
vp_715041,missing_low_freq,baseline,8.17198291348956,7.650941090197996
vp_715041,missing_low_freq,dg,8.17198291348956,25.054998777804936
vp_715041,missing_low_freq,sg,8.195935965507605,17.01295526766072
vp_715041,missing_low_freq,sg_c,94.458860633159,96.52896602297727
vp_395756,standard,baseline,85.54151379263487,52.12802179094314
vp_395756,standard,dg,92.15926076912623,75.65543071161048
vp_395756,standard,sg,96.53825247995653,86.27851549199865
vp_395756,standard,sg_c,91.56135344476152,88.38951310861424
vp_395756,reduced_compute,baseline,11.132626715586357,27.238678924072186
vp_395756,reduced_compute,dg,44.80568011958147,53.42185903983657
vp_395756,reduced_compute,sg,92.12528876206007,84.74633980251957
vp_395756,reduced_compute,sg_c,96.47030846582416,83.72488934286687
vp_395756,missing_low_freq,baseline,11.51990759614078,23.86789240721825
vp_395756,missing_low_freq,dg,10.62984101100693,26.149131767109296
vp_395756,missing_low_freq,sg,10.758934637858404,41.60708205652026
vp_395756,missing_low_freq,sg_c,82.37192553336051,89.20667347633639
vp_558657,standard,baseline,9.373424558876485,20.76502732240437
vp_558657,standard,dg,91.44760532949225,91.2568306010929
vp_558657,standard,sg,97.6737486496219,88.03885853066181
vp_558657,standard,sg_c,96.92473892689954,81.45112325440195
vp_558657,reduced_compute,baseline,6.744688512783579,20.157862780813602
vp_558657,reduced_compute,dg,19.40583363341736,45.62841530054645
vp_558657,reduced_compute,sg,95.85523946705078,93.92835458409229
vp_558657,reduced_compute,sg_c,96.0136838314728,89.58712811171827
vp_558657,missing_low_freq,baseline,7.133597407274037,14.905889496053431
vp_558657,missing_low_freq,dg,6.604249189773137,39.55676988463874
vp_558657,missing_low_freq,sg,7.129996398991717,35.640558591378266
vp_558657,missing_low_freq,sg_c,93.65862441483615,92.92653309046752
vp_172130,standard,baseline,84.30894604722232,54.628651883139746
vp_172130,standard,dg,93.50238294466476,83.45652939105949
vp_172130,standard,sg,97.99905409830102,86.94121788102781
vp_172130,standard,sg_c,96.88216247680722,73.42485040478705
vp_172130,reduced_compute,baseline,7.443518754320225,25.02639915522703
vp_172130,reduced_compute,dg,78.13148033615892,76.52235128475888
vp_172130,reduced_compute,sg,86.98657547204132,80.92221048926434
vp_172130,reduced_compute,sg_c,95.44148142758395,78.52868708201338
vp_172130,missing_low_freq,baseline,7.443518754320225,19.816965857092573
vp_172130,missing_low_freq,dg,90.04620365991197,71.59450897571278
vp_172130,missing_low_freq,sg,7.5126423400152795,41.67546638507568
vp_172130,missing_low_freq,sg_c,95.7725470222287,88.59556494192185
vp_167440,standard,baseline,89.3452714045887,57.437218287186084
vp_167440,standard,dg,86.99123297892184,71.41017385705088
vp_167440,standard,sg,96.37754150345084,87.99098518995493
vp_167440,standard,sg_c,88.37903376235778,89.37540244687702
vp_167440,reduced_compute,baseline,9.576571535161351,18.737926593689632
vp_167440,reduced_compute,dg,74.81440029845177,56.92208628461043
vp_167440,reduced_compute,sg,76.45588509606416,81.1976819059884
vp_167440,reduced_compute,sg_c,90.78530124976683,84.19188667095943
vp_167440,missing_low_freq,baseline,9.625069949636261,13.90856406954282
vp_167440,missing_low_freq,dg,8.34172728968476,32.4211204121056
vp_167440,missing_low_freq,sg,8.397686998694272,30.038634900193173
vp_167440,missing_low_freq,sg_c,87.86420443947026,90.53444945267225
vp_181131,standard,baseline,9.236128812983262,18.650232370175793
vp_181131,standard,dg,43.312940776616536,66.23560315215194
vp_181131,standard,sg,56.61908403432747,84.42109517074157
vp_181131,standard,sg_c,90.95929985555273,85.49201858961406
vp_181131,reduced_compute,baseline,9.975358993967202,15.437462113558295
vp_181131,reduced_compute,dg,10.395955476251169,14.346332592442918
vp_181131,reduced_compute,sg,23.583142153114114,60.71933723984644
vp_181131,reduced_compute,sg_c,54.9494434531396,73.04505960800162
vp_181131,missing_low_freq,baseline,10.74432832016314,10.992119620125278
vp_181131,missing_low_freq,dg,9.665222193899227,20.02424732269145
vp_181131,missing_low_freq,sg,11.691732517631065,15.578904829258436
vp_181131,missing_low_freq,sg_c,66.39476591044269,74.80299050313195
vp_356948,standard,baseline,6.501655917727035,18.27613727055068
vp_356948,standard,dg,69.11626285515078,66.22106943335993
vp_356948,standard,sg,93.79815234443089,90.84197924980047
vp_356948,standard,sg_c,95.85497646853757,94.53312051077414
vp_356948,reduced_compute,baseline,9.25222241589681,17.99680766161213
vp_356948,reduced_compute,dg,8.349311486839811,1.4365522745411012
vp_356948,reduced_compute,sg,84.47620707686944,80.98563447725459
vp_356948,reduced_compute,sg_c,85.90552553599441,90.2633679169992
vp_356948,missing_low_freq,baseline,9.517169252222416,12.390263367917
vp_356948,missing_low_freq,dg,6.59578176747429,4.708699122106943
vp_356948,missing_low_freq,sg,6.508628202893499,20.53072625698324
vp_356948,missing_low_freq,sg_c,83.09220847132647,90.8220271348763
vp_120111,standard,baseline,95.63342501103527,63.34503950834065
vp_120111,standard,dg,95.75226647652032,74.58296751536434
vp_120111,standard,sg,95.54174730908967,81.60667251975417
vp_120111,standard,sg_c,93.5282333367288,62.64266900790167
vp_120111,reduced_compute,baseline,4.071169060473329,16.593503072870938
vp_120111,reduced_compute,dg,82.77817391599605,77.69973661106233
vp_120111,reduced_compute,sg,98.62483447081594,84.02107111501317
vp_120111,reduced_compute,sg_c,95.78961665138705,69.53467954345918
vp_120111,missing_low_freq,baseline,4.037214356049031,14.705882352941178
vp_120111,missing_low_freq,dg,83.74248752164613,49.42932396839333
vp_120111,missing_low_freq,sg,10.974160469933109,38.80597014925373
vp_120111,missing_low_freq,sg_c,93.32450511018303,76.2071992976295
vp_886674,standard,baseline,11.617312072892938,18.78098571011957
vp_886674,standard,dg,91.78202207814964,92.79673374161564
vp_886674,standard,sg,95.7771158226739,74.65733449985419
vp_886674,standard,sg_c,90.67811459611003,75.96967045785944
vp_886674,reduced_compute,baseline,8.308510016938262,23.21376494604841
vp_886674,reduced_compute,dg,29.802581624905088,12.248468941382328
vp_886674,reduced_compute,sg,93.94895157993108,81.27734033245845
vp_886674,reduced_compute,sg_c,82.95660300216109,88.59725867599883
vp_886674,missing_low_freq,baseline,8.603469423514982,14.085739282589676
vp_886674,missing_low_freq,dg,7.283453069330062,15.018955963837854
vp_886674,missing_low_freq,sg,17.27994860113311,31.496062992125985
vp_886674,missing_low_freq,sg_c,71.64301150633725,75.96967045785944
vp_749361,standard,baseline,8.71477324701826,46.35894495412844
vp_749361,standard,dg,87.74935791436512,70.49885321100918
vp_749361,standard,sg,89.75477606164021,70.78555045871559
vp_749361,standard,sg_c,92.40403898251415,72.84977064220183
vp_749361,reduced_compute,baseline,5.446293494704992,29.673165137614678
vp_749361,reduced_compute,dg,5.492031101572669,18.549311926605505
vp_749361,reduced_compute,sg,81.58181754213138,70.5848623853211
vp_749361,reduced_compute,sg_c,86.05002990535834,73.1651376146789
vp_749361,missing_low_freq,baseline,5.446293494704992,22.591743119266056
vp_749361,missing_low_freq,dg,5.446293494704992,37.471330275229356
vp_749361,missing_low_freq,sg,26.369489497941807,31.966743119266056
vp_749361,missing_low_freq,sg_c,85.77560426415228,70.18348623853211
vp_149842,standard,baseline,95.09597971749366,63.684811572135516
vp_149842,standard,dg,91.55378486055777,82.87019413779977
vp_149842,standard,sg,92.01738500543281,76.77959649790635
vp_149842,standard,sg_c,95.62115175660992,75.142748382185
vp_149842,reduced_compute,baseline,9.11264034770011,19.489912447658927
vp_149842,reduced_compute,dg,82.68743208982254,89.4175866006852
vp_149842,reduced_compute,sg,85.21187975371242,78.98743814236772
vp_149842,reduced_compute,sg_c,95.89279246649764,81.04301484583175
vp_149842,missing_low_freq,baseline,9.040202825063384,12.409592691282832
vp_149842,missing_low_freq,dg,83.16914161535675,56.18576322801675
vp_149842,missing_low_freq,sg,13.241579137993481,41.225732775028554
vp_149842,missing_low_freq,sg_c,91.1481347337921,92.5770841263799
vp_441939,standard,baseline,94.43350635403615,55.10289794204116
vp_441939,standard,dg,92.00286379094325,77.32045359092818
vp_441939,standard,sg,96.71379989260784,87.1482570348593
vp_441939,standard,sg_c,95.39645605870771,74.25451490970181
vp_441939,reduced_compute,baseline,13.850008949346698,23.015539689206214
vp_441939,reduced_compute,dg,73.6674422767138,75.7244855102898
vp_441939,reduced_compute,sg,96.09092536244854,90.38219235615288
vp_441939,reduced_compute,sg_c,96.019330588867,79.63040739185216
vp_441939,missing_low_freq,baseline,14.111329872919276,17.17765644687106
vp_441939,missing_low_freq,dg,91.06139251834617,75.6404871902562
vp_441939,missing_low_freq,sg,14.139967782351889,38.13523729525409
vp_441939,missing_low_freq,sg_c,82.9139072847682,89.96220075598488
vp_206929,standard,baseline,7.319167885997838,15.895016219404306
vp_206929,standard,dg,89.76079903301736,76.58507814803893
vp_206929,standard,sg,98.1169285577963,86.64110881745798
vp_206929,standard,sg_c,96.36745340034352,88.08611029194928
vp_206929,reduced_compute,baseline,6.447611171194096,16.189914479504573
vp_206929,reduced_compute,dg,51.48228258795089,57.8885284576821
vp_206929,reduced_compute,sg,95.80762134995865,92.74550280153348
vp_206929,reduced_compute,sg_c,91.17310261467014,92.53907401946329
vp_206929,missing_low_freq,baseline,6.447611171194096,10.645827189619581
vp_206929,missing_low_freq,dg,6.447611171194096,30.109112356237098
vp_206929,missing_low_freq,sg,12.596221133659903,43.79239162488942
vp_206929,missing_low_freq,sg_c,91.52617851008333,91.83131819522265
vp_352738,standard,baseline,14.068341313045188,73.27021121631464
vp_352738,standard,dg,95.37613956843968,82.7021121631464
vp_352738,standard,sg,96.01560962812357,99.67225054624909
vp_352738,standard,sg_c,94.25460746376336,99.78150036416606
vp_352738,reduced_compute,baseline,7.099757329310684,34.19519300801166
vp_352738,reduced_compute,dg,17.173870269561224,18.463219227967954
vp_352738,reduced_compute,sg,95.50731291401587,89.83976693372178
vp_352738,reduced_compute,sg_c,94.4316914802912,95.52075746540423
vp_352738,missing_low_freq,baseline,7.099757329310684,29.09686817188638
vp_352738,missing_low_freq,dg,7.129271332065325,1.4566642388929352
vp_352738,missing_low_freq,sg,84.46907588378042,85.14202476329206
vp_352738,missing_low_freq,sg_c,85.83655801141208,99.74508375819373
vp_281135,standard,baseline,11.434190620272314,24.11225658648339
vp_281135,standard,dg,85.3071104387292,73.62542955326461
vp_281135,standard,sg,94.36611195158851,81.5864833906071
vp_281135,standard,sg_c,89.41906202723146,84.45017182130584
vp_281135,reduced_compute,baseline,7.518910741301059,21.764032073310425
vp_281135,reduced_compute,dg,20.00605143721634,2.663230240549828
vp_281135,reduced_compute,sg,94.37216338880484,89.69072164948454
vp_281135,reduced_compute,sg_c,86.80484114977307,89.60481099656357
vp_281135,missing_low_freq,baseline,7.518910741301059,13.974799541809851
vp_281135,missing_low_freq,dg,7.518910741301059,7.474226804123711
vp_281135,missing_low_freq,sg,84.87443267776096,86.99885452462772
vp_281135,missing_low_freq,sg_c,69.67624810892586,90.17754868270332
vp_687163,standard,baseline,7.692046342540686,20.777370777370777
vp_687163,standard,dg,54.14670607821152,51.81115181115181
vp_687163,standard,sg,88.06441749057181,66.15791615791616
vp_687163,standard,sg_c,89.205993272857,75.43752543752544
vp_687163,reduced_compute,baseline,7.617300309176775,15.282865282865282
vp_687163,reduced_compute,dg,7.617300309176775,6.919006919006919
vp_687163,reduced_compute,sg,79.40067271430028,66.99226699226699
vp_687163,reduced_compute,sg_c,80.53545340264328,70.47212047212047
vp_687163,missing_low_freq,baseline,7.617300309176775,10.622710622710622
vp_687163,missing_low_freq,dg,7.617300309176775,20.980870980870982
vp_687163,missing_low_freq,sg,69.39149933747834,38.82783882783883
vp_687163,missing_low_freq,sg_c,83.75293038426256,70.2075702075702
vp_154936,standard,baseline,6.688064981003537,24.749262536873157
vp_154936,standard,dg,84.57683741648107,76.57817109144543
vp_154936,standard,sg,98.25101532818027,88.52507374631269
vp_154936,standard,sg_c,97.46495480151972,81.35693215339232
vp_154936,reduced_compute,baseline,6.498100353727238,22.831858407079647
vp_154936,reduced_compute,dg,6.507926110310494,22.507374631268437
vp_154936,reduced_compute,sg,97.10140180793921,91.06194690265487
vp_154936,reduced_compute,sg_c,94.3698414777938,85.87020648967551
vp_154936,missing_low_freq,baseline,6.498100353727238,16.843657817109143
vp_154936,missing_low_freq,dg,6.498100353727238,17.99410029498525
vp_154936,missing_low_freq,sg,16.235425127734835,37.286135693215336
vp_154936,missing_low_freq,sg_c,94.43207126948775,83.39233038348083
vp_188347,standard,baseline,95.07287593316744,59.41370767960363
vp_188347,standard,dg,94.8062566654817,87.28323699421965
vp_188347,standard,sg,97.17739068610025,72.58464079273328
vp_188347,standard,sg_c,97.74617845716317,69.65317919075144
vp_188347,reduced_compute,baseline,6.914326341983647,21.51114781172585
vp_188347,reduced_compute,dg,66.9676501955208,73.90586292320397
vp_188347,reduced_compute,sg,98.26164237468895,89.63666391412056
vp_188347,reduced_compute,sg_c,97.44045503021685,76.79603633360858
vp_188347,missing_low_freq,baseline,6.868112335584785,15.31791907514451
vp_188347,missing_low_freq,dg,6.871667259153928,53.550784475639965
vp_188347,missing_low_freq,sg,7.173835762531105,39.55408753096614
vp_188347,missing_low_freq,sg_c,97.55421258442944,75.51610239471512
