brain,scenario,method,tissue_pct,skull_pct,status,converged,tissue_rmse,tissue_std,tissue_mean,skull_rmse,ms_ssim,psnr,n_tissue_px,n_skull_px,n_brain_px
vp_996782,standard,baseline,9.63,69.23,failed,0,84.881,32.945,1489.684,521.44,0.9265,19.179,31905,2853,45916
vp_996782,standard,dg,92.43,68.94,converged,1,16.164,20.167,1566.075,352.424,0.9614,21.122,31905,2853,45916
vp_996782,standard,dg_c,92.42,79.67,converged,1,17.691,19.707,1575.97,264.827,0.9678,21.789,31905,2853,45916
vp_996782,standard,sg,97.97,96.88,converged,1,12.952,18.574,1556.52,93.808,0.9873,24.882,31905,2853,45916
vp_996782,standard,sg_c,96.61,94.99,converged,1,12.902,21.223,1567.141,96.987,0.9882,25.13,31905,2853,45916
vp_996782,reduced_compute,baseline,7.04,34.14,failed,0,87.049,0.106,1480.002,986.389,0.9022,17.03,31905,2853,45916
vp_996782,reduced_compute,dg,7.14,5.29,failed,0,83.663,10.042,1483.941,1082.379,0.8928,16.267,31905,2853,45916
vp_996782,reduced_compute,dg_c,54.64,54.47,buffer,0,32.956,21.912,1593.693,422.61,0.9433,19.839,31905,2853,45916
vp_996782,reduced_compute,sg,97.92,90.29,converged,1,10.84,19.276,1564.718,146.377,0.9717,22.428,31905,2853,45916
vp_996782,reduced_compute,sg_c,94.03,93.02,converged,1,15.591,22.809,1567.869,119.17,0.9776,23.647,31905,2853,45916
vp_996782,missing_low_freq,baseline,7.04,32.14,failed,0,87.049,0.076,1480.002,1032.143,0.9002,17.005,31905,2853,45916
vp_996782,missing_low_freq,dg,7.06,11.29,failed,0,85.286,5.194,1481.776,953.844,0.9081,16.957,31905,2853,45916
vp_996782,missing_low_freq,dg_c,77.27,47.67,buffer,0,27.768,25.062,1580.301,560.097,0.9384,19.394,31905,2853,45916
vp_996782,missing_low_freq,sg,18.26,55.63,failed,0,76.5,33.034,1497.168,625.721,0.9248,18.684,31905,2853,45916
vp_996782,missing_low_freq,sg_c,74.59,95.23,converged,1,29.297,25.17,1543.254,104.007,0.9794,24.548,31905,2853,45916
vp_166438,standard,dg,38.68,42.53,failed,0,48.28,32.927,1602.295,505.165,0.8975,19.226,32033,4072,47485
vp_166438,standard,dg_c,67.92,74.61,converged,1,29.505,26.445,1587.475,275.175,0.9289,21.129,32033,4072,47485
vp_166438,standard,sg,88.43,79.67,converged,1,19.234,25.044,1561.694,256.472,0.9477,22.189,32033,4072,47485
vp_166438,standard,sg_c,93.35,84.63,converged,1,14.972,24.408,1563.27,176.215,0.9791,24.627,32033,4072,47485
vp_166438,reduced_compute,dg,9.05,0.0,failed,0,65.703,19.416,1503.088,902.606,0.8646,16.562,32033,4072,47485
vp_166438,reduced_compute,dg_c,36.2,7.12,failed,0,47.847,32.076,1603.991,589.873,0.8902,18.849,32033,4072,47485
vp_166438,reduced_compute,sg,87.86,28.19,failed,0,28.246,29.286,1580.624,569.966,0.8919,19.396,32033,4072,47485
vp_166438,reduced_compute,sg_c,75.92,92.12,converged,1,34.364,34.629,1547.314,146.185,0.9445,23.223,32033,4072,47485
vp_166438,missing_low_freq,dg,8.88,8.74,failed,0,71.99,13.243,1495.4,777.406,0.8814,17.317,32033,4072,47485
vp_166438,missing_low_freq,dg_c,31.27,27.26,failed,0,56.049,41.036,1605.577,548.435,0.8906,19.077,32033,4072,47485
vp_166438,missing_low_freq,sg,91.57,36.84,buffer,0,29.329,32.357,1568.327,636.123,0.8822,18.763,32033,4072,47485
vp_166438,missing_low_freq,sg_c,67.52,63.26,converged,1,43.418,42.611,1549.767,349.119,0.9082,21.027,32033,4072,47485
vp_917255,standard,dg,94.01,70.22,converged,1,15.644,23.63,1567.552,220.963,0.9739,23.263,29711,2092,42595
vp_917255,standard,dg_c,94.1,83.65,converged,1,15.394,22.876,1552.592,190.377,0.9706,22.862,29711,2092,42595
vp_917255,standard,sg,97.31,80.26,converged,1,10.81,22.44,1564.823,191.523,0.9825,24.404,29711,2092,42595
vp_917255,standard,sg_c,92.79,70.94,converged,1,15.271,24.816,1554.322,223.413,0.9853,24.923,29711,2092,42595
vp_917255,reduced_compute,dg,67.72,55.98,buffer,0,31.918,27.812,1586.023,349.886,0.9348,20.418,29711,2092,42595
vp_917255,reduced_compute,dg_c,79.01,87.0,converged,1,25.478,23.873,1583.208,192.6,0.9555,21.729,29711,2092,42595
vp_917255,reduced_compute,sg,93.27,85.47,converged,1,17.049,23.339,1574.247,171.584,0.9672,22.775,29711,2092,42595
vp_917255,reduced_compute,sg_c,95.82,78.78,converged,1,12.176,24.121,1560.4,195.309,0.9813,24.33,29711,2092,42595
vp_917255,missing_low_freq,dg,11.88,41.78,failed,0,82.963,4.816,1481.537,558.857,0.9055,18.567,29711,2092,42595
vp_917255,missing_low_freq,dg_c,93.65,80.83,converged,1,14.937,23.69,1567.343,232.083,0.9497,21.3,29711,2092,42595
vp_917255,missing_low_freq,sg,23.88,36.23,failed,0,74.133,32.435,1496.057,537.116,0.9185,19.503,29711,2092,42595
vp_917255,missing_low_freq,sg_c,76.54,85.85,converged,1,28.042,26.677,1539.357,169.166,0.9798,24.599,29711,2092,42595
vp_894774,standard,baseline,8.75,29.9,failed,0,89.711,0.745,1480.056,692.632,0.8893,17.972,31943,3846,47076
vp_894774,standard,dg,44.89,33.36,buffer,0,41.18,27.809,1600.897,575.478,0.8983,18.596,31943,3846,47076
vp_894774,standard,dg_c,74.08,71.22,converged,1,26.251,24.118,1587.007,304.908,0.9346,20.772,31943,3846,47076
vp_894774,standard,sg,84.02,82.48,converged,1,22.48,26.764,1560.936,224.854,0.9651,23.17,31943,3846,47076
vp_894774,standard,sg_c,92.84,83.36,converged,1,15.565,24.832,1565.033,206.597,0.9767,24.128,31943,3846,47076
vp_894774,reduced_compute,baseline,8.75,1.72,failed,0,89.753,0.0,1480.0,960.565,0.8705,16.512,31943,3846,47076
vp_894774,reduced_compute,dg,8.92,1.95,failed,0,75.193,12.419,1494.667,870.842,0.8735,16.755,31943,3846,47076
vp_894774,reduced_compute,dg_c,37.57,7.23,failed,0,48.456,32.804,1604.565,694.563,0.8863,18.026,31943,3846,47076
vp_894774,reduced_compute,sg,80.35,20.36,failed,0,36.433,35.191,1585.719,717.807,0.8869,18.459,31943,3846,47076
vp_894774,reduced_compute,sg_c,78.69,83.1,converged,1,35.166,39.466,1562.988,236.113,0.9364,22.51,31943,3846,47076
vp_894774,missing_low_freq,baseline,8.75,1.77,failed,0,89.753,0.0,1480.0,1003.177,0.8692,16.487,31943,3846,47076
vp_894774,missing_low_freq,dg,8.82,6.53,failed,0,70.312,13.155,1499.207,843.1,0.8762,16.848,31943,3846,47076
vp_894774,missing_low_freq,dg_c,29.66,5.62,failed,0,58.302,42.01,1607.799,717.721,0.8799,17.833,31943,3846,47076
vp_894774,missing_low_freq,sg,88.51,29.23,failed,0,41.014,41.208,1578.772,810.745,0.8656,17.435,31943,3846,47076
vp_894774,missing_low_freq,sg_c,0.0,34.95,failed,0,154.629,31.472,1716.694,632.585,0.8748,17.589,31943,3846,47076
vp_432332,standard,baseline,92.66,60.58,converged,1,15.929,22.454,1571.199,281.323,0.9599,21.702,27343,2395,40161
vp_432332,standard,dg,92.85,69.35,converged,1,15.737,20.206,1561.02,255.802,0.9635,21.933,27343,2395,40161
vp_432332,standard,dg_c,93.58,70.61,converged,1,15.12,20.075,1560.587,248.047,0.9645,21.977,27343,2395,40161
vp_432332,standard,sg,97.67,82.96,converged,1,10.739,17.785,1562.85,182.813,0.9795,23.74,27343,2395,40161
vp_432332,standard,sg_c,96.25,68.31,converged,1,12.492,20.941,1565.06,227.647,0.9834,24.261,27343,2395,40161
vp_432332,reduced_compute,baseline,6.68,23.05,failed,0,88.566,2.614,1480.346,696.947,0.9076,18.143,27343,2395,40161
vp_432332,reduced_compute,dg,86.28,60.33,converged,1,22.362,23.635,1577.161,430.283,0.9378,20.153,27343,2395,40161
vp_432332,reduced_compute,dg_c,79.5,68.35,converged,1,26.631,19.914,1589.246,306.125,0.9508,21.075,27343,2395,40161
vp_432332,reduced_compute,sg,96.85,83.63,converged,1,11.599,18.279,1569.742,183.455,0.9665,22.339,27343,2395,40161
vp_432332,reduced_compute,sg_c,96.6,75.45,converged,1,13.743,19.763,1574.668,213.28,0.9778,23.494,27343,2395,40161
vp_432332,missing_low_freq,baseline,6.63,18.25,failed,0,88.759,1.034,1480.107,790.149,0.9025,17.948,27343,2395,40161
vp_432332,missing_low_freq,dg,6.63,35.37,failed,0,88.153,3.074,1480.716,600.12,0.9209,18.734,27343,2395,40161
vp_432332,missing_low_freq,dg_c,67.02,58.83,buffer,0,33.571,24.808,1593.426,429.975,0.9407,20.402,27343,2395,40161
vp_432332,missing_low_freq,sg,7.25,30.15,failed,0,85.654,10.479,1483.65,610.905,0.9078,18.347,27343,2395,40161
vp_432332,missing_low_freq,sg_c,85.75,85.51,converged,1,22.391,22.024,1549.964,177.829,0.9788,23.881,27343,2395,40161
vp_129634,standard,baseline,85.86,54.57,buffer,0,24.675,25.366,1587.062,263.842,0.9698,23.709,27494,2309,40075
vp_129634,standard,dg,93.73,88.26,converged,1,17.263,21.737,1576.48,165.705,0.9689,23.752,27494,2309,40075
vp_129634,standard,dg_c,93.54,89.95,converged,1,16.078,21.403,1557.421,161.017,0.9666,23.396,27494,2309,40075
vp_129634,standard,sg,92.19,80.47,converged,1,19.938,22.436,1582.3,187.02,0.9775,24.74,27494,2309,40075
vp_129634,standard,sg_c,94.25,78.78,converged,1,15.089,24.978,1569.231,197.809,0.9835,25.622,27494,2309,40075
vp_129634,reduced_compute,baseline,10.56,21.31,failed,0,89.402,5.732,1480.337,606.996,0.9068,19.48,27494,2309,40075
vp_129634,reduced_compute,dg,88.48,91.25,converged,1,21.698,22.497,1583.472,153.175,0.9592,22.915,27494,2309,40075
vp_129634,reduced_compute,dg_c,90.57,88.7,converged,1,20.224,22.338,1581.737,163.953,0.9607,23.021,27494,2309,40075
vp_129634,reduced_compute,sg,83.58,87.05,converged,1,24.089,22.605,1586.802,168.128,0.9673,23.747,27494,2309,40075
vp_129634,reduced_compute,sg_c,94.01,84.41,converged,1,17.364,23.832,1577.74,180.685,0.9797,25.032,27494,2309,40075
vp_129634,missing_low_freq,baseline,10.52,14.29,failed,0,89.352,1.553,1480.143,686.242,0.9031,19.267,27494,2309,40075
vp_129634,missing_low_freq,dg,93.13,82.11,converged,1,15.254,22.673,1565.911,228.842,0.9522,22.415,27494,2309,40075
vp_129634,missing_low_freq,dg_c,80.69,80.68,converged,1,26.537,23.56,1587.802,237.994,0.9493,22.381,27494,2309,40075
vp_129634,missing_low_freq,sg,18.23,36.29,failed,0,82.06,30.524,1492.985,493.416,0.9092,20.035,27494,2309,40075
vp_129634,missing_low_freq,sg_c,93.92,83.33,converged,1,15.959,25.154,1570.856,185.211,0.9824,25.586,27494,2309,40075
vp_156031,standard,baseline,94.1,72.27,converged,1,15.42,22.917,1570.687,229.915,0.9696,22.828,31610,2027,44557
vp_156031,standard,dg,92.31,75.83,converged,1,17.101,22.35,1576.875,217.883,0.9724,23.187,31610,2027,44557
vp_156031,standard,dg_c,88.16,79.63,converged,1,18.504,20.814,1561.938,204.518,0.9716,22.934,31610,2027,44557
vp_156031,standard,sg,97.13,79.97,converged,1,11.859,19.831,1578.174,203.12,0.9879,25.195,31610,2027,44557
vp_156031,standard,sg_c,93.18,78.49,converged,1,15.561,24.061,1568.544,209.894,0.9863,25.265,31610,2027,44557
vp_156031,reduced_compute,baseline,5.35,34.98,failed,0,95.928,15.938,1481.232,601.334,0.9216,19.052,31610,2027,44557
vp_156031,reduced_compute,dg,73.0,49.33,buffer,0,27.662,22.118,1596.23,369.149,0.9444,20.686,31610,2027,44557
vp_156031,reduced_compute,dg_c,92.02,81.4,converged,1,20.0,20.398,1588.297,213.92,0.9636,22.087,31610,2027,44557
vp_156031,reduced_compute,sg,93.94,83.13,converged,1,18.0,19.452,1587.943,193.066,0.979,23.841,31610,2027,44557
vp_156031,reduced_compute,sg_c,94.56,81.65,converged,1,14.594,23.734,1574.3,196.294,0.9836,24.767,31610,2027,44557
vp_156031,missing_low_freq,baseline,5.28,30.09,failed,0,95.398,1.535,1480.073,706.288,0.9195,18.792,31610,2027,44557
vp_156031,missing_low_freq,dg,5.29,22.5,failed,0,93.344,6.627,1482.191,707.783,0.9234,18.632,31610,2027,44557
vp_156031,missing_low_freq,dg_c,89.23,74.94,converged,1,21.789,20.547,1590.351,258.825,0.9592,21.878,31610,2027,44557
vp_156031,missing_low_freq,sg,23.38,58.9,failed,0,79.932,40.341,1505.382,408.902,0.9424,20.702,31610,2027,44557
vp_156031,missing_low_freq,sg_c,72.33,90.68,converged,1,28.495,25.333,1550.622,158.002,0.9827,25.116,31610,2027,44557
vp_724446,standard,baseline,94.67,71.63,converged,1,14.836,24.223,1563.031,221.973,0.9606,22.348,31389,2485,44843
vp_724446,standard,dg,96.18,92.52,converged,1,12.707,20.023,1570.795,149.287,0.9728,23.305,31389,2485,44843
vp_724446,standard,dg_c,97.09,95.29,converged,1,13.011,19.659,1558.033,135.431,0.9715,23.058,31389,2485,44843
vp_724446,standard,sg,95.55,75.65,converged,1,13.369,21.276,1571.651,203.288,0.9835,24.839,31389,2485,44843
vp_724446,standard,sg_c,92.4,75.41,converged,1,15.705,23.473,1558.375,204.881,0.9838,24.941,31389,2485,44843
vp_724446,reduced_compute,baseline,8.83,22.05,failed,0,86.865,6.085,1481.244,594.823,0.9108,18.928,31389,2485,44843
vp_724446,reduced_compute,dg,53.78,53.44,buffer,0,42.625,32.256,1598.188,379.771,0.9243,20.259,31389,2485,44843
vp_724446,reduced_compute,dg_c,76.11,86.04,converged,1,26.335,22.583,1587.3,184.947,0.9501,21.681,31389,2485,44843
vp_724446,reduced_compute,sg,92.72,84.23,converged,1,17.266,21.229,1577.945,174.371,0.9722,23.578,31389,2485,44843
vp_724446,reduced_compute,sg_c,88.67,81.13,converged,1,17.804,25.692,1560.786,183.971,0.9778,24.485,31389,2485,44843
vp_724446,missing_low_freq,baseline,9.02,17.06,failed,0,86.994,6.7,1481.137,627.201,0.9099,18.945,31389,2485,44843
vp_724446,missing_low_freq,dg,8.82,36.78,failed,0,85.547,6.084,1482.291,530.114,0.914,19.02,31389,2485,44843
vp_724446,missing_low_freq,dg_c,82.68,84.31,converged,1,23.061,23.043,1582.903,208.517,0.9477,21.546,31389,2485,44843
vp_724446,missing_low_freq,sg,15.89,40.72,failed,0,81.261,26.133,1490.195,471.882,0.9241,19.885,31389,2485,44843
vp_724446,missing_low_freq,sg_c,87.48,80.85,converged,1,19.301,25.513,1557.2,188.488,0.98,24.827,31389,2485,44843
vp_128026,standard,baseline,86.76,49.76,buffer,0,21.301,24.724,1583.514,302.807,0.9635,22.027,29452,2492,42877
vp_128026,standard,dg,86.17,73.56,converged,1,21.016,24.978,1558.102,223.33,0.9675,22.5,29452,2492,42877
vp_128026,standard,dg_c,89.43,75.6,converged,1,18.035,23.744,1559.266,213.032,0.9689,22.476,29452,2492,42877
vp_128026,standard,sg,92.18,82.34,converged,1,16.062,22.067,1558.943,185.778,0.9801,24.117,29452,2492,42877
vp_128026,standard,sg_c,90.37,66.53,converged,1,17.671,26.097,1563.766,244.574,0.9826,24.41,29452,2492,42877
vp_128026,reduced_compute,baseline,9.48,27.45,failed,0,89.082,4.539,1481.103,637.665,0.9058,18.519,29452,2492,42877
vp_128026,reduced_compute,dg,71.1,47.75,buffer,0,29.89,28.674,1584.385,422.916,0.9295,19.928,29452,2492,42877
vp_128026,reduced_compute,dg_c,85.37,78.29,converged,1,21.832,24.255,1582.729,220.736,0.9563,21.517,29452,2492,42877
vp_128026,reduced_compute,sg,96.46,85.19,converged,1,12.782,22.121,1567.704,171.989,0.9665,22.514,29452,2492,42877
vp_128026,reduced_compute,sg_c,91.98,73.64,converged,1,17.127,25.588,1571.517,215.907,0.9776,23.754,29452,2492,42877
vp_128026,missing_low_freq,baseline,9.47,24.4,failed,0,89.705,2.401,1480.401,689.703,0.9018,18.45,29452,2492,42877
vp_128026,missing_low_freq,dg,9.47,27.89,failed,0,83.657,11.898,1486.544,735.683,0.9009,17.835,29452,2492,42877
vp_128026,missing_low_freq,dg_c,93.03,71.99,converged,1,16.667,22.813,1575.748,266.872,0.9486,20.948,29452,2492,42877
vp_128026,missing_low_freq,sg,9.64,35.87,failed,0,84.997,11.627,1485.24,608.985,0.9108,18.872,29452,2492,42877
vp_128026,missing_low_freq,sg_c,77.85,63.92,converged,1,31.56,33.142,1555.637,260.01,0.9681,23.792,29452,2492,42877
vp_562446,standard,baseline,8.39,42.95,failed,0,85.378,24.016,1486.462,482.174,0.9222,19.39,30568,3071,44697
vp_562446,standard,dg,96.98,84.47,converged,1,12.154,18.59,1561.546,189.916,0.9683,22.552,30568,3071,44697
vp_562446,standard,dg_c,96.3,81.76,converged,1,15.399,18.967,1577.194,193.47,0.9687,22.64,30568,3071,44697
vp_562446,standard,sg,97.72,85.61,converged,1,10.997,18.865,1571.411,168.369,0.9849,24.713,30568,3071,44697
vp_562446,standard,sg_c,96.24,82.38,converged,1,12.107,21.139,1563.636,181.461,0.985,24.71,30568,3071,44697
vp_562446,reduced_compute,baseline,5.45,31.49,failed,0,88.24,0.466,1480.044,744.875,0.9,17.931,30568,3071,44697
vp_562446,reduced_compute,dg,5.76,19.21,failed,0,80.027,13.548,1489.158,804.752,0.9046,17.642,30568,3071,44697
vp_562446,reduced_compute,dg_c,77.58,71.12,converged,1,25.408,22.06,1586.725,293.634,0.9473,20.983,30568,3071,44697
vp_562446,reduced_compute,sg,98.31,90.75,converged,1,10.257,18.982,1564.7,157.891,0.9717,23.011,30568,3071,44697
vp_562446,reduced_compute,sg_c,94.28,87.04,converged,1,14.697,22.608,1567.687,167.369,0.9771,23.994,30568,3071,44697
vp_562446,missing_low_freq,baseline,5.45,28.1,failed,0,88.267,0.226,1480.01,779.367,0.8996,17.942,30568,3071,44697
vp_562446,missing_low_freq,dg,5.45,20.35,failed,0,83.506,8.872,1484.743,731.91,0.9022,17.782,30568,3071,44697
vp_562446,missing_low_freq,dg_c,85.98,63.86,converged,1,20.744,22.879,1576.885,367.78,0.9329,20.296,30568,3071,44697
vp_562446,missing_low_freq,sg,5.82,39.95,failed,0,82.003,11.099,1486.47,613.863,0.9159,18.686,30568,3071,44697
vp_562446,missing_low_freq,sg_c,78.84,91.08,converged,1,28.544,26.0,1546.299,144.712,0.9749,24.334,30568,3071,44697
vp_170631,standard,baseline,86.53,60.37,converged,1,22.598,19.345,1584.647,280.754,0.9592,22.885,28134,2690,41462
vp_170631,standard,dg,88.84,74.35,converged,1,19.431,21.08,1574.015,216.395,0.9575,23.041,28134,2690,41462
vp_170631,standard,dg_c,89.65,78.81,converged,1,18.654,20.517,1574.462,203.989,0.9587,23.081,28134,2690,41462
vp_170631,standard,sg,98.08,84.94,converged,1,11.816,16.828,1559.412,177.583,0.9716,23.961,28134,2690,41462
vp_170631,standard,sg_c,94.06,75.99,converged,1,14.835,20.367,1561.872,217.861,0.9791,24.696,28134,2690,41462
vp_170631,reduced_compute,baseline,4.86,17.17,failed,0,86.967,1.053,1480.117,632.962,0.9072,18.988,28134,2690,41462
vp_170631,reduced_compute,dg,62.02,63.79,converged,1,35.17,24.975,1593.099,357.671,0.9332,21.338,28134,2690,41462
vp_170631,reduced_compute,dg_c,81.75,72.57,converged,1,26.664,22.989,1584.196,303.454,0.9448,22.034,28134,2690,41462
vp_170631,reduced_compute,sg,98.08,88.96,converged,1,10.817,17.359,1567.156,160.347,0.9604,23.092,28134,2690,41462
vp_170631,reduced_compute,sg_c,95.06,84.28,converged,1,13.613,19.71,1567.757,182.645,0.9739,24.346,28134,2690,41462
vp_170631,missing_low_freq,baseline,4.86,13.12,failed,0,87.05,0.329,1480.025,679.883,0.9043,18.838,28134,2690,41462
vp_170631,missing_low_freq,dg,4.86,30.78,failed,0,86.57,2.455,1480.516,547.809,0.9178,19.653,28134,2690,41462
vp_170631,missing_low_freq,dg_c,71.31,61.9,converged,1,33.914,26.526,1590.18,369.336,0.9369,21.527,28134,2690,41462
vp_170631,missing_low_freq,sg,5.03,28.81,failed,0,85.487,6.38,1481.752,518.131,0.9119,19.494,28134,2690,41462
vp_170631,missing_low_freq,sg_c,82.42,87.51,converged,1,25.122,21.883,1547.087,166.674,0.97,24.13,28134,2690,41462
vp_134021,standard,baseline,91.69,59.84,buffer,0,18.223,25.301,1573.955,273.867,0.9567,22.031,25469,2547,38055
vp_134021,standard,dg,88.72,80.84,converged,1,21.116,21.177,1583.262,236.201,0.9625,22.462,25469,2547,38055
vp_134021,standard,dg_c,88.68,80.41,converged,1,21.314,21.232,1583.804,241.21,0.9622,22.388,25469,2547,38055
vp_134021,standard,sg,96.65,92.5,converged,1,12.265,20.393,1568.903,153.046,0.9699,23.323,25469,2547,38055
vp_134021,standard,sg_c,94.77,92.11,converged,1,14.798,21.052,1557.829,147.412,0.9812,24.514,25469,2547,38055
vp_134021,reduced_compute,baseline,6.56,20.26,failed,0,89.745,0.8,1480.06,760.105,0.903,18.161,25469,2547,38055
vp_134021,reduced_compute,dg,64.33,39.07,buffer,0,38.523,34.732,1591.546,568.172,0.9194,19.47,25469,2547,38055
vp_134021,reduced_compute,dg_c,51.63,61.44,buffer,0,38.864,27.003,1600.058,418.635,0.9335,20.506,25469,2547,38055
vp_134021,reduced_compute,sg,66.26,84.45,converged,1,31.457,22.547,1595.281,216.784,0.9526,21.946,25469,2547,38055
vp_134021,reduced_compute,sg_c,93.11,88.77,converged,1,18.203,21.462,1581.041,164.758,0.9722,23.611,25469,2547,38055
vp_134021,missing_low_freq,baseline,6.56,13.9,failed,0,89.801,0.022,1480.0,872.102,0.8969,17.859,25469,2547,38055
vp_134021,missing_low_freq,dg,6.57,40.64,failed,0,89.426,2.521,1480.406,619.11,0.9131,18.78,25469,2547,38055
vp_134021,missing_low_freq,dg_c,51.0,61.13,buffer,0,40.721,29.488,1600.355,450.0,0.9339,20.53,25469,2547,38055
vp_134021,missing_low_freq,sg,6.6,25.6,failed,0,85.357,9.75,1484.756,726.573,0.9012,18.215,25469,2547,38055
vp_134021,missing_low_freq,sg_c,94.57,88.1,converged,1,16.362,22.203,1576.925,164.695,0.977,24.233,25469,2547,38055
vp_101309,standard,baseline,81.38,61.79,converged,1,26.412,21.49,1589.899,248.487,0.9619,23.44,29396,2795,42980
vp_101309,standard,dg,93.93,90.52,converged,1,18.346,17.018,1582.627,151.788,0.9708,24.015,29396,2795,42980
vp_101309,standard,dg_c,97.5,94.92,converged,1,11.273,16.012,1563.546,131.801,0.9716,23.891,29396,2795,42980
vp_101309,standard,sg,97.4,84.26,converged,1,12.454,17.323,1562.335,175.782,0.9803,25.072,29396,2795,42980
vp_101309,standard,sg_c,94.48,73.77,converged,1,14.564,21.022,1568.796,212.918,0.9819,25.335,29396,2795,42980
vp_101309,reduced_compute,baseline,4.27,18.78,failed,0,89.835,17.413,1482.173,594.973,0.913,19.509,29396,2795,42980
vp_101309,reduced_compute,dg,53.14,59.53,buffer,0,42.431,27.718,1603.438,351.385,0.9383,21.457,29396,2795,42980
vp_101309,reduced_compute,dg_c,80.0,90.27,converged,1,24.724,18.279,1589.556,160.974,0.957,22.949,29396,2795,42980
vp_101309,reduced_compute,sg,97.72,90.45,converged,1,10.856,16.937,1566.974,147.843,0.9737,24.44,29396,2795,42980
vp_101309,reduced_compute,sg_c,94.81,80.0,converged,1,17.329,21.109,1577.393,188.362,0.979,25.166,29396,2795,42980
vp_101309,missing_low_freq,baseline,4.17,14.45,failed,0,89.711,3.3,1480.441,645.436,0.9111,19.316,29396,2795,42980
vp_101309,missing_low_freq,dg,9.63,36.89,failed,0,83.292,23.054,1489.438,546.518,0.917,19.701,29396,2795,42980
vp_101309,missing_low_freq,dg_c,72.26,84.87,converged,1,28.709,19.282,1592.924,192.544,0.9494,22.562,29396,2795,42980
vp_101309,missing_low_freq,sg,9.6,45.01,failed,0,84.227,26.162,1489.559,439.536,0.9266,20.639,29396,2795,42980
vp_101309,missing_low_freq,sg_c,93.69,78.32,converged,1,16.227,21.741,1571.374,193.795,0.979,25.275,29396,2795,42980
vp_102513,standard,baseline,13.47,63.3,failed,0,89.824,61.423,1502.116,605.552,0.9201,19.388,31526,2763,45367
vp_102513,standard,dg,94.64,83.79,converged,1,13.606,17.936,1560.638,221.907,0.9707,22.1,31526,2763,45367
vp_102513,standard,dg_c,94.88,80.28,converged,1,13.38,17.896,1561.849,234.24,0.969,21.915,31526,2763,45367
vp_102513,standard,sg,93.39,92.29,converged,1,15.574,20.062,1569.085,141.244,0.9823,24.227,31526,2763,45367
vp_102513,standard,sg_c,92.48,92.65,converged,1,16.512,22.589,1562.848,137.045,0.9829,24.388,31526,2763,45367
vp_102513,reduced_compute,baseline,5.41,35.18,failed,0,85.475,0.235,1480.004,948.697,0.9088,17.417,31526,2763,45367
vp_102513,reduced_compute,dg,15.42,19.18,failed,0,76.217,28.796,1494.429,990.442,0.9077,17.194,31526,2763,45367
vp_102513,reduced_compute,dg_c,73.08,53.49,buffer,0,29.608,19.806,1588.165,399.084,0.9474,20.285,31526,2763,45367
vp_102513,reduced_compute,sg,85.27,83.6,converged,1,23.346,20.082,1581.215,230.901,0.9649,22.011,31526,2763,45367
vp_102513,reduced_compute,sg_c,89.91,86.86,converged,1,19.735,24.427,1569.251,187.065,0.9712,22.931,31526,2763,45367
vp_102513,missing_low_freq,baseline,5.41,27.07,failed,0,85.478,0.002,1480.0,1036.905,0.9035,17.179,31526,2763,45367
vp_102513,missing_low_freq,dg,5.41,1.52,failed,0,83.827,4.629,1481.695,1065.173,0.9023,16.563,31526,2763,45367
vp_102513,missing_low_freq,dg_c,69.04,40.17,buffer,0,31.403,27.564,1577.814,549.207,0.9336,19.554,31526,2763,45367
vp_102513,missing_low_freq,sg,87.24,82.92,converged,1,22.501,20.354,1578.957,229.887,0.9684,22.513,31526,2763,45367
vp_102513,missing_low_freq,sg_c,89.39,89.58,converged,1,19.563,24.913,1563.144,152.595,0.9771,23.841,31526,2763,45367
vp_155938,standard,baseline,5.64,29.33,failed,0,91.943,0.817,1480.09,676.216,0.8869,18.419,34095,4985,50746
vp_155938,standard,dg,60.1,61.66,converged,1,36.972,29.219,1597.204,452.976,0.914,20.528,34095,4985,50746
vp_155938,standard,dg_c,71.75,74.02,converged,1,33.288,29.989,1591.731,389.2,0.9305,21.328,34095,4985,50746
vp_155938,standard,sg,78.62,58.66,buffer,0,23.592,25.742,1557.389,419.381,0.939,21.689,34095,4985,50746
vp_155938,standard,sg_c,96.44,91.76,converged,1,11.6,21.411,1567.871,141.591,0.9794,25.384,34095,4985,50746
vp_155938,reduced_compute,baseline,5.64,4.15,failed,0,92.014,0.0,1480.0,835.259,0.8763,17.394,34095,4985,50746
vp_155938,reduced_compute,dg,5.94,14.48,failed,0,64.281,17.39,1508.758,785.232,0.8737,17.423,34095,4985,50746
vp_155938,reduced_compute,dg_c,43.4,26.24,failed,0,48.811,36.343,1605.733,632.555,0.8878,18.999,34095,4985,50746
vp_155938,reduced_compute,sg,63.38,7.88,failed,0,44.171,43.031,1588.497,719.409,0.8598,18.488,34095,4985,50746
vp_155938,reduced_compute,sg_c,66.73,76.73,converged,1,41.334,43.93,1560.715,297.663,0.9218,22.701,34095,4985,50746
vp_155938,missing_low_freq,baseline,5.64,2.75,failed,0,92.014,0.0,1480.0,873.677,0.8752,17.307,34095,4985,50746
vp_155938,missing_low_freq,dg,6.14,16.63,failed,0,65.211,14.985,1506.88,719.224,0.8831,17.859,34095,4985,50746
vp_155938,missing_low_freq,dg_c,48.6,21.14,failed,0,60.358,48.03,1601.903,740.376,0.877,18.148,34095,4985,50746
vp_155938,missing_low_freq,sg,79.96,7.04,failed,0,51.741,50.79,1584.556,789.342,0.8219,17.159,34095,4985,50746
vp_155938,missing_low_freq,sg_c,0.0,12.76,failed,0,166.613,61.62,1723.529,602.491,0.8271,16.99,34095,4985,50746
vp_111514,standard,baseline,8.25,23.33,failed,0,83.882,9.121,1480.57,661.314,0.8992,18.476,31870,4205,47465
vp_111514,standard,dg,78.09,64.83,converged,1,29.55,28.971,1576.348,441.162,0.9262,20.428,31870,4205,47465
vp_111514,standard,dg_c,91.11,78.5,converged,1,17.834,21.785,1569.259,287.682,0.9426,21.488,31870,4205,47465
vp_111514,standard,sg,96.84,83.04,converged,1,12.948,20.484,1555.793,199.662,0.9728,23.697,31870,4205,47465
vp_111514,standard,sg_c,94.55,82.54,converged,1,13.783,22.854,1563.184,199.726,0.9749,24.032,31870,4205,47465
vp_111514,reduced_compute,baseline,8.18,22.35,failed,0,83.768,0.086,1480.003,781.288,0.8886,17.803,31870,4205,47465
vp_111514,reduced_compute,dg,8.18,1.78,failed,0,79.559,5.798,1484.002,787.709,0.8897,17.266,31870,4205,47465
vp_111514,reduced_compute,dg_c,64.97,69.44,converged,1,32.39,24.855,1587.578,292.604,0.9322,20.932,31870,4205,47465
vp_111514,reduced_compute,sg,94.88,88.7,converged,1,14.137,22.044,1563.263,193.191,0.9517,22.159,31870,4205,47465
vp_111514,reduced_compute,sg_c,87.08,89.32,converged,1,22.349,28.785,1561.093,178.229,0.9544,23.214,31870,4205,47465
vp_111514,missing_low_freq,baseline,8.18,13.37,failed,0,83.751,0.462,1480.02,819.603,0.8888,17.757,31870,4205,47465
vp_111514,missing_low_freq,dg,8.18,4.66,failed,0,81.593,4.396,1482.059,820.92,0.8857,17.261,31870,4205,47465
vp_111514,missing_low_freq,dg_c,37.46,46.18,failed,0,55.534,41.402,1600.877,581.155,0.8983,19.183,31870,4205,47465
vp_111514,missing_low_freq,sg,90.61,64.07,converged,1,17.631,24.44,1562.503,311.501,0.9388,21.648,31870,4205,47465
vp_111514,missing_low_freq,sg_c,79.31,79.43,converged,1,25.21,29.152,1553.255,208.19,0.965,23.771,31870,4205,47465
vp_146735,standard,baseline,28.05,23.2,failed,0,81.969,79.298,1562.634,713.762,0.8902,18.898,23208,3811,36671
vp_146735,standard,dg,74.38,59.75,buffer,0,33.594,34.457,1578.854,556.28,0.924,19.729,23208,3811,36671
vp_146735,standard,dg_c,78.44,62.11,converged,1,31.315,33.386,1576.147,522.674,0.928,19.975,23208,3811,36671
vp_146735,standard,sg,62.33,75.7,converged,1,34.023,26.336,1593.495,297.066,0.9436,21.594,23208,3811,36671
vp_146735,standard,sg_c,91.8,80.27,converged,1,19.228,27.417,1564.97,239.545,0.9533,22.228,23208,3811,36671
vp_146735,reduced_compute,baseline,9.0,15.48,failed,0,88.055,0.03,1480.001,903.655,0.873,16.728,23208,3811,36671
vp_146735,reduced_compute,dg,39.47,19.99,failed,0,61.513,57.976,1585.807,932.298,0.8669,16.676,23208,3811,36671
vp_146735,reduced_compute,dg_c,33.95,32.77,failed,0,67.284,57.37,1603.771,761.812,0.8772,17.742,23208,3811,36671
vp_146735,reduced_compute,sg,24.09,56.57,failed,0,60.255,39.741,1613.934,599.565,0.8994,18.988,23208,3811,36671
vp_146735,reduced_compute,sg_c,53.52,68.8,buffer,0,48.457,39.201,1599.761,469.923,0.9235,20.359,23208,3811,36671
vp_146735,missing_low_freq,baseline,9.0,11.36,failed,0,88.056,0.0,1480.0,977.626,0.8689,16.471,23208,3811,36671
vp_146735,missing_low_freq,dg,9.0,23.12,failed,0,87.287,3.138,1480.768,888.59,0.8746,16.758,23208,3811,36671
vp_146735,missing_low_freq,dg_c,38.81,36.26,failed,0,60.001,50.686,1600.48,742.416,0.8794,17.901,23208,3811,36671
vp_146735,missing_low_freq,sg,9.01,11.23,failed,0,85.139,7.912,1483.05,987.928,0.8646,16.327,23208,3811,36671
vp_146735,missing_low_freq,sg_c,66.7,72.37,converged,1,38.143,32.754,1592.789,363.13,0.9337,21.1,23208,3811,36671
vp_978578,standard,baseline,7.13,27.55,failed,0,86.094,7.65,1480.73,767.806,0.9086,18.08,27918,3583,41889
vp_978578,standard,dg,82.28,59.42,buffer,0,28.935,32.167,1567.405,502.829,0.9352,20.216,27918,3583,41889
vp_978578,standard,dg_c,79.15,62.71,converged,1,29.755,28.341,1582.651,413.291,0.9405,20.723,27918,3583,41889
vp_978578,standard,sg,86.95,78.62,converged,1,22.961,25.534,1577.311,264.172,0.9583,22.149,27918,3583,41889
vp_978578,standard,sg_c,88.73,83.87,converged,1,19.281,26.585,1568.139,194.159,0.9679,23.036,27918,3583,41889
vp_978578,reduced_compute,baseline,6.72,22.33,failed,0,86.418,0.365,1480.019,893.624,0.8932,17.172,27918,3583,41889
vp_978578,reduced_compute,dg,6.72,7.17,failed,0,85.772,2.315,1480.636,1005.164,0.8809,16.151,27918,3583,41889
vp_978578,reduced_compute,dg_c,42.66,37.9,buffer,0,54.683,40.438,1603.508,697.912,0.9111,18.473,27918,3583,41889
vp_978578,reduced_compute,sg,60.47,62.32,converged,1,44.117,35.527,1595.73,499.883,0.9313,20.089,27918,3583,41889
vp_978578,reduced_compute,sg_c,83.63,78.96,converged,1,28.585,31.775,1577.369,304.385,0.9456,21.557,27918,3583,41889
vp_978578,missing_low_freq,baseline,6.72,18.42,failed,0,86.432,0.052,1480.002,937.214,0.8913,17.067,27918,3583,41889
vp_978578,missing_low_freq,dg,6.72,27.21,failed,0,85.911,2.047,1480.487,834.926,0.9,17.369,27918,3583,41889
vp_978578,missing_low_freq,dg_c,55.52,45.3,buffer,0,45.594,43.338,1586.164,665.114,0.9077,18.71,27918,3583,41889
vp_978578,missing_low_freq,sg,6.75,22.58,failed,0,84.41,5.88,1482.051,883.078,0.8895,17.072,27918,3583,41889
vp_978578,missing_low_freq,sg_c,83.73,80.04,converged,1,26.987,31.942,1572.929,287.159,0.9512,21.961,27918,3583,41889
vp_139233,standard,baseline,8.46,22.9,failed,0,88.065,2.815,1480.188,653.503,0.8794,17.671,26377,4511,41166
vp_139233,standard,dg,63.31,77.59,converged,1,33.668,24.591,1593.035,265.018,0.9305,20.936,26377,4511,41166
vp_139233,standard,dg_c,64.6,77.94,converged,1,32.947,24.409,1592.708,259.859,0.931,20.916,26377,4511,41166
vp_139233,standard,sg,73.18,85.06,converged,1,28.06,23.545,1589.875,174.518,0.9592,22.563,26377,4511,41166
vp_139233,standard,sg_c,87.59,85.92,converged,1,21.647,24.272,1582.24,168.454,0.9649,22.945,26377,4511,41166
vp_139233,reduced_compute,baseline,8.37,20.0,failed,0,87.541,3.629,1480.755,799.819,0.8695,17.067,26377,4511,41166
vp_139233,reduced_compute,dg,8.42,26.65,failed,0,82.222,12.145,1486.166,763.842,0.8686,17.095,26377,4511,41166
vp_139233,reduced_compute,dg_c,30.23,52.56,failed,0,57.708,37.786,1612.625,485.589,0.8872,18.856,26377,4511,41166
vp_139233,reduced_compute,sg,50.99,84.55,buffer,0,38.02,25.239,1599.043,206.26,0.9337,21.144,26377,4511,41166
vp_139233,reduced_compute,sg_c,73.49,87.16,converged,1,28.415,25.314,1588.707,178.189,0.948,21.949,26377,4511,41166
vp_139233,missing_low_freq,baseline,8.51,16.4,failed,0,87.576,5.043,1480.821,866.229,0.8671,16.878,26377,4511,41166
vp_139233,missing_low_freq,dg,8.37,30.99,failed,0,85.723,6.095,1482.447,703.421,0.8734,17.45,26377,4511,41166
vp_139233,missing_low_freq,dg_c,24.48,46.18,failed,0,62.049,40.495,1615.619,552.103,0.8787,18.51,26377,4511,41166
vp_139233,missing_low_freq,sg,8.61,26.49,failed,0,80.378,12.596,1487.816,778.848,0.8667,17.186,26377,4511,41166
vp_139233,missing_low_freq,sg_c,93.61,88.87,converged,1,15.257,24.475,1566.669,171.056,0.953,22.092,26377,4511,41166
vp_284646,standard,baseline,83.68,41.99,buffer,0,24.515,24.127,1586.674,320.536,0.9679,22.692,30920,2091,43986
vp_284646,standard,dg,94.77,72.98,converged,1,15.582,21.045,1572.74,208.781,0.972,23.199,30920,2091,43986
vp_284646,standard,dg_c,94.79,84.6,converged,1,14.791,20.269,1556.329,178.961,0.9717,22.992,30920,2091,43986
vp_284646,standard,sg,96.24,81.11,converged,1,15.152,19.721,1553.875,189.466,0.9837,24.838,30920,2091,43986
vp_284646,standard,sg_c,92.9,60.74,converged,1,14.837,22.488,1558.995,247.636,0.9841,24.974,30920,2091,43986
vp_284646,reduced_compute,baseline,8.53,19.75,failed,0,87.567,3.323,1480.449,615.743,0.9113,18.86,30920,2091,43986
vp_284646,reduced_compute,dg,73.73,65.18,converged,1,29.534,27.767,1587.592,299.407,0.9444,21.172,30920,2091,43986
vp_284646,reduced_compute,dg_c,91.07,83.84,converged,1,21.774,21.415,1584.137,179.027,0.9658,22.565,30920,2091,43986
vp_284646,reduced_compute,sg,98.23,84.55,converged,1,11.213,20.504,1560.129,176.508,0.9749,23.675,30920,2091,43986
vp_284646,reduced_compute,sg_c,93.57,69.3,converged,1,14.042,23.044,1562.962,222.067,0.9814,24.615,30920,2091,43986
vp_284646,missing_low_freq,baseline,8.52,15.02,failed,0,87.683,2.092,1480.249,680.74,0.9072,18.728,30920,2091,43986
vp_284646,missing_low_freq,dg,73.77,52.94,buffer,0,27.423,25.335,1586.088,503.009,0.934,20.125,30920,2091,43986
vp_284646,missing_low_freq,dg_c,96.26,80.11,converged,1,12.666,22.328,1567.146,226.813,0.9524,21.564,30920,2091,43986
vp_284646,missing_low_freq,sg,21.7,41.89,failed,0,77.655,33.278,1496.732,469.106,0.9331,20.252,30920,2091,43986
vp_284646,missing_low_freq,sg_c,89.31,67.05,converged,1,17.28,23.755,1558.978,230.144,0.9815,24.873,30920,2091,43986
vp_622236,standard,baseline,7.41,16.13,failed,0,91.811,38.987,1486.733,658.285,0.9052,18.681,29487,3787,43998
vp_622236,standard,dg,79.87,62.66,converged,1,28.329,26.339,1583.338,412.888,0.9467,21.551,29487,3787,43998
vp_622236,standard,dg_c,87.5,70.77,converged,1,21.862,22.895,1579.75,309.632,0.9514,22.027,29487,3787,43998
vp_622236,standard,sg,98.06,91.44,converged,1,11.189,18.79,1563.85,147.278,0.9783,24.35,29487,3787,43998
vp_622236,standard,sg_c,97.43,88.38,converged,1,12.345,21.519,1568.054,161.134,0.9798,24.591,29487,3787,43998
vp_622236,reduced_compute,baseline,5.99,15.45,failed,0,89.248,0.649,1480.034,789.63,0.8952,17.861,29487,3787,43998
vp_622236,reduced_compute,dg,5.99,29.89,failed,0,88.61,3.11,1480.699,715.704,0.8996,18.075,29487,3787,43998
vp_622236,reduced_compute,dg_c,82.52,75.39,converged,1,24.953,20.054,1586.948,251.388,0.944,21.501,29487,3787,43998
vp_622236,reduced_compute,sg,89.31,90.49,converged,1,20.993,19.232,1584.729,150.067,0.9716,23.628,29487,3787,43998
vp_622236,reduced_compute,sg_c,91.12,88.51,converged,1,16.755,24.353,1569.912,162.232,0.9688,23.841,29487,3787,43998
vp_622236,missing_low_freq,baseline,5.99,11.91,failed,0,89.271,0.162,1480.004,832.726,0.8937,17.787,29487,3787,43998
vp_622236,missing_low_freq,dg,5.99,38.29,failed,0,88.95,1.781,1480.324,682.385,0.9076,18.486,29487,3787,43998
vp_622236,missing_low_freq,dg_c,78.28,57.59,buffer,0,34.545,32.661,1582.178,558.755,0.9217,19.83,29487,3787,43998
vp_622236,missing_low_freq,sg,12.06,51.33,failed,0,82.922,39.664,1495.941,529.57,0.9156,19.529,29487,3787,43998
vp_622236,missing_low_freq,sg_c,86.18,94.67,converged,1,20.331,21.908,1552.617,131.065,0.9759,24.336,29487,3787,43998
vp_105620,standard,baseline,13.09,17.52,failed,0,81.612,41.303,1491.256,614.173,0.901,19.06,29681,3715,44224
vp_105620,standard,dg,91.73,78.47,converged,1,16.486,20.778,1562.438,278.217,0.9542,22.207,29681,3715,44224
vp_105620,standard,dg_c,93.09,79.84,converged,1,14.974,20.17,1561.407,258.681,0.9567,22.344,29681,3715,44224
vp_105620,standard,sg,94.46,89.64,converged,1,15.334,18.676,1568.775,161.448,0.9751,24.244,29681,3715,44224
vp_105620,standard,sg_c,96.8,90.2,converged,1,13.259,20.314,1564.323,155.679,0.9808,24.816,29681,3715,44224
vp_105620,reduced_compute,baseline,8.95,14.7,failed,0,80.156,2.785,1480.363,829.989,0.8945,18.029,29681,3715,44224
vp_105620,reduced_compute,dg,36.84,33.08,failed,0,56.645,49.927,1585.911,659.106,0.8972,18.982,29681,3715,44224
vp_105620,reduced_compute,dg_c,56.08,59.68,buffer,0,35.564,24.038,1587.418,406.649,0.931,20.828,29681,3715,44224
vp_105620,reduced_compute,sg,85.26,91.04,converged,1,22.367,20.302,1576.388,169.494,0.9593,22.873,29681,3715,44224
vp_105620,reduced_compute,sg_c,93.41,93.43,converged,1,16.881,22.911,1564.881,151.128,0.9703,24.096,29681,3715,44224
vp_105620,missing_low_freq,baseline,8.97,10.77,failed,0,80.188,3.393,1480.36,880.569,0.8918,17.872,29681,3715,44224
vp_105620,missing_low_freq,dg,8.89,18.65,failed,0,79.394,3.719,1481.071,836.092,0.8959,17.621,29681,3715,44224
vp_105620,missing_low_freq,dg_c,62.71,50.74,buffer,0,38.528,30.992,1584.084,523.962,0.9205,20.022,29681,3715,44224
vp_105620,missing_low_freq,sg,17.85,34.21,failed,0,73.562,31.835,1493.248,685.689,0.9027,18.85,29681,3715,44224
vp_105620,missing_low_freq,sg_c,89.21,91.22,converged,1,18.311,24.197,1555.959,158.85,0.9723,24.423,29681,3715,44224
vp_103818,standard,baseline,92.46,53.72,buffer,0,16.38,23.087,1571.051,293.452,0.9575,21.632,25744,2351,38241
vp_103818,standard,dg,89.96,70.91,converged,1,19.8,19.691,1581.99,228.888,0.9656,22.234,25744,2351,38241
vp_103818,standard,dg_c,90.12,69.8,converged,1,19.921,19.824,1582.599,237.593,0.9637,22.062,25744,2351,38241
vp_103818,standard,sg,85.68,80.48,converged,1,22.699,18.491,1587.658,193.561,0.9729,23.139,25744,2351,38241
vp_103818,standard,sg_c,94.21,88.35,converged,1,15.704,19.507,1557.929,160.572,0.9818,23.978,25744,2351,38241
vp_103818,reduced_compute,baseline,6.78,21.01,failed,0,90.875,4.189,1480.301,703.922,0.9005,18.079,25744,2351,38241
vp_103818,reduced_compute,dg,53.94,58.1,buffer,0,37.461,23.709,1600.146,373.467,0.9316,20.048,25744,2351,38241
vp_103818,reduced_compute,dg_c,70.13,70.65,converged,1,29.223,19.525,1594.035,273.497,0.946,20.891,25744,2351,38241
vp_103818,reduced_compute,sg,73.28,80.56,converged,1,27.848,19.046,1592.899,191.512,0.9572,21.856,25744,2351,38241
vp_103818,reduced_compute,sg_c,92.97,80.73,converged,1,18.574,19.241,1583.141,189.069,0.9757,23.38,25744,2351,38241
vp_103818,missing_low_freq,baseline,6.73,16.55,failed,0,91.027,0.117,1480.007,791.425,0.8959,17.906,25744,2351,38241
vp_103818,missing_low_freq,dg,6.73,37.69,failed,0,88.903,5.475,1482.115,616.243,0.9048,18.199,25744,2351,38241
vp_103818,missing_low_freq,dg_c,50.59,55.47,buffer,0,39.019,23.836,1602.083,438.918,0.9298,19.965,25744,2351,38241
vp_103818,missing_low_freq,sg,7.18,32.45,failed,0,86.189,11.611,1485.271,659.574,0.8962,18.019,25744,2351,38241
vp_103818,missing_low_freq,sg_c,95.39,91.83,converged,1,14.565,19.106,1560.127,143.896,0.979,23.716,25744,2351,38241
vp_212217,standard,baseline,95.54,52.17,buffer,0,13.639,26.078,1576.555,281.923,0.9733,22.958,26927,1587,38642
vp_212217,standard,dg,94.98,69.12,converged,1,15.313,23.84,1585.202,234.418,0.9791,23.713,26927,1587,38642
vp_212217,standard,dg_c,94.85,72.78,converged,1,15.542,23.695,1586.28,223.978,0.9766,23.395,26927,1587,38642
vp_212217,standard,sg,93.58,55.64,buffer,0,17.505,23.04,1592.801,264.568,0.983,24.516,26927,1587,38642
vp_212217,standard,sg_c,93.55,53.06,buffer,0,15.022,26.447,1577.021,270.732,0.9849,24.944,26927,1587,38642
vp_212217,reduced_compute,baseline,6.68,26.4,failed,0,103.333,5.708,1480.462,548.975,0.9211,19.263,26927,1587,38642
vp_212217,reduced_compute,dg,80.49,72.53,converged,1,25.838,26.241,1599.79,279.844,0.9547,21.478,26927,1587,38642
vp_212217,reduced_compute,dg_c,86.4,79.33,converged,1,22.568,24.549,1597.777,224.134,0.9603,21.901,26927,1587,38642
vp_212217,reduced_compute,sg,87.85,71.9,converged,1,21.339,23.691,1597.219,224.138,0.9712,23.108,26927,1587,38642
vp_212217,reduced_compute,sg_c,96.17,61.88,converged,1,13.699,25.105,1585.012,245.509,0.9829,24.481,26927,1587,38642
vp_212217,missing_low_freq,baseline,6.64,19.6,failed,0,103.507,0.071,1480.003,672.382,0.9148,18.945,26927,1587,38642
vp_212217,missing_low_freq,dg,93.97,80.53,converged,1,14.411,21.95,1576.956,217.472,0.9638,22.194,26927,1587,38642
vp_212217,missing_low_freq,dg_c,89.94,79.9,converged,1,20.796,22.88,1596.108,212.273,0.9634,22.201,26927,1587,38642
vp_212217,missing_low_freq,sg,21.09,28.29,failed,0,89.331,40.583,1503.418,563.754,0.9274,19.869,26927,1587,38642
vp_212217,missing_low_freq,sg_c,94.22,63.39,converged,1,14.442,25.966,1580.018,242.866,0.9845,24.927,26927,1587,38642
vp_158338,standard,baseline,8.91,27.49,failed,0,89.642,16.102,1482.196,619.867,0.9007,18.636,32273,3740,47301
vp_158338,standard,dg,82.88,77.01,converged,1,25.638,28.448,1573.728,405.695,0.9389,20.935,32273,3740,47301
vp_158338,standard,dg_c,87.15,82.22,converged,1,22.246,23.314,1583.078,259.617,0.9496,21.759,32273,3740,47301
vp_158338,standard,sg,96.19,81.74,converged,1,12.954,21.261,1573.196,185.533,0.9832,24.812,32273,3740,47301
vp_158338,standard,sg_c,95.47,86.44,converged,1,12.97,23.152,1566.823,170.354,0.9811,24.618,32273,3740,47301
vp_158338,reduced_compute,baseline,8.66,19.57,failed,0,90.314,0.065,1480.002,844.308,0.8858,17.617,32273,3740,47301
vp_158338,reduced_compute,dg,8.69,6.04,failed,0,84.321,10.485,1486.162,764.586,0.8904,17.603,32273,3740,47301
vp_158338,reduced_compute,dg_c,67.05,79.41,converged,1,30.131,24.298,1592.404,234.343,0.9415,21.34,32273,3740,47301
vp_158338,reduced_compute,sg,94.38,91.82,converged,1,15.413,23.278,1575.842,145.326,0.9639,23.06,32273,3740,47301
vp_158338,reduced_compute,sg_c,86.55,90.16,converged,1,20.987,28.578,1565.693,153.847,0.9642,23.723,32273,3740,47301
vp_158338,missing_low_freq,baseline,8.66,12.75,failed,0,90.314,0.062,1480.001,893.747,0.8849,17.541,32273,3740,47301
vp_158338,missing_low_freq,dg,8.66,3.88,failed,0,85.838,8.218,1484.417,881.356,0.8816,17.008,32273,3740,47301
vp_158338,missing_low_freq,dg_c,44.02,47.35,buffer,0,56.535,45.943,1603.954,638.595,0.8985,18.956,32273,3740,47301
vp_158338,missing_low_freq,sg,90.06,61.63,converged,1,19.631,25.211,1560.895,394.278,0.9401,21.64,32273,3740,47301
vp_158338,missing_low_freq,sg_c,69.91,82.27,converged,1,34.157,33.639,1550.393,189.764,0.9663,24.27,32273,3740,47301
vp_569965,standard,baseline,84.82,46.29,buffer,0,23.761,19.546,1586.631,308.794,0.9609,22.052,28905,2560,42245
vp_569965,standard,dg,88.62,73.79,converged,1,17.906,20.529,1558.971,234.186,0.9639,22.286,28905,2560,42245
vp_569965,standard,dg_c,90.09,76.6,converged,1,16.958,19.835,1558.852,223.338,0.9646,22.303,28905,2560,42245
vp_569965,standard,sg,97.87,86.13,converged,1,13.304,16.715,1557.092,169.287,0.9804,23.951,28905,2560,42245
vp_569965,standard,sg_c,95.46,70.78,converged,1,12.586,19.483,1562.634,223.667,0.9835,24.361,28905,2560,42245
vp_569965,reduced_compute,baseline,5.31,19.92,failed,0,87.497,5.108,1481.121,645.809,0.9063,18.469,28905,2560,42245
vp_569965,reduced_compute,dg,55.91,64.41,buffer,0,35.662,22.534,1596.828,347.821,0.9325,20.242,28905,2560,42245
vp_569965,reduced_compute,dg_c,91.8,82.66,converged,1,19.344,17.674,1581.989,200.673,0.9567,21.733,28905,2560,42245
vp_569965,reduced_compute,sg,98.26,89.61,converged,1,10.512,17.122,1564.347,157.101,0.9678,22.682,28905,2560,42245
vp_569965,reduced_compute,sg_c,97.22,76.45,converged,1,12.21,19.044,1571.277,201.311,0.9785,23.783,28905,2560,42245
vp_569965,missing_low_freq,baseline,5.31,17.07,failed,0,88.286,1.056,1480.15,708.583,0.9024,18.372,28905,2560,42245
vp_569965,missing_low_freq,dg,5.31,41.52,failed,0,85.509,8.181,1482.99,524.778,0.9213,19.181,28905,2560,42245
vp_569965,missing_low_freq,dg_c,84.55,75.82,converged,1,22.956,18.884,1585.034,242.744,0.9495,21.394,28905,2560,42245
vp_569965,missing_low_freq,sg,5.59,35.74,failed,0,84.115,10.851,1484.624,531.85,0.9115,18.876,28905,2560,42245
vp_569965,missing_low_freq,sg_c,81.95,85.04,converged,1,26.439,22.452,1546.382,173.835,0.9775,24.049,28905,2560,42245
vp_172029,standard,baseline,98.06,34.0,buffer,0,10.663,23.71,1562.834,340.623,0.9775,23.5,34079,1738,47215
vp_172029,standard,dg,91.6,87.74,converged,1,17.982,22.791,1544.382,170.142,0.9732,23.386,34079,1738,47215
vp_172029,standard,dg_c,92.69,87.92,converged,1,17.167,22.473,1544.193,168.355,0.9749,23.508,34079,1738,47215
vp_172029,standard,sg,97.9,65.07,converged,1,10.334,22.08,1554.494,241.361,0.9859,25.162,34079,1738,47215
vp_172029,standard,sg_c,85.27,47.64,buffer,0,21.395,26.566,1543.182,275.394,0.9816,24.963,34079,1738,47215
vp_172029,reduced_compute,baseline,13.69,21.06,failed,0,79.733,11.275,1480.917,549.378,0.9214,19.785,34079,1738,47215
vp_172029,reduced_compute,dg,82.73,83.31,converged,1,23.703,25.811,1572.583,212.178,0.949,21.853,34079,1738,47215
vp_172029,reduced_compute,dg_c,94.49,92.64,converged,1,15.265,23.165,1565.817,154.826,0.9633,22.57,34079,1738,47215
vp_172029,reduced_compute,sg,97.06,78.25,converged,1,13.187,23.385,1565.525,194.609,0.9724,23.416,34079,1738,47215
vp_172029,reduced_compute,sg_c,86.16,61.85,converged,1,20.584,28.102,1546.751,238.559,0.9804,24.931,34079,1738,47215
vp_172029,missing_low_freq,baseline,13.58,16.28,failed,0,79.574,1.674,1480.099,591.637,0.9193,19.676,34079,1738,47215
vp_172029,missing_low_freq,dg,80.18,72.38,converged,1,24.745,24.126,1576.187,254.559,0.9494,21.618,34079,1738,47215
vp_172029,missing_low_freq,dg_c,97.13,94.71,converged,1,11.392,22.367,1559.657,133.447,0.964,22.53,34079,1738,47215
vp_172029,missing_low_freq,sg,96.59,80.61,converged,1,11.784,23.181,1560.98,193.239,0.9782,24.165,34079,1738,47215
vp_172029,missing_low_freq,sg_c,45.41,54.83,buffer,0,45.614,28.57,1517.388,268.514,0.9623,23.91,34079,1738,47215
vp_177645,standard,baseline,96.46,46.86,buffer,0,12.973,20.643,1566.065,288.187,0.9712,22.91,28043,2053,40710
vp_177645,standard,dg,86.36,75.99,converged,1,19.668,21.173,1560.779,210.408,0.9712,23.214,28043,2053,40710
vp_177645,standard,dg_c,93.15,70.97,converged,1,17.703,21.741,1578.34,228.855,0.9714,23.244,28043,2053,40710
vp_177645,standard,sg,96.18,86.41,converged,1,15.193,18.444,1559.849,169.282,0.9829,24.567,28043,2053,40710
vp_177645,standard,sg_c,93.27,60.2,converged,1,15.311,22.465,1568.686,239.249,0.9848,25.033,28043,2053,40710
vp_177645,reduced_compute,baseline,5.56,18.66,failed,0,93.602,2.043,1480.085,644.204,0.9201,19.161,28043,2053,40710
vp_177645,reduced_compute,dg,79.81,78.23,converged,1,25.557,21.471,1591.439,236.591,0.9583,22.059,28043,2053,40710
vp_177645,reduced_compute,dg_c,92.81,82.22,converged,1,20.635,19.727,1587.759,209.571,0.9671,22.716,28043,2053,40710
vp_177645,reduced_compute,sg,96.49,75.79,converged,1,16.132,18.701,1584.453,204.498,0.974,23.537,28043,2053,40710
vp_177645,reduced_compute,sg_c,95.8,72.82,converged,1,13.545,21.432,1573.155,210.532,0.9822,24.635,28043,2053,40710
vp_177645,missing_low_freq,baseline,5.55,15.0,failed,0,93.638,0.007,1480.0,733.284,0.9142,18.954,28043,2053,40710
vp_177645,missing_low_freq,dg,5.58,35.41,failed,0,92.674,3.72,1480.973,545.977,0.9323,19.749,28043,2053,40710
vp_177645,missing_low_freq,dg_c,87.84,75.01,converged,1,22.355,19.346,1589.622,286.172,0.9578,22.1,28043,2053,40710
vp_177645,missing_low_freq,sg,5.81,26.84,failed,0,90.605,8.743,1483.25,529.028,0.9255,19.643,28043,2053,40710
vp_177645,missing_low_freq,sg_c,76.92,84.22,converged,1,29.754,25.402,1549.652,178.906,0.9786,24.764,28043,2053,40710
vp_930449,standard,baseline,98.25,26.14,failed,0,14.217,18.137,1555.949,359.072,0.9808,23.377,25876,983,36532
vp_930449,standard,dg,84.62,75.89,converged,1,20.978,19.212,1551.876,205.092,0.9785,23.433,25876,983,36532
vp_930449,standard,dg_c,87.95,83.83,converged,1,19.192,18.677,1553.395,187.645,0.9771,23.154,25876,983,36532
vp_930449,standard,sg,86.2,68.87,converged,1,20.958,20.491,1582.899,274.747,0.9666,22.578,25876,983,36532
vp_930449,standard,sg_c,91.29,40.79,buffer,0,16.721,23.142,1563.283,307.564,0.9828,24.6,25876,983,36532
vp_930449,reduced_compute,baseline,83.48,55.04,buffer,0,24.272,20.387,1587.907,282.426,0.9628,22.161,25876,983,36532
vp_930449,reduced_compute,dg,76.84,29.5,failed,0,27.216,23.677,1587.123,583.609,0.9481,20.36,25876,983,36532
vp_930449,reduced_compute,dg_c,95.68,67.55,converged,1,13.069,18.376,1564.678,286.423,0.9606,21.477,25876,983,36532
vp_930449,reduced_compute,sg,82.65,67.04,converged,1,23.506,20.174,1586.366,286.969,0.9621,22.154,25876,983,36532
vp_930449,reduced_compute,sg_c,95.8,61.44,converged,1,13.895,20.835,1571.567,256.497,0.9804,24.02,25876,983,36532
vp_930449,missing_low_freq,baseline,4.48,20.55,failed,0,89.417,0.466,1480.02,631.406,0.9246,19.322,25876,983,36532
vp_930449,missing_low_freq,dg,90.75,74.16,converged,1,20.369,18.625,1583.505,259.59,0.9634,22.047,25876,983,36532
vp_930449,missing_low_freq,dg_c,92.28,84.13,converged,1,19.902,17.669,1583.841,222.291,0.9644,22.092,25876,983,36532
vp_930449,missing_low_freq,sg,81.19,52.09,buffer,0,24.161,21.194,1585.813,342.42,0.9598,21.972,25876,983,36532
vp_930449,missing_low_freq,sg_c,94.43,57.99,buffer,0,14.941,21.759,1570.077,259.903,0.981,24.31,25876,983,36532
vp_859671,standard,baseline,94.9,65.73,converged,1,13.614,18.889,1562.469,254.202,0.9613,22.182,25565,2302,37882
vp_859671,standard,dg,94.27,75.28,converged,1,15.628,17.57,1552.954,215.645,0.9658,22.528,25565,2302,37882
vp_859671,standard,dg_c,95.38,74.89,converged,1,14.393,17.175,1553.861,214.324,0.9651,22.406,25565,2302,37882
vp_859671,standard,sg,97.95,87.75,converged,1,11.251,16.167,1559.342,169.416,0.9705,23.334,25565,2302,37882
vp_859671,standard,sg_c,97.0,75.8,converged,1,11.563,17.535,1561.094,201.474,0.9821,24.546,25565,2302,37882
vp_859671,reduced_compute,baseline,4.26,19.9,failed,0,81.388,3.0,1480.14,678.08,0.9093,18.491,25565,2302,37882
vp_859671,reduced_compute,dg,59.47,42.62,buffer,0,41.945,28.225,1593.362,464.905,0.9321,20.194,25565,2302,37882
vp_859671,reduced_compute,dg_c,72.54,51.09,buffer,0,34.522,24.323,1587.339,386.373,0.9434,20.914,25565,2302,37882
vp_859671,reduced_compute,sg,75.38,81.45,converged,1,26.654,16.724,1583.886,189.793,0.9554,22.139,25565,2302,37882
vp_859671,reduced_compute,sg_c,96.85,82.23,converged,1,14.288,16.609,1569.776,183.586,0.9739,23.622,25565,2302,37882
vp_859671,missing_low_freq,baseline,4.16,15.25,failed,0,81.457,0.094,1480.002,772.701,0.9044,18.266,25565,2302,37882
vp_859671,missing_low_freq,dg,67.3,45.57,buffer,0,38.014,27.002,1589.027,425.706,0.9386,20.733,25565,2302,37882
vp_859671,missing_low_freq,dg_c,66.4,45.7,buffer,0,38.945,26.156,1591.127,420.753,0.9376,20.634,25565,2302,37882
vp_859671,missing_low_freq,sg,4.38,24.37,failed,0,80.262,5.028,1481.284,714.243,0.9018,18.181,25565,2302,37882
vp_859671,missing_low_freq,sg_c,95.1,90.57,converged,1,16.843,16.907,1547.536,158.87,0.9779,23.978,25565,2302,37882
vp_137027,standard,baseline,6.32,18.7,failed,0,91.812,12.741,1480.625,622.246,0.8986,18.431,27525,3855,41968
vp_137027,standard,dg,83.72,78.73,converged,1,23.36,24.35,1582.541,265.798,0.9458,22.057,27525,3855,41968
vp_137027,standard,dg_c,90.13,89.73,converged,1,19.58,22.229,1582.131,184.439,0.9497,22.311,27525,3855,41968
vp_137027,standard,sg,97.16,90.64,converged,1,11.733,21.133,1569.043,151.065,0.9675,23.551,27525,3855,41968
vp_137027,standard,sg_c,94.13,87.76,converged,1,16.506,23.794,1577.805,163.691,0.9738,24.16,27525,3855,41968
vp_137027,reduced_compute,baseline,6.25,17.43,failed,0,91.497,0.593,1480.018,728.391,0.8878,17.855,27525,3855,41968
vp_137027,reduced_compute,dg,6.25,16.42,failed,0,90.575,2.679,1480.883,754.097,0.8836,17.482,27525,3855,41968
vp_137027,reduced_compute,dg_c,55.27,69.78,buffer,0,38.108,27.226,1600.248,336.75,0.9227,20.665,27525,3855,41968
vp_137027,reduced_compute,sg,93.08,90.56,converged,1,15.49,22.132,1575.693,164.326,0.9473,22.128,27525,3855,41968
vp_137027,reduced_compute,sg_c,92.31,92.89,converged,1,17.393,23.472,1579.5,143.427,0.959,23.119,27525,3855,41968
vp_137027,missing_low_freq,baseline,6.25,13.05,failed,0,91.509,0.195,1480.003,773.737,0.8859,17.701,27525,3855,41968
vp_137027,missing_low_freq,dg,6.25,22.78,failed,0,90.466,3.05,1480.995,707.498,0.89,17.847,27525,3855,41968
vp_137027,missing_low_freq,dg_c,54.86,49.08,buffer,0,45.515,41.343,1593.275,494.633,0.9012,19.594,27525,3855,41968
vp_137027,missing_low_freq,sg,6.26,22.49,failed,0,89.191,6.273,1482.299,709.659,0.8841,17.846,27525,3855,41968
vp_137027,missing_low_freq,sg_c,93.62,94.76,converged,1,16.461,23.876,1562.483,133.525,0.965,23.548,27525,3855,41968
vp_162026,standard,baseline,11.84,20.28,failed,0,82.114,34.126,1489.936,669.83,0.8856,18.099,27676,4432,42711
vp_162026,standard,dg,83.1,77.87,converged,1,25.231,25.968,1571.497,354.889,0.9337,20.688,27676,4432,42711
vp_162026,standard,dg_c,84.81,82.81,converged,1,24.206,21.109,1580.661,243.373,0.9437,21.457,27676,4432,42711
vp_162026,standard,sg,84.54,88.43,converged,1,23.208,19.98,1581.718,163.796,0.9608,22.684,27676,4432,42711
vp_162026,standard,sg_c,94.65,91.9,converged,1,15.79,20.072,1573.625,147.539,0.9697,23.382,27676,4432,42711
vp_162026,reduced_compute,baseline,9.06,15.5,failed,0,84.149,3.149,1480.449,824.177,0.8728,17.163,27676,4432,42711
vp_162026,reduced_compute,dg,9.18,17.94,failed,0,80.133,9.921,1484.626,784.656,0.8713,17.081,27676,4432,42711
vp_162026,reduced_compute,dg_c,35.67,59.95,failed,0,59.025,37.489,1609.086,490.766,0.8929,18.987,27676,4432,42711
vp_162026,reduced_compute,sg,69.23,86.85,converged,1,29.467,21.642,1587.126,195.971,0.9393,21.386,27676,4432,42711
vp_162026,reduced_compute,sg_c,95.32,90.3,converged,1,13.907,21.072,1563.414,173.094,0.9505,22.086,27676,4432,42711
vp_162026,missing_low_freq,baseline,9.37,10.76,failed,0,84.062,5.635,1480.69,870.069,0.8711,17.011,27676,4432,42711
vp_162026,missing_low_freq,dg,9.01,10.6,failed,0,81.481,6.398,1482.979,887.762,0.8681,16.486,27676,4432,42711
vp_162026,missing_low_freq,dg_c,50.24,46.77,buffer,0,51.689,41.039,1596.968,604.189,0.8819,18.409,27676,4432,42711
vp_162026,missing_low_freq,sg,9.02,33.73,failed,0,81.652,7.673,1482.903,706.864,0.875,17.606,27676,4432,42711
vp_162026,missing_low_freq,sg_c,95.31,89.28,converged,1,13.647,21.04,1560.495,168.325,0.9588,22.441,27676,4432,42711
vp_176441,standard,baseline,92.63,52.51,buffer,0,18.147,24.918,1567.742,286.587,0.9537,22.086,28839,2668,42178
vp_176441,standard,dg,81.27,62.82,converged,1,22.149,24.042,1549.502,329.788,0.9573,22.353,28839,2668,42178
vp_176441,standard,dg_c,90.86,69.34,converged,1,19.088,23.162,1553.087,303.069,0.9578,22.317,28839,2668,42178
vp_176441,standard,sg,97.34,90.18,converged,1,12.701,19.03,1555.333,158.638,0.9758,24.182,28839,2668,42178
vp_176441,standard,sg_c,96.24,81.15,converged,1,13.908,23.204,1559.967,188.842,0.9797,24.692,28839,2668,42178
vp_176441,reduced_compute,baseline,8.84,17.17,failed,0,83.672,0.0,1480.0,780.739,0.9011,18.286,28839,2668,42178
vp_176441,reduced_compute,dg,82.3,86.47,converged,1,25.244,19.852,1582.279,196.25,0.9488,21.763,28839,2668,42178
vp_176441,reduced_compute,dg_c,86.76,81.86,converged,1,23.141,20.377,1579.271,240.787,0.9524,21.996,28839,2668,42178
vp_176441,reduced_compute,sg,96.84,92.24,converged,1,11.585,18.856,1558.985,153.341,0.9681,23.343,28839,2668,42178
vp_176441,reduced_compute,sg_c,95.89,83.51,converged,1,14.554,23.281,1563.25,184.351,0.9738,24.148,28839,2668,42178
vp_176441,missing_low_freq,baseline,8.84,11.06,failed,0,83.672,0.0,1480.0,862.204,0.8969,18.055,28839,2668,42178
vp_176441,missing_low_freq,dg,58.86,60.64,buffer,0,39.926,31.649,1589.405,569.61,0.9321,20.439,28839,2668,42178
vp_176441,missing_low_freq,dg_c,65.72,60.61,converged,1,38.478,30.667,1588.335,568.616,0.934,20.462,28839,2668,42178
vp_176441,missing_low_freq,sg,89.16,86.09,converged,1,20.231,19.527,1577.064,174.172,0.9694,23.689,28839,2668,42178
vp_176441,missing_low_freq,sg_c,81.17,92.88,converged,1,22.305,22.538,1543.794,148.872,0.9764,24.412,28839,2668,42178
vp_182032,standard,baseline,93.1,49.14,buffer,0,18.249,20.341,1576.622,301.485,0.9756,23.037,28177,1679,40167
vp_182032,standard,dg,93.15,76.77,converged,1,15.82,18.516,1551.333,208.032,0.9746,22.949,28177,1679,40167
vp_182032,standard,dg_c,94.22,77.31,converged,1,15.27,18.53,1551.661,212.123,0.9738,22.826,28177,1679,40167
vp_182032,standard,sg,98.6,83.38,converged,1,11.642,17.059,1553.168,185.721,0.9811,23.978,28177,1679,40167
vp_182032,standard,sg_c,95.69,65.52,converged,1,13.151,20.234,1556.752,241.769,0.9859,24.998,28177,1679,40167
vp_182032,reduced_compute,baseline,14.75,39.85,failed,0,96.962,87.719,1523.662,548.455,0.91,19.774,28177,1679,40167
vp_182032,reduced_compute,dg,88.49,78.26,converged,1,21.069,19.411,1578.782,231.655,0.9605,21.688,28177,1679,40167
vp_182032,reduced_compute,dg_c,94.87,81.0,converged,1,16.732,18.498,1574.475,212.369,0.9679,22.268,28177,1679,40167
vp_182032,reduced_compute,sg,98.6,85.23,converged,1,9.816,17.587,1557.681,181.216,0.9715,22.801,28177,1679,40167
vp_182032,reduced_compute,sg_c,98.32,73.85,converged,1,10.178,18.765,1564.711,219.182,0.9829,24.257,28177,1679,40167
vp_182032,missing_low_freq,baseline,7.4,23.76,failed,0,83.441,3.606,1480.147,813.377,0.9062,18.308,28177,1679,40167
vp_182032,missing_low_freq,dg,87.64,71.71,converged,1,21.995,19.207,1579.878,281.433,0.9573,21.57,28177,1679,40167
vp_182032,missing_low_freq,dg_c,96.58,69.8,converged,1,11.608,19.085,1562.973,302.295,0.9556,21.288,28177,1679,40167
vp_182032,missing_low_freq,sg,96.05,80.82,converged,1,15.483,17.556,1573.725,200.787,0.9741,23.293,28177,1679,40167
vp_182032,missing_low_freq,sg_c,96.43,71.89,converged,1,12.672,20.339,1559.884,221.931,0.9849,24.946,28177,1679,40167
vp_188549,standard,baseline,33.85,17.66,failed,0,67.901,59.384,1541.115,722.577,0.9194,20.213,31960,2865,45828
vp_188549,standard,dg,82.67,59.13,buffer,0,27.334,34.501,1568.908,550.024,0.9479,21.183,31960,2865,45828
vp_188549,standard,dg_c,89.12,65.34,converged,1,21.907,28.602,1577.924,332.215,0.9567,22.248,31960,2865,45828
vp_188549,standard,sg,97.03,82.37,converged,1,11.611,23.571,1570.334,193.581,0.9819,24.958,31960,2865,45828
vp_188549,standard,sg_c,92.18,82.48,converged,1,15.928,26.422,1560.69,192.519,0.9806,24.893,31960,2865,45828
vp_188549,reduced_compute,baseline,8.94,24.68,failed,0,90.191,0.992,1480.03,853.274,0.898,18.117,31960,2865,45828
vp_188549,reduced_compute,dg,37.95,8.62,failed,0,48.293,42.671,1593.605,730.223,0.9081,18.716,31960,2865,45828
vp_188549,reduced_compute,dg_c,77.9,67.57,converged,1,25.947,27.858,1586.452,301.656,0.9507,21.803,31960,2865,45828
vp_188549,reduced_compute,sg,96.17,91.97,converged,1,12.887,23.799,1559.573,156.046,0.9725,23.665,31960,2865,45828
vp_188549,reduced_compute,sg_c,80.78,83.77,converged,1,26.0,33.587,1558.857,190.752,0.9656,24.163,31960,2865,45828
vp_188549,missing_low_freq,baseline,8.92,14.62,failed,0,90.208,0.042,1480.001,901.354,0.8979,18.091,31960,2865,45828
vp_188549,missing_low_freq,dg,8.92,12.32,failed,0,90.159,0.45,1480.046,898.411,0.8951,17.543,31960,2865,45828
vp_188549,missing_low_freq,dg_c,62.87,54.66,buffer,0,40.246,43.064,1581.086,680.402,0.9261,19.951,31960,2865,45828
vp_188549,missing_low_freq,sg,91.72,84.4,converged,1,16.058,25.562,1565.792,183.073,0.9769,24.621,31960,2865,45828
vp_188549,missing_low_freq,sg_c,62.91,87.5,converged,1,38.356,31.082,1537.031,174.858,0.969,24.669,31960,2865,45828
vp_911849,standard,baseline,92.6,70.02,converged,1,17.062,22.613,1561.925,247.491,0.9471,21.45,28806,2995,42481
vp_911849,standard,dg,94.05,81.84,converged,1,14.865,19.556,1561.743,206.01,0.9541,21.745,28806,2995,42481
vp_911849,standard,dg_c,95.9,84.84,converged,1,12.502,18.464,1560.043,186.742,0.9576,21.966,28806,2995,42481
vp_911849,standard,sg,98.31,90.82,converged,1,11.669,17.391,1552.45,151.247,0.9779,23.949,28806,2995,42481
vp_911849,standard,sg_c,93.99,89.15,converged,1,16.917,19.084,1545.148,157.467,0.9829,24.516,28806,2995,42481
vp_911849,reduced_compute,baseline,8.46,21.4,failed,0,81.046,1.151,1480.149,713.33,0.8944,18.043,28806,2995,42481
vp_911849,reduced_compute,dg,31.0,10.98,failed,0,53.448,37.091,1598.876,768.205,0.8889,17.805,28806,2995,42481
vp_911849,reduced_compute,dg_c,83.64,63.91,converged,1,23.081,21.609,1574.386,334.663,0.9333,20.53,28806,2995,42481
vp_911849,reduced_compute,sg,88.13,89.75,converged,1,20.407,19.269,1575.534,159.912,0.9566,22.154,28806,2995,42481
vp_911849,reduced_compute,sg_c,95.84,87.48,converged,1,13.168,21.028,1561.28,161.341,0.9732,23.778,28806,2995,42481
vp_911849,missing_low_freq,baseline,8.46,16.56,failed,0,80.963,2.204,1480.248,748.969,0.8942,18.0,28806,2995,42481
vp_911849,missing_low_freq,dg,8.46,20.5,failed,0,76.482,8.963,1484.717,725.235,0.8907,17.692,28806,2995,42481
vp_911849,missing_low_freq,dg_c,63.65,57.53,buffer,0,34.074,24.062,1586.022,372.011,0.9249,20.231,28806,2995,42481
vp_911849,missing_low_freq,sg,87.75,89.92,converged,1,20.398,19.47,1574.902,168.999,0.9534,22.007,28806,2995,42481
vp_911849,missing_low_freq,sg_c,88.45,88.18,converged,1,18.988,24.274,1552.933,163.54,0.9765,24.394,28806,2995,42481
vp_180129,standard,baseline,7.54,16.43,failed,0,98.274,12.774,1482.089,621.629,0.8792,17.864,26389,4753,41520
vp_180129,standard,dg,56.27,77.53,buffer,0,35.996,24.931,1605.743,260.009,0.9238,20.889,26389,4753,41520
vp_180129,standard,dg_c,61.2,83.17,converged,1,33.763,23.89,1604.504,212.124,0.9276,21.059,26389,4753,41520
vp_180129,standard,sg,90.24,91.02,converged,1,17.319,23.992,1581.7,150.81,0.9535,22.364,26389,4753,41520
vp_180129,standard,sg_c,85.83,88.51,converged,1,22.281,24.92,1592.473,157.271,0.9605,22.865,26389,4753,41520
vp_180129,reduced_compute,baseline,7.59,17.08,failed,0,96.645,11.064,1483.845,715.657,0.8727,17.388,26389,4753,41520
vp_180129,reduced_compute,dg,7.21,20.13,failed,0,90.785,15.574,1489.544,715.618,0.8725,17.263,26389,4753,41520
vp_180129,reduced_compute,dg_c,26.82,51.34,failed,0,65.52,44.888,1625.83,466.349,0.8795,18.875,26389,4753,41520
vp_180129,reduced_compute,sg,56.26,83.25,buffer,0,38.567,27.189,1608.86,211.025,0.9239,21.111,26389,4753,41520
vp_180129,reduced_compute,sg_c,89.2,92.07,converged,1,18.752,25.891,1582.208,158.355,0.9393,21.718,26389,4753,41520
vp_180129,missing_low_freq,baseline,7.86,12.35,failed,0,97.291,11.153,1483.231,781.96,0.8706,17.19,26389,4753,41520
vp_180129,missing_low_freq,dg,7.2,30.0,failed,0,93.803,9.564,1485.657,639.947,0.8762,17.717,26389,4753,41520
vp_180129,missing_low_freq,dg_c,42.39,47.19,buffer,0,55.715,47.721,1607.105,517.844,0.8732,18.603,26389,4753,41520
vp_180129,missing_low_freq,sg,7.7,28.82,failed,0,86.807,16.804,1493.216,670.831,0.8715,17.586,26389,4753,41520
vp_180129,missing_low_freq,sg_c,89.96,91.29,converged,1,18.299,25.857,1579.78,158.122,0.9431,21.942,26389,4753,41520
vp_923755,standard,baseline,8.26,18.05,failed,0,89.617,11.964,1481.677,590.385,0.9256,19.272,33522,2997,47902
vp_923755,standard,dg,91.07,70.1,converged,1,17.911,23.245,1568.088,378.963,0.9532,21.521,33522,2997,47902
vp_923755,standard,dg_c,91.56,67.8,converged,1,17.922,22.594,1576.652,287.008,0.962,22.265,33522,2997,47902
vp_923755,standard,sg,96.95,73.91,converged,1,11.849,20.992,1567.106,207.759,0.9835,24.596,33522,2997,47902
vp_923755,standard,sg_c,89.69,70.64,converged,1,17.362,24.149,1558.583,216.164,0.983,24.625,33522,2997,47902
vp_923755,reduced_compute,baseline,7.78,21.99,failed,0,90.328,0.377,1480.015,740.22,0.9068,18.213,33522,2997,47902
vp_923755,reduced_compute,dg,7.8,5.11,failed,0,81.686,11.442,1488.753,826.956,0.8957,17.319,33522,2997,47902
vp_923755,reduced_compute,dg_c,90.5,79.48,converged,1,20.366,21.499,1583.406,237.5,0.9525,21.529,33522,2997,47902
vp_923755,reduced_compute,sg,97.77,89.12,converged,1,11.071,20.917,1564.943,168.493,0.9663,22.537,33522,2997,47902
vp_923755,reduced_compute,sg_c,82.34,78.51,converged,1,22.546,28.844,1560.214,194.795,0.9696,23.728,33522,2997,47902
vp_923755,missing_low_freq,baseline,7.78,15.85,failed,0,90.336,0.215,1480.006,757.924,0.9081,18.273,33522,2997,47902
vp_923755,missing_low_freq,dg,7.79,5.77,failed,0,88.355,4.985,1481.888,833.567,0.9044,17.647,33522,2997,47902
vp_923755,missing_low_freq,dg_c,68.04,56.92,buffer,0,35.657,28.761,1593.203,532.317,0.9353,20.2,33522,2997,47902
vp_923755,missing_low_freq,sg,95.97,85.89,converged,1,14.025,22.193,1571.434,171.241,0.9726,23.257,33522,2997,47902
vp_923755,missing_low_freq,sg_c,76.99,75.24,converged,1,26.974,30.012,1554.362,205.101,0.9742,24.391,33522,2997,47902
vp_720337,standard,baseline,87.23,77.6,converged,1,22.014,21.424,1584.318,201.911,0.9734,24.135,29786,2246,42510
vp_720337,standard,dg,94.48,88.91,converged,1,16.455,19.303,1575.442,157.896,0.9742,24.19,29786,2246,42510
vp_720337,standard,dg_c,96.27,95.01,converged,1,13.761,17.959,1557.842,133.006,0.9719,23.836,29786,2246,42510
vp_720337,standard,sg,98.53,91.72,converged,1,10.954,18.572,1560.033,144.722,0.9808,25.025,29786,2246,42510
vp_720337,standard,sg_c,95.31,77.56,converged,1,14.413,22.588,1567.115,195.682,0.9836,25.613,29786,2246,42510
vp_720337,reduced_compute,baseline,6.21,18.43,failed,0,87.372,20.264,1482.722,618.752,0.9145,19.761,29786,2246,42510
vp_720337,reduced_compute,dg,81.55,89.85,converged,1,24.392,20.206,1585.071,160.51,0.9566,22.665,29786,2246,42510
vp_720337,reduced_compute,dg_c,89.47,96.3,converged,1,21.273,18.625,1582.85,127.075,0.9649,23.277,29786,2246,42510
vp_720337,reduced_compute,sg,97.97,95.95,converged,1,10.875,18.747,1564.411,120.258,0.9716,24.054,29786,2246,42510
vp_720337,reduced_compute,sg_c,96.04,87.0,converged,1,14.876,21.723,1571.42,166.878,0.9806,25.229,29786,2246,42510
vp_720337,missing_low_freq,baseline,5.82,13.36,failed,0,87.402,0.206,1480.005,689.316,0.9156,19.42,29786,2246,42510
vp_720337,missing_low_freq,dg,80.44,73.24,converged,1,26.481,20.344,1586.588,434.139,0.9522,21.867,29786,2246,42510
vp_720337,missing_low_freq,dg_c,95.54,86.91,converged,1,12.93,18.367,1565.641,174.543,0.958,22.709,29786,2246,42510
vp_720337,missing_low_freq,sg,34.4,36.2,failed,0,66.791,38.84,1512.962,497.502,0.9389,21.222,29786,2246,42510
vp_720337,missing_low_freq,sg_c,94.54,82.1,converged,1,15.517,23.002,1567.837,180.705,0.9821,25.543,29786,2246,42510
vp_189450,standard,baseline,4.78,22.81,failed,0,95.49,3.304,1480.358,673.887,0.89,17.792,31750,4931,47991
vp_189450,standard,dg,46.0,44.92,buffer,0,55.965,51.452,1557.744,620.234,0.8951,18.615,31750,4931,47991
vp_189450,standard,dg_c,65.06,68.55,converged,1,38.302,27.421,1601.098,415.96,0.9217,20.231,31750,4931,47991
vp_189450,standard,sg,94.65,79.48,converged,1,15.575,20.239,1581.761,189.319,0.9773,24.233,31750,4931,47991
vp_189450,standard,sg_c,95.64,83.88,converged,1,14.283,20.76,1579.502,177.227,0.9747,23.992,31750,4931,47991
vp_189450,reduced_compute,baseline,4.7,17.83,failed,0,95.762,0.088,1480.003,867.96,0.8755,16.878,31750,4931,47991
vp_189450,reduced_compute,dg,4.76,0.41,failed,0,80.39,14.224,1495.446,939.811,0.8735,16.13,31750,4931,47991
vp_189450,reduced_compute,dg_c,43.59,53.8,buffer,0,47.838,32.222,1610.178,422.473,0.9085,19.734,31750,4931,47991
vp_189450,reduced_compute,sg,91.2,86.8,converged,1,19.268,21.507,1585.176,170.235,0.9578,22.673,31750,4931,47991
vp_189450,reduced_compute,sg_c,84.95,87.2,converged,1,23.831,29.037,1575.413,171.078,0.947,22.764,31750,4931,47991
vp_189450,missing_low_freq,baseline,4.7,12.35,failed,0,95.762,0.119,1480.004,899.719,0.8748,16.829,31750,4931,47991
vp_189450,missing_low_freq,dg,4.74,2.64,failed,0,83.445,12.296,1492.037,877.439,0.8764,16.622,31750,4931,47991
vp_189450,missing_low_freq,dg_c,23.06,14.52,failed,0,75.876,60.509,1531.663,800.572,0.8774,17.316,31750,4931,47991
vp_189450,missing_low_freq,sg,4.7,6.19,failed,0,90.653,9.173,1484.989,784.694,0.8918,17.359,31750,4931,47991
vp_189450,missing_low_freq,sg_c,82.25,91.46,converged,1,23.838,24.379,1558.497,147.028,0.9672,23.872,31750,4931,47991
vp_680452,standard,baseline,93.56,60.45,converged,1,16.137,20.564,1576.078,265.081,0.9729,23.804,30574,2096,43397
vp_680452,standard,dg,86.99,76.62,converged,1,19.592,21.023,1552.444,225.363,0.968,23.502,30574,2096,43397
vp_680452,standard,dg_c,88.18,79.34,converged,1,18.725,20.727,1552.89,219.277,0.9685,23.492,30574,2096,43397
vp_680452,standard,sg,95.46,85.4,converged,1,16.172,18.678,1551.236,186.619,0.9812,24.981,30574,2096,43397
vp_680452,standard,sg_c,90.27,72.47,converged,1,17.161,23.718,1557.11,226.438,0.9803,25.327,30574,2096,43397
vp_680452,reduced_compute,baseline,8.09,28.53,failed,0,86.277,6.585,1480.255,600.146,0.9193,19.792,30574,2096,43397
vp_680452,reduced_compute,dg,84.17,75.24,converged,1,23.368,21.384,1581.956,231.193,0.9571,22.364,30574,2096,43397
vp_680452,reduced_compute,dg_c,95.44,83.59,converged,1,14.029,18.873,1556.743,193.836,0.968,23.215,30574,2096,43397
vp_680452,reduced_compute,sg,98.47,87.12,converged,1,11.642,18.266,1557.9,175.453,0.9736,23.984,30574,2096,43397
vp_680452,reduced_compute,sg_c,93.57,78.96,converged,1,14.727,22.664,1561.928,204.753,0.9798,25.118,30574,2096,43397
vp_680452,missing_low_freq,baseline,8.07,23.85,failed,0,86.197,1.272,1480.033,690.495,0.9153,19.462,30574,2096,43397
vp_680452,missing_low_freq,dg,83.31,58.87,buffer,0,26.027,22.108,1583.507,535.825,0.9489,21.392,30574,2096,43397
vp_680452,missing_low_freq,dg_c,85.01,71.47,converged,1,24.762,23.463,1579.564,397.908,0.9531,22.179,30574,2096,43397
vp_680452,missing_low_freq,sg,94.95,81.44,converged,1,14.115,18.743,1572.98,197.12,0.977,24.541,30574,2096,43397
vp_680452,missing_low_freq,sg_c,75.89,81.44,converged,1,28.485,24.486,1541.383,198.103,0.9777,25.115,30574,2096,43397
vp_133827,standard,baseline,5.15,12.44,failed,0,88.841,0.888,1480.051,776.221,0.8846,17.204,31319,4173,46843
vp_133827,standard,dg,42.99,23.08,failed,0,42.158,26.541,1598.806,698.557,0.8882,17.837,31319,4173,46843
vp_133827,standard,dg_c,42.86,44.64,buffer,0,41.803,25.317,1600.48,470.958,0.91,19.286,31319,4173,46843
vp_133827,standard,sg,91.54,51.91,buffer,0,28.328,29.921,1570.326,559.003,0.9227,19.766,31319,4173,46843
vp_133827,standard,sg_c,97.83,87.06,converged,1,10.718,19.855,1568.733,162.435,0.9765,24.114,31319,4173,46843
vp_133827,reduced_compute,baseline,5.15,1.89,failed,0,88.878,0.0,1480.0,975.096,0.8688,16.068,31319,4173,46843
vp_133827,reduced_compute,dg,5.5,6.88,failed,0,62.74,15.405,1506.295,771.902,0.888,17.088,31319,4173,46843
vp_133827,reduced_compute,dg_c,35.13,13.44,failed,0,50.542,29.174,1606.807,615.092,0.8947,18.264,31319,4173,46843
vp_133827,reduced_compute,sg,70.78,32.06,buffer,0,42.979,36.303,1591.314,637.451,0.9073,18.958,31319,4173,46843
vp_133827,reduced_compute,sg_c,82.08,79.01,converged,1,37.339,39.686,1566.552,221.134,0.9307,21.789,31319,4173,46843
vp_133827,missing_low_freq,baseline,5.15,2.78,failed,0,88.878,0.0,1480.0,1009.93,0.8669,15.985,31319,4173,46843
vp_133827,missing_low_freq,dg,5.79,4.72,failed,0,60.66,15.125,1508.51,909.561,0.8703,16.284,31319,4173,46843
vp_133827,missing_low_freq,dg_c,32.77,9.8,failed,0,60.829,38.308,1613.185,768.504,0.8763,17.291,31319,4173,46843
vp_133827,missing_low_freq,sg,87.36,43.78,buffer,0,62.951,61.319,1582.518,688.157,0.8938,18.38,31319,4173,46843
vp_133827,missing_low_freq,sg_c,0.0,37.89,failed,0,178.764,72.158,1729.257,600.684,0.8794,17.455,31319,4173,46843
vp_381543,standard,baseline,92.4,51.04,buffer,0,19.387,25.165,1569.921,349.415,0.9529,21.569,28833,2796,42203
vp_381543,standard,dg,88.59,60.55,converged,1,20.156,23.676,1556.959,331.447,0.9604,22.095,28833,2796,42203
vp_381543,standard,dg_c,87.66,58.23,buffer,0,21.308,24.38,1576.196,336.301,0.9588,22.006,28833,2796,42203
vp_381543,standard,sg,93.45,79.01,converged,1,15.33,21.219,1574.019,196.537,0.9782,24.194,28833,2796,42203
vp_381543,standard,sg_c,86.33,82.19,converged,1,21.674,23.229,1549.44,183.428,0.977,23.998,28833,2796,42203
vp_381543,reduced_compute,baseline,6.23,21.07,failed,0,87.943,0.219,1480.009,783.589,0.9059,18.047,28833,2796,42203
vp_381543,reduced_compute,dg,73.89,62.63,converged,1,31.723,25.672,1588.936,435.262,0.9443,20.782,28833,2796,42203
vp_381543,reduced_compute,dg_c,79.42,59.66,buffer,0,31.564,26.86,1587.39,458.436,0.9461,20.854,28833,2796,42203
vp_381543,reduced_compute,sg,88.62,76.82,converged,1,21.382,21.401,1582.09,222.221,0.9656,22.835,28833,2796,42203
vp_381543,reduced_compute,sg_c,92.12,74.93,converged,1,18.434,25.956,1569.441,227.106,0.9713,23.534,28833,2796,42203
vp_381543,missing_low_freq,baseline,6.23,16.02,failed,0,87.951,0.001,1480.0,852.948,0.9024,17.9,28833,2796,42203
vp_381543,missing_low_freq,dg,6.23,28.65,failed,0,87.885,0.869,1480.067,725.751,0.9202,18.566,28833,2796,42203
vp_381543,missing_low_freq,dg_c,65.98,50.5,buffer,0,40.226,32.072,1593.885,574.701,0.9371,20.145,28833,2796,42203
vp_381543,missing_low_freq,sg,6.38,31.33,failed,0,86.914,4.899,1481.13,660.811,0.909,18.472,28833,2796,42203
vp_381543,missing_low_freq,sg_c,83.22,75.04,converged,1,22.384,29.485,1562.489,218.266,0.971,23.799,28833,2796,42203
vp_286347,standard,baseline,79.11,59.57,buffer,0,29.1,25.176,1585.502,306.692,0.9594,21.809,29584,2491,42751
vp_286347,standard,dg,83.62,60.34,converged,1,21.667,23.631,1553.857,400.126,0.9609,21.624,29584,2491,42751
vp_286347,standard,dg_c,87.86,60.7,converged,1,19.698,22.638,1554.555,362.034,0.9627,21.728,29584,2491,42751
vp_286347,standard,sg,94.65,82.06,converged,1,15.051,20.603,1570.178,191.343,0.9796,23.972,29584,2491,42751
vp_286347,standard,sg_c,93.0,80.73,converged,1,15.874,23.595,1561.131,191.472,0.9817,24.357,29584,2491,42751
vp_286347,reduced_compute,baseline,8.81,31.83,failed,0,85.275,0.205,1480.004,852.068,0.9108,17.866,29584,2491,42751
vp_286347,reduced_compute,dg,74.43,43.84,buffer,0,30.183,28.702,1575.083,581.314,0.9291,19.382,29584,2491,42751
vp_286347,reduced_compute,dg_c,81.82,57.21,buffer,0,25.725,21.486,1581.931,411.203,0.9512,20.771,29584,2491,42751
vp_286347,reduced_compute,sg,83.6,78.84,converged,1,24.433,20.583,1583.229,221.903,0.9666,22.357,29584,2491,42751
vp_286347,reduced_compute,sg_c,90.55,79.37,converged,1,18.665,24.979,1567.933,211.877,0.9722,23.208,29584,2491,42751
vp_286347,missing_low_freq,baseline,8.81,25.13,failed,0,85.277,0.0,1480.0,959.166,0.9044,17.565,29584,2491,42751
vp_286347,missing_low_freq,dg,8.81,40.18,failed,0,85.0,2.745,1480.324,735.931,0.9282,18.701,29584,2491,42751
vp_286347,missing_low_freq,dg_c,81.64,51.95,buffer,0,26.513,27.705,1570.063,581.925,0.9414,20.0,29584,2491,42751
vp_286347,missing_low_freq,sg,85.11,77.12,converged,1,23.625,20.624,1581.651,256.05,0.9663,22.435,29584,2491,42751
vp_286347,missing_low_freq,sg_c,87.36,80.33,converged,1,19.301,25.918,1561.802,207.267,0.9749,23.793,29584,2491,42751
vp_190132,standard,baseline,6.38,23.48,failed,0,89.99,3.716,1480.517,636.724,0.8877,17.873,27260,4417,42178
vp_190132,standard,dg,66.29,75.82,converged,1,33.671,27.38,1591.89,358.827,0.9318,20.646,27260,4417,42178
vp_190132,standard,dg_c,79.53,78.54,converged,1,26.155,22.763,1587.664,285.029,0.938,21.075,27260,4417,42178
vp_190132,standard,sg,91.92,87.48,converged,1,20.237,20.266,1584.914,169.081,0.9669,23.137,27260,4417,42178
vp_190132,standard,sg_c,96.88,89.27,converged,1,13.09,20.599,1575.859,160.771,0.9715,23.432,27260,4417,42178
vp_190132,reduced_compute,baseline,6.57,20.35,failed,0,88.872,7.649,1482.016,782.58,0.8772,17.229,27260,4417,42178
vp_190132,reduced_compute,dg,6.75,15.58,failed,0,82.151,15.984,1489.422,806.914,0.8738,16.85,27260,4417,42178
vp_190132,reduced_compute,dg_c,36.74,60.63,failed,0,52.658,33.64,1610.99,465.273,0.902,19.182,27260,4417,42178
vp_190132,reduced_compute,sg,60.03,87.48,converged,1,31.459,22.684,1595.891,200.789,0.9416,21.501,27260,4417,42178
vp_190132,reduced_compute,sg_c,90.3,90.6,converged,1,20.477,22.387,1583.3,174.008,0.9535,22.267,27260,4417,42178
vp_190132,missing_low_freq,baseline,6.85,15.49,failed,0,89.224,8.482,1481.793,855.349,0.874,17.034,27260,4417,42178
vp_190132,missing_low_freq,dg,6.28,27.19,failed,0,83.894,11.106,1486.729,735.886,0.8791,17.236,27260,4417,42178
vp_190132,missing_low_freq,dg_c,45.41,46.89,buffer,0,53.141,41.409,1603.767,560.398,0.8837,18.482,27260,4417,42178
vp_190132,missing_low_freq,sg,6.6,29.52,failed,0,83.398,11.982,1487.216,707.626,0.878,17.506,27260,4417,42178
vp_190132,missing_low_freq,sg_c,92.8,90.04,converged,1,18.57,21.454,1581.349,173.126,0.9569,22.487,27260,4417,42178
vp_172534,standard,baseline,95.65,64.65,converged,1,12.534,20.167,1568.149,230.201,0.9667,23.316,28516,2563,41631
vp_172534,standard,dg,95.14,78.23,converged,1,16.189,19.535,1575.891,189.933,0.9725,23.922,28516,2563,41631
vp_172534,standard,dg_c,94.96,82.33,converged,1,16.874,19.225,1578.323,179.991,0.9712,23.8,28516,2563,41631
vp_172534,standard,sg,98.77,88.18,converged,1,8.954,17.54,1563.675,157.608,0.9854,25.449,28516,2563,41631
vp_172534,standard,sg_c,97.64,75.26,converged,1,12.957,20.761,1571.604,203.025,0.9857,25.559,28516,2563,41631
vp_172534,reduced_compute,baseline,5.75,21.19,failed,0,88.648,3.37,1480.623,562.136,0.9115,19.3,28516,2563,41631
vp_172534,reduced_compute,dg,79.99,92.94,converged,1,25.079,18.891,1589.311,146.649,0.9558,22.665,28516,2563,41631
vp_172534,reduced_compute,dg_c,89.44,94.3,converged,1,22.053,18.196,1586.34,145.659,0.9615,23.022,28516,2563,41631
vp_172534,reduced_compute,sg,98.03,91.81,converged,1,9.396,17.377,1568.146,143.517,0.9753,24.269,28516,2563,41631
vp_172534,reduced_compute,sg_c,97.31,79.09,converged,1,15.184,19.431,1578.284,191.382,0.984,25.288,28516,2563,41631
vp_172534,missing_low_freq,baseline,5.75,13.54,failed,0,88.656,4.587,1480.665,640.861,0.9071,18.991,28516,2563,41631
vp_172534,missing_low_freq,dg,94.12,88.02,converged,1,13.581,18.45,1568.995,197.082,0.9542,22.467,28516,2563,41631
vp_172534,missing_low_freq,dg_c,83.6,88.22,converged,1,25.839,18.737,1589.728,191.617,0.9528,22.5,28516,2563,41631
vp_172534,missing_low_freq,sg,5.93,46.23,failed,0,86.845,7.956,1482.611,402.771,0.9174,19.848,28516,2563,41631
vp_172534,missing_low_freq,sg_c,95.88,80.37,converged,1,14.321,21.58,1569.69,187.304,0.9839,25.503,28516,2563,41631
vp_257845,standard,baseline,17.78,22.39,failed,0,99.92,87.517,1527.949,509.517,0.8867,19.831,29987,3672,44572
vp_257845,standard,dg,94.91,91.53,converged,1,14.522,25.154,1560.211,165.74,0.9568,22.607,29987,3672,44572
vp_257845,standard,dg_c,92.5,91.5,converged,1,16.801,25.882,1574.944,154.74,0.9596,22.86,29987,3672,44572
vp_257845,standard,sg,93.23,78.68,converged,1,17.41,25.694,1576.512,193.335,0.9782,24.43,29987,3672,44572
vp_257845,standard,sg_c,94.61,77.78,converged,1,15.196,27.655,1569.843,195.485,0.9796,24.575,29987,3672,44572
vp_257845,reduced_compute,baseline,14.39,18.68,failed,0,88.136,4.589,1480.823,639.602,0.8866,18.521,29987,3672,44572
vp_257845,reduced_compute,dg,64.63,62.72,converged,1,42.305,37.185,1593.545,356.984,0.9221,20.576,29987,3672,44572
vp_257845,reduced_compute,dg_c,84.72,91.07,converged,1,22.49,26.257,1581.461,153.379,0.9482,22.088,29987,3672,44572
vp_257845,reduced_compute,sg,96.2,91.12,converged,1,12.441,25.291,1565.458,153.311,0.9683,23.527,29987,3672,44572
vp_257845,reduced_compute,sg_c,92.22,83.74,converged,1,17.902,28.78,1570.753,177.069,0.9728,24.172,29987,3672,44572
vp_257845,missing_low_freq,baseline,14.42,14.49,failed,0,88.238,5.248,1480.763,689.161,0.8845,18.401,29987,3672,44572
vp_257845,missing_low_freq,dg,14.36,30.09,failed,0,87.463,4.611,1481.328,604.529,0.8888,18.501,29987,3672,44572
vp_257845,missing_low_freq,dg_c,77.89,68.27,converged,1,25.814,31.622,1577.531,335.897,0.9197,20.597,29987,3672,44572
vp_257845,missing_low_freq,sg,14.41,52.1,failed,0,87.733,5.048,1481.154,438.578,0.8983,19.348,29987,3672,44572
vp_257845,missing_low_freq,sg_c,76.32,87.99,converged,1,29.936,30.572,1544.616,162.654,0.9708,24.412,29987,3672,44572
vp_214019,standard,baseline,76.61,49.36,buffer,0,26.514,25.302,1587.62,306.526,0.9545,21.522,26892,2650,39857
vp_214019,standard,dg,94.08,80.64,converged,1,14.599,22.227,1564.39,201.798,0.9616,21.819,26892,2650,39857
vp_214019,standard,dg_c,95.25,81.85,converged,1,13.558,21.696,1563.811,196.71,0.9624,21.834,26892,2650,39857
vp_214019,standard,sg,96.84,91.09,converged,1,11.846,21.201,1569.186,149.151,0.9729,23.046,26892,2650,39857
vp_214019,standard,sg_c,95.46,80.34,converged,1,13.592,23.036,1569.062,198.26,0.9816,24.026,26892,2650,39857
vp_214019,reduced_compute,baseline,9.52,28.0,failed,0,87.016,9.495,1482.892,640.358,0.9015,18.248,26892,2650,39857
vp_214019,reduced_compute,dg,68.11,49.13,buffer,0,32.081,30.843,1587.515,513.347,0.9159,18.912,26892,2650,39857
vp_214019,reduced_compute,dg_c,60.79,68.08,converged,1,31.638,24.546,1593.911,319.082,0.9394,20.419,26892,2650,39857
vp_214019,reduced_compute,sg,70.5,84.68,converged,1,28.703,22.273,1592.476,187.188,0.9583,21.903,26892,2650,39857
vp_214019,reduced_compute,sg_c,94.65,86.87,converged,1,15.926,22.107,1577.871,172.976,0.9721,22.989,26892,2650,39857
vp_214019,missing_low_freq,baseline,10.91,24.6,failed,0,86.639,12.312,1483.629,700.689,0.8971,18.15,26892,2650,39857
vp_214019,missing_low_freq,dg,80.44,60.79,converged,1,25.75,26.563,1580.221,372.118,0.9301,20.024,26892,2650,39857
vp_214019,missing_low_freq,dg_c,86.88,68.83,converged,1,20.016,24.669,1576.948,295.872,0.9373,20.325,26892,2650,39857
vp_214019,missing_low_freq,sg,9.48,33.58,failed,0,84.39,12.071,1485.454,622.263,0.8972,18.187,26892,2650,39857
vp_214019,missing_low_freq,sg_c,96.69,93.7,converged,1,13.011,21.859,1560.987,137.017,0.9748,23.277,26892,2650,39857
vp_153934,standard,baseline,7.41,14.02,failed,0,87.729,15.583,1481.293,651.183,0.9055,18.81,31410,3865,46430
vp_153934,standard,dg,82.3,79.97,converged,1,23.866,20.662,1582.851,245.754,0.9444,21.883,31410,3865,46430
vp_153934,standard,dg_c,86.39,83.57,converged,1,22.609,20.132,1582.421,210.905,0.9481,22.076,31410,3865,46430
vp_153934,standard,sg,88.63,73.74,converged,1,21.049,26.44,1562.922,211.332,0.9691,23.873,31410,3865,46430
vp_153934,standard,sg_c,95.36,81.71,converged,1,14.559,22.752,1567.845,182.769,0.978,24.609,31410,3865,46430
vp_153934,reduced_compute,baseline,7.38,14.85,failed,0,87.144,1.982,1480.275,752.798,0.8974,18.217,31410,3865,46430
vp_153934,reduced_compute,dg,7.39,2.25,failed,0,84.723,7.443,1482.912,834.248,0.8917,17.651,31410,3865,46430
vp_153934,reduced_compute,dg_c,53.6,52.08,buffer,0,39.716,30.071,1593.403,467.147,0.9138,20.184,31410,3865,46430
vp_153934,reduced_compute,sg,85.48,59.07,buffer,0,25.965,24.108,1583.131,498.245,0.924,20.642,31410,3865,46430
vp_153934,reduced_compute,sg_c,80.52,90.97,converged,1,29.985,33.831,1561.326,151.789,0.9513,23.552,31410,3865,46430
vp_153934,missing_low_freq,baseline,7.38,10.94,failed,0,87.045,3.204,1480.39,774.784,0.8966,18.177,31410,3865,46430
vp_153934,missing_low_freq,dg,7.38,39.61,failed,0,87.036,1.795,1480.371,608.824,0.9062,18.81,31410,3865,46430
vp_153934,missing_low_freq,dg_c,67.31,60.8,converged,1,35.64,32.642,1583.085,474.217,0.9189,20.186,31410,3865,46430
vp_153934,missing_low_freq,sg,12.9,28.69,failed,0,81.266,24.52,1489.007,675.552,0.8975,18.831,31410,3865,46430
vp_153934,missing_low_freq,sg_c,79.89,91.05,converged,1,27.646,30.301,1556.623,152.972,0.9535,23.701,31410,3865,46430
vp_108121,standard,baseline,21.96,57.36,failed,0,84.059,73.496,1525.538,601.844,0.8897,18.459,24172,3335,37469
vp_108121,standard,dg,72.13,62.37,converged,1,32.343,23.821,1586.168,435.465,0.9448,20.28,24172,3335,37469
vp_108121,standard,dg_c,86.61,60.72,converged,1,21.187,22.548,1570.354,427.337,0.9447,20.146,24172,3335,37469
vp_108121,standard,sg,91.11,82.88,converged,1,17.116,19.814,1571.969,194.451,0.9568,21.386,24172,3335,37469
vp_108121,standard,sg_c,96.75,87.98,converged,1,12.145,18.795,1563.883,164.541,0.9674,22.183,24172,3335,37469
vp_108121,reduced_compute,baseline,5.6,25.64,failed,0,83.372,0.207,1480.009,987.083,0.8756,16.219,24172,3335,37469
vp_108121,reduced_compute,dg,6.25,15.92,failed,0,79.057,11.703,1485.116,1055.44,0.8688,15.695,24172,3335,37469
vp_108121,reduced_compute,dg_c,15.87,38.8,failed,0,60.011,35.441,1612.563,684.54,0.9023,17.935,24172,3335,37469
vp_108121,reduced_compute,sg,66.74,66.54,converged,1,29.25,23.129,1584.88,366.748,0.925,19.358,24172,3335,37469
vp_108121,reduced_compute,sg_c,55.11,78.53,buffer,0,34.356,20.339,1592.861,250.954,0.947,20.782,24172,3335,37469
vp_108121,missing_low_freq,baseline,5.6,19.16,failed,0,83.379,0.033,1480.001,1079.004,0.8698,15.976,24172,3335,37469
vp_108121,missing_low_freq,dg,5.61,30.67,failed,0,78.675,9.12,1484.915,924.68,0.8866,16.423,24172,3335,37469
vp_108121,missing_low_freq,dg_c,48.1,34.57,buffer,0,49.229,36.753,1598.066,716.712,0.9002,17.799,24172,3335,37469
vp_108121,missing_low_freq,sg,5.68,21.44,failed,0,74.595,14.755,1489.61,1019.796,0.8696,15.998,24172,3335,37469
vp_108121,missing_low_freq,sg_c,92.33,80.87,converged,1,16.399,19.874,1570.478,228.52,0.9531,21.117,24172,3335,37469
vp_161731,standard,baseline,41.56,30.32,buffer,0,58.327,56.727,1557.182,606.773,0.9234,20.441,26237,3668,40246
vp_161731,standard,dg,81.67,61.67,converged,1,29.287,28.183,1582.243,422.146,0.9456,21.57,26237,3668,40246
vp_161731,standard,dg_c,93.46,68.02,converged,1,18.362,23.38,1563.865,343.086,0.9488,21.883,26237,3668,40246
vp_161731,standard,sg,92.89,75.82,converged,1,17.436,21.449,1575.934,230.03,0.9654,23.493,26237,3668,40246
vp_161731,standard,sg_c,88.39,84.13,converged,1,21.362,22.923,1550.189,201.624,0.9692,23.826,26237,3668,40246
vp_161731,reduced_compute,baseline,5.32,15.87,failed,0,87.099,0.02,1480.001,783.573,0.8894,17.871,26237,3668,40246
vp_161731,reduced_compute,dg,30.96,46.92,failed,0,58.03,45.226,1605.721,634.397,0.9105,19.447,26237,3668,40246
vp_161731,reduced_compute,dg_c,50.52,53.68,buffer,0,48.645,36.54,1601.152,567.354,0.9222,19.994,26237,3668,40246
vp_161731,reduced_compute,sg,89.31,71.18,converged,1,23.77,27.13,1574.622,389.442,0.9441,21.675,26237,3668,40246
vp_161731,reduced_compute,sg_c,91.66,75.71,converged,1,22.871,27.843,1574.085,272.564,0.9561,22.893,26237,3668,40246
vp_161731,missing_low_freq,baseline,5.32,11.91,failed,0,87.1,0.001,1480.0,838.652,0.8857,17.658,26237,3668,40246
vp_161731,missing_low_freq,dg,5.32,29.99,failed,0,86.978,1.103,1480.127,704.27,0.9049,18.438,26237,3668,40246
vp_161731,missing_low_freq,dg_c,49.0,50.57,buffer,0,48.786,36.79,1601.295,568.546,0.9208,19.973,26237,3668,40246
vp_161731,missing_low_freq,sg,5.33,25.55,failed,0,85.857,4.994,1481.321,734.148,0.8907,18.124,26237,3668,40246
vp_161731,missing_low_freq,sg_c,84.87,77.97,converged,1,23.461,26.11,1552.353,262.082,0.958,23.033,26237,3668,40246
vp_953764,standard,baseline,90.33,50.12,buffer,0,21.974,26.007,1574.545,334.607,0.9438,21.621,26718,3220,40328
vp_953764,standard,dg,84.43,63.11,converged,1,24.732,22.904,1583.736,357.874,0.948,21.847,26718,3220,40328
vp_953764,standard,dg_c,88.79,65.43,converged,1,22.895,22.04,1583.668,314.192,0.9505,21.953,26718,3220,40328
vp_953764,standard,sg,89.13,81.24,converged,1,20.236,20.117,1584.135,188.614,0.9698,23.666,26718,3220,40328
vp_953764,standard,sg_c,94.94,88.98,converged,1,15.894,20.731,1558.6,157.656,0.9756,24.128,26718,3220,40328
vp_953764,reduced_compute,baseline,5.16,15.71,failed,0,90.313,0.045,1480.001,766.68,0.8907,17.806,26718,3220,40328
vp_953764,reduced_compute,dg,38.48,54.38,failed,0,46.501,31.842,1605.172,511.754,0.9187,19.922,26718,3220,40328
vp_953764,reduced_compute,dg_c,66.09,59.6,buffer,0,37.414,28.81,1595.983,477.794,0.9322,20.53,26718,3220,40328
vp_953764,reduced_compute,sg,79.4,79.81,converged,1,27.529,20.721,1591.86,211.521,0.9538,22.362,26718,3220,40328
vp_953764,reduced_compute,sg_c,89.98,80.99,converged,1,20.773,22.121,1582.794,198.837,0.964,23.225,26718,3220,40328
vp_953764,missing_low_freq,baseline,5.16,11.65,failed,0,90.314,0.011,1480.0,834.593,0.8871,17.611,26718,3220,40328
vp_953764,missing_low_freq,dg,5.16,35.34,failed,0,89.885,2.538,1480.466,661.092,0.9052,18.502,26718,3220,40328
vp_953764,missing_low_freq,dg_c,47.19,55.12,buffer,0,44.519,31.358,1603.06,524.035,0.9238,20.113,26718,3220,40328
vp_953764,missing_low_freq,sg,5.47,25.25,failed,0,87.613,8.284,1482.967,711.432,0.8892,17.997,26718,3220,40328
vp_953764,missing_low_freq,sg_c,90.65,88.29,converged,1,18.303,22.543,1559.11,162.406,0.9684,23.682,26718,3220,40328
vp_654754,standard,baseline,72.03,67.13,converged,1,31.928,26.073,1597.458,270.41,0.9565,21.851,25717,2528,38326
vp_654754,standard,dg,93.17,80.1,converged,1,19.229,19.803,1586.131,208.645,0.9669,22.468,25717,2528,38326
vp_654754,standard,dg_c,92.63,80.06,converged,1,19.815,20.167,1586.911,216.417,0.9656,22.308,25717,2528,38326
vp_654754,standard,sg,87.98,85.09,converged,1,21.9,20.653,1589.43,177.778,0.974,23.555,25717,2528,38326
vp_654754,standard,sg_c,93.99,91.14,converged,1,16.19,21.549,1559.632,149.444,0.9796,23.975,25717,2528,38326
vp_654754,reduced_compute,baseline,6.35,38.45,failed,0,92.8,5.402,1480.972,727.959,0.9049,18.031,25717,2528,38326
vp_654754,reduced_compute,dg,67.56,35.56,buffer,0,36.658,31.482,1595.776,608.128,0.9226,19.038,25717,2528,38326
vp_654754,reduced_compute,dg_c,60.28,59.49,buffer,0,35.34,24.903,1601.234,382.298,0.9383,20.36,25717,2528,38326
vp_654754,reduced_compute,sg,69.71,81.61,converged,1,30.891,22.498,1598.125,257.306,0.9537,21.653,25717,2528,38326
vp_654754,reduced_compute,sg_c,92.0,83.98,converged,1,18.869,21.995,1585.335,185.686,0.9719,23.212,25717,2528,38326
vp_654754,missing_low_freq,baseline,6.35,29.03,failed,0,93.355,1.705,1480.184,841.049,0.8982,17.693,25717,2528,38326
vp_654754,missing_low_freq,dg,6.34,51.34,failed,0,91.431,6.363,1482.208,547.574,0.9165,18.755,25717,2528,38326
vp_654754,missing_low_freq,dg_c,82.99,55.26,buffer,0,22.849,24.16,1584.379,392.471,0.9364,20.234,25717,2528,38326
vp_654754,missing_low_freq,sg,7.67,25.67,failed,0,85.005,15.191,1489.228,778.817,0.9056,18.0,25717,2528,38326
vp_654754,missing_low_freq,sg_c,93.73,89.56,converged,1,15.809,21.972,1561.582,159.433,0.9751,23.502,25717,2528,38326
vp_206525,standard,baseline,7.79,31.55,failed,0,86.414,2.13,1480.136,581.419,0.9186,19.197,35529,3642,50791
vp_206525,standard,dg,70.92,61.72,converged,1,31.837,27.187,1586.416,374.552,0.9373,20.748,35529,3642,50791
vp_206525,standard,dg_c,84.17,80.2,converged,1,23.415,23.001,1580.025,264.775,0.9493,21.605,35529,3642,50791
vp_206525,standard,sg,78.78,77.35,converged,1,33.67,35.668,1557.36,329.277,0.918,20.57,35529,3642,50791
vp_206525,standard,sg_c,84.69,84.82,converged,1,21.132,28.802,1558.092,175.292,0.9729,24.049,35529,3642,50791
vp_206525,reduced_compute,baseline,7.73,11.64,failed,0,86.507,0.004,1480.0,823.616,0.9022,18.029,35529,3642,50791
vp_206525,reduced_compute,dg,7.92,0.69,failed,0,70.168,18.425,1497.682,944.825,0.8774,16.523,35529,3642,50791
vp_206525,reduced_compute,dg_c,62.23,30.23,buffer,0,38.862,31.035,1590.726,496.929,0.9148,19.578,35529,3642,50791
vp_206525,reduced_compute,sg,76.07,15.82,failed,0,33.444,33.12,1577.912,587.516,0.8774,18.852,35529,3642,50791
vp_206525,reduced_compute,sg_c,70.2,86.24,converged,1,38.19,39.005,1550.344,177.686,0.9328,22.114,35529,3642,50791
vp_206525,missing_low_freq,baseline,7.73,10.46,failed,0,86.507,0.0,1480.0,876.025,0.9016,18.032,35529,3642,50791
vp_206525,missing_low_freq,dg,7.74,2.25,failed,0,81.0,8.907,1485.287,839.154,0.8988,17.387,35529,3642,50791
vp_206525,missing_low_freq,dg_c,42.55,27.92,failed,0,51.427,38.394,1600.621,563.833,0.914,19.339,35529,3642,50791
vp_206525,missing_low_freq,sg,83.38,13.32,failed,0,66.921,65.878,1576.639,849.538,0.8161,17.06,35529,3642,50791
vp_206525,missing_low_freq,sg_c,67.41,81.74,converged,1,49.231,49.58,1553.315,233.93,0.9159,21.415,35529,3642,50791
vp_146331,standard,baseline,8.9,27.52,failed,0,88.801,33.592,1487.425,559.313,0.8865,18.555,26301,3779,40497
vp_146331,standard,dg,81.24,86.24,converged,1,24.761,17.994,1587.623,196.095,0.9454,21.781,26301,3779,40497
vp_146331,standard,dg_c,83.2,85.68,converged,1,24.034,18.074,1587.199,194.697,0.9461,21.764,26301,3779,40497
vp_146331,standard,sg,85.47,89.04,converged,1,23.085,18.371,1587.33,152.289,0.9676,23.225,26301,3779,40497
vp_146331,standard,sg_c,96.28,92.19,converged,1,15.628,19.494,1578.024,142.892,0.976,23.98,26301,3779,40497
vp_146331,reduced_compute,baseline,6.13,18.15,failed,0,88.634,6.197,1481.221,725.146,0.8757,17.723,26301,3779,40497
vp_146331,reduced_compute,dg,6.15,30.01,failed,0,83.746,12.913,1486.491,705.997,0.873,17.535,26301,3779,40497
vp_146331,reduced_compute,dg_c,41.1,69.25,buffer,0,41.887,24.146,1603.079,353.583,0.9123,20.101,26301,3779,40497
vp_146331,reduced_compute,sg,90.39,91.32,converged,1,18.175,19.84,1577.432,157.357,0.9429,21.651,26301,3779,40497
vp_146331,reduced_compute,sg_c,86.5,94.07,converged,1,22.091,19.015,1586.082,133.342,0.9605,22.799,26301,3779,40497
vp_146331,missing_low_freq,baseline,7.23,13.15,failed,0,88.479,9.889,1481.775,774.283,0.8732,17.625,26301,3779,40497
vp_146331,missing_low_freq,dg,6.1,35.96,failed,0,85.584,10.718,1484.351,652.629,0.8771,17.808,26301,3779,40497
vp_146331,missing_low_freq,dg_c,57.75,57.18,buffer,0,39.762,29.91,1595.17,434.223,0.8956,19.39,26301,3779,40497
vp_146331,missing_low_freq,sg,6.23,33.08,failed,0,84.722,11.573,1485.287,671.234,0.8746,17.884,26301,3779,40497
vp_146331,missing_low_freq,sg_c,94.72,91.29,converged,1,13.744,20.289,1565.273,159.069,0.9616,22.558,26301,3779,40497
vp_175439,standard,baseline,91.73,58.39,buffer,0,16.689,24.167,1568.342,266.621,0.9556,21.612,24862,2401,37186
vp_175439,standard,dg,91.9,89.09,converged,1,19.422,19.861,1577.836,160.647,0.9665,22.538,24862,2401,37186
vp_175439,standard,dg_c,92.55,90.84,converged,1,19.039,19.664,1578.029,159.31,0.9662,22.493,24862,2401,37186
vp_175439,standard,sg,79.32,80.26,converged,1,26.081,21.603,1585.785,197.333,0.965,22.67,24862,2401,37186
vp_175439,standard,sg_c,91.94,75.18,converged,1,18.692,22.867,1576.446,204.963,0.9773,23.779,24862,2401,37186
vp_175439,reduced_compute,baseline,8.82,20.41,failed,0,86.099,0.571,1480.049,695.582,0.8977,18.073,24862,2401,37186
vp_175439,reduced_compute,dg,23.18,39.15,failed,0,53.984,34.024,1608.34,535.546,0.9106,19.094,24862,2401,37186
vp_175439,reduced_compute,dg_c,62.4,70.01,converged,1,33.836,23.492,1592.623,299.918,0.938,20.633,24862,2401,37186
vp_175439,reduced_compute,sg,60.82,81.01,converged,1,34.119,22.691,1593.764,240.64,0.9454,21.28,24862,2401,37186
vp_175439,reduced_compute,sg_c,85.48,83.47,converged,1,23.256,21.847,1583.124,191.816,0.9677,22.888,24862,2401,37186
vp_175439,missing_low_freq,baseline,8.82,13.62,failed,0,86.14,0.091,1480.005,811.536,0.8914,17.821,24862,2401,37186
vp_175439,missing_low_freq,dg,46.98,60.93,buffer,0,40.565,26.35,1597.446,364.188,0.9271,20.173,24862,2401,37186
vp_175439,missing_low_freq,dg_c,76.12,55.73,buffer,0,28.526,27.42,1580.235,382.574,0.9256,19.98,24862,2401,37186
vp_175439,missing_low_freq,sg,8.82,17.95,failed,0,83.579,7.203,1482.656,755.566,0.8915,17.8,24862,2401,37186
vp_175439,missing_low_freq,sg_c,87.5,81.59,converged,1,21.831,22.978,1580.152,191.606,0.972,23.377,24862,2401,37186
vp_167036,standard,baseline,97.93,47.45,buffer,0,10.708,19.785,1562.374,302.421,0.9775,23.325,27907,1452,39641
vp_167036,standard,dg,89.72,78.03,converged,1,18.679,18.933,1552.472,198.382,0.975,23.314,27907,1452,39641
vp_167036,standard,dg_c,94.72,70.87,converged,1,14.768,19.523,1570.939,218.233,0.9749,23.297,27907,1452,39641
vp_167036,standard,sg,96.85,84.16,converged,1,12.309,17.274,1559.059,177.975,0.9821,24.451,27907,1452,39641
vp_167036,standard,sg_c,92.45,65.22,converged,1,15.693,22.447,1560.759,239.297,0.9844,25.139,27907,1452,39641
vp_167036,reduced_compute,baseline,12.58,29.75,failed,0,85.221,46.371,1496.145,538.784,0.916,19.921,27907,1452,39641
vp_167036,reduced_compute,dg,88.95,79.48,converged,1,21.199,19.177,1581.258,237.873,0.9601,21.938,27907,1452,39641
vp_167036,reduced_compute,dg_c,95.8,80.92,converged,1,13.374,18.251,1559.496,223.586,0.9656,22.215,27907,1452,39641
vp_167036,reduced_compute,sg,97.08,89.94,converged,1,11.567,17.527,1562.216,155.986,0.9704,22.965,27907,1452,39641
vp_167036,reduced_compute,sg_c,95.24,72.66,converged,1,12.741,20.439,1567.077,217.025,0.9836,24.727,27907,1452,39641
vp_167036,missing_low_freq,baseline,7.12,16.8,failed,0,87.326,1.781,1480.07,695.955,0.9155,18.943,27907,1452,39641
vp_167036,missing_low_freq,dg,95.27,77.34,converged,1,12.757,17.673,1564.272,250.047,0.9612,21.952,27907,1452,39641
vp_167036,missing_low_freq,dg_c,90.38,76.38,converged,1,20.327,18.264,1581.363,243.632,0.9603,21.946,27907,1452,39641
vp_167036,missing_low_freq,sg,96.48,87.53,converged,1,12.039,17.273,1561.436,163.336,0.9739,23.457,27907,1452,39641
vp_167036,missing_low_freq,sg_c,81.11,83.33,converged,1,25.589,22.536,1545.086,179.09,0.9821,24.983,27907,1452,39641
vp_175035,standard,baseline,11.38,28.03,failed,0,85.314,33.034,1490.729,562.537,0.8931,18.56,27162,3982,41597
vp_175035,standard,dg,84.41,84.1,converged,1,24.023,20.834,1585.262,221.537,0.9494,21.713,27162,3982,41597
vp_175035,standard,dg_c,84.97,85.08,converged,1,23.241,20.238,1585.751,213.102,0.9496,21.717,27162,3982,41597
vp_175035,standard,sg,85.95,79.48,converged,1,23.493,20.666,1587.727,228.326,0.9666,22.944,27162,3982,41597
vp_175035,standard,sg_c,92.48,80.41,converged,1,18.345,21.213,1581.642,230.299,0.9702,23.231,27162,3982,41597
vp_175035,reduced_compute,baseline,7.27,22.5,failed,0,89.791,0.096,1480.001,721.482,0.8798,17.563,27162,3982,41597
vp_175035,reduced_compute,dg,7.27,7.38,failed,0,88.21,4.487,1481.571,860.399,0.8684,16.649,27162,3982,41597
vp_175035,reduced_compute,dg_c,31.58,49.45,failed,0,54.408,38.062,1609.939,462.307,0.8944,19.108,27162,3982,41597
vp_175035,reduced_compute,sg,88.4,86.29,converged,1,18.636,21.674,1578.751,218.716,0.9466,21.572,27162,3982,41597
vp_175035,reduced_compute,sg_c,82.23,83.48,converged,1,24.582,21.466,1588.354,221.99,0.956,22.35,27162,3982,41597
vp_175035,missing_low_freq,baseline,7.27,16.93,failed,0,89.792,0.004,1480.0,789.643,0.8764,17.368,27162,3982,41597
vp_175035,missing_low_freq,dg,7.27,31.69,failed,0,89.286,2.152,1480.484,679.937,0.8818,17.635,27162,3982,41597
vp_175035,missing_low_freq,dg_c,56.8,48.22,buffer,0,44.139,39.243,1594.156,493.91,0.895,19.094,27162,3982,41597
vp_175035,missing_low_freq,sg,7.28,25.51,failed,0,87.487,6.453,1482.289,701.717,0.8807,17.585,27162,3982,41597
vp_175035,missing_low_freq,sg_c,87.35,84.05,converged,1,20.876,21.434,1584.232,226.461,0.9623,22.779,27162,3982,41597
vp_679568,standard,baseline,92.45,61.6,converged,1,17.389,24.169,1567.557,268.982,0.9496,21.903,28635,3216,42463
vp_679568,standard,dg,94.64,78.33,converged,1,15.646,20.544,1557.575,258.81,0.9594,22.503,28635,3216,42463
vp_679568,standard,dg_c,95.52,80.53,converged,1,14.687,20.647,1558.479,242.729,0.9588,22.425,28635,3216,42463
vp_679568,standard,sg,98.2,88.68,converged,1,10.292,19.235,1561.386,165.655,0.977,24.231,28635,3216,42463
vp_679568,standard,sg_c,97.62,82.65,converged,1,11.531,20.919,1566.165,183.701,0.9806,24.661,28635,3216,42463
vp_679568,reduced_compute,baseline,7.74,15.08,failed,0,85.249,0.0,1480.0,729.092,0.8975,18.167,28635,3216,42463
vp_679568,reduced_compute,dg,62.15,76.99,converged,1,32.895,21.187,1591.753,266.575,0.9376,21.124,28635,3216,42463
vp_679568,reduced_compute,dg_c,74.07,80.13,converged,1,28.479,20.104,1587.746,244.917,0.9451,21.54,28635,3216,42463
vp_679568,reduced_compute,sg,96.29,89.65,converged,1,11.948,19.479,1565.829,167.636,0.9646,23.031,28635,3216,42463
vp_679568,reduced_compute,sg_c,96.31,83.8,converged,1,14.729,21.136,1571.837,181.207,0.9745,24.035,28635,3216,42463
vp_679568,missing_low_freq,baseline,7.74,10.63,failed,0,85.249,0.0,1480.0,793.667,0.8946,17.975,28635,3216,42463
vp_679568,missing_low_freq,dg,75.85,59.86,buffer,0,31.981,30.161,1579.076,512.545,0.9248,20.068,28635,3216,42463
vp_679568,missing_low_freq,dg_c,55.35,65.42,buffer,0,40.27,27.502,1595.373,455.638,0.9296,20.45,28635,3216,42463
vp_679568,missing_low_freq,sg,7.81,35.95,failed,0,85.001,2.933,1480.297,561.396,0.9033,18.784,28635,3216,42463
vp_679568,missing_low_freq,sg_c,87.44,90.83,converged,1,19.76,21.944,1548.545,154.703,0.9766,24.352,28635,3216,42463
vp_104820,standard,baseline,7.28,25.74,failed,0,89.324,1.479,1480.157,575.31,0.9002,18.243,27156,4071,41654
vp_104820,standard,dg,82.66,74.58,converged,1,25.509,23.379,1585.647,288.382,0.9507,21.79,27156,4071,41654
vp_104820,standard,dg_c,82.73,75.44,converged,1,25.563,23.086,1586.787,273.498,0.9509,21.793,27156,4071,41654
vp_104820,standard,sg,89.71,82.71,converged,1,21.58,21.832,1585.694,186.159,0.9723,23.441,27156,4071,41654
vp_104820,standard,sg_c,97.86,89.73,converged,1,10.26,21.441,1566.753,164.53,0.9727,23.418,27156,4071,41654
vp_104820,reduced_compute,baseline,7.26,20.95,failed,0,89.37,1.334,1480.108,774.452,0.8834,17.382,27156,4071,41654
vp_104820,reduced_compute,dg,7.27,5.18,failed,0,84.739,10.664,1485.076,900.399,0.8734,16.715,27156,4071,41654
vp_104820,reduced_compute,dg_c,39.34,57.46,failed,0,45.894,29.759,1605.289,434.932,0.9193,19.829,27156,4071,41654
vp_104820,reduced_compute,sg,58.42,83.37,buffer,0,33.275,23.571,1596.827,202.894,0.9459,21.613,27156,4071,41654
vp_104820,reduced_compute,sg_c,81.93,86.49,converged,1,25.701,22.763,1589.322,179.383,0.959,22.566,27156,4071,41654
vp_104820,missing_low_freq,baseline,7.27,14.37,failed,0,89.432,0.867,1480.041,861.764,0.8783,17.066,27156,4071,41654
vp_104820,missing_low_freq,dg,7.26,34.09,failed,0,87.691,5.182,1481.719,680.476,0.8916,17.876,27156,4071,41654
vp_104820,missing_low_freq,dg_c,27.04,46.6,failed,0,58.786,38.772,1614.176,531.086,0.8988,19.057,27156,4071,41654
vp_104820,missing_low_freq,sg,7.27,26.04,failed,0,83.383,10.778,1486.082,739.656,0.8826,17.535,27156,4071,41654
vp_104820,missing_low_freq,sg_c,96.23,89.54,converged,1,12.102,22.152,1567.359,166.72,0.9645,22.89,27156,4071,41654
vp_106319,standard,baseline,87.63,71.18,converged,1,19.56,26.738,1565.802,223.534,0.9447,21.988,29482,3532,43794
vp_106319,standard,dg,88.63,93.01,converged,1,20.063,22.285,1575.429,157.34,0.9566,22.625,29482,3532,43794
vp_106319,standard,dg_c,89.65,93.57,converged,1,19.613,22.458,1575.09,150.44,0.9566,22.597,29482,3532,43794
vp_106319,standard,sg,97.22,92.38,converged,1,12.383,22.441,1558.154,146.239,0.9763,24.438,29482,3532,43794
vp_106319,standard,sg_c,95.04,81.77,converged,1,15.551,25.13,1568.57,181.349,0.9795,24.709,29482,3532,43794
vp_106319,reduced_compute,baseline,13.41,17.19,failed,0,83.935,4.05,1480.665,638.39,0.8903,18.563,29482,3532,43794
vp_106319,reduced_compute,dg,62.68,60.48,converged,1,42.336,36.235,1589.362,339.493,0.9237,20.716,29482,3532,43794
vp_106319,reduced_compute,dg_c,77.9,90.4,converged,1,25.561,24.352,1580.368,159.096,0.9463,21.925,29482,3532,43794
vp_106319,reduced_compute,sg,94.71,94.68,converged,1,13.535,22.848,1564.288,137.154,0.9655,23.451,29482,3532,43794
vp_106319,reduced_compute,sg_c,92.4,88.42,converged,1,17.793,25.551,1570.74,160.911,0.973,24.213,29482,3532,43794
vp_106319,missing_low_freq,baseline,13.48,13.02,failed,0,84.024,4.637,1480.6,692.222,0.8878,18.44,29482,3532,43794
vp_106319,missing_low_freq,dg,13.41,48.92,failed,0,84.005,2.439,1480.497,462.508,0.9027,19.216,29482,3532,43794
vp_106319,missing_low_freq,dg_c,63.19,77.83,converged,1,34.917,26.201,1589.039,278.886,0.9256,20.926,29482,3532,43794
vp_106319,missing_low_freq,sg,21.68,39.3,failed,0,77.738,28.381,1491.638,498.362,0.9036,19.507,29482,3532,43794
vp_106319,missing_low_freq,sg_c,90.04,93.04,converged,1,18.849,25.577,1551.539,143.722,0.9743,24.429,29482,3532,43794
vp_187850,standard,baseline,45.12,43.59,buffer,0,47.985,49.093,1559.191,416.931,0.9325,21.51,28766,3244,42647
vp_187850,standard,dg,90.05,77.4,converged,1,19.632,22.483,1575.754,223.439,0.9605,22.853,28766,3244,42647
vp_187850,standard,dg_c,90.56,79.38,converged,1,19.481,22.371,1576.681,218.524,0.9598,22.762,28766,3244,42647
vp_187850,standard,sg,96.49,90.94,converged,1,12.437,20.935,1563.039,147.488,0.9733,24.113,28766,3244,42647
vp_187850,standard,sg_c,95.39,88.69,converged,1,13.307,22.903,1564.676,164.784,0.9784,24.617,28766,3244,42647
vp_187850,reduced_compute,baseline,9.7,18.65,failed,0,87.43,6.102,1481.138,666.58,0.8944,18.466,28766,3244,42647
vp_187850,reduced_compute,dg,43.79,66.06,buffer,0,43.573,29.795,1601.054,375.596,0.9202,20.363,28766,3244,42647
vp_187850,reduced_compute,dg_c,80.68,82.34,converged,1,25.759,22.488,1585.954,257.751,0.9446,21.679,28766,3244,42647
vp_187850,reduced_compute,sg,94.77,91.09,converged,1,13.935,21.456,1568.643,165.737,0.9595,22.893,28766,3244,42647
vp_187850,reduced_compute,sg_c,95.28,90.44,converged,1,14.115,22.678,1570.244,158.857,0.9713,23.922,28766,3244,42647
vp_187850,missing_low_freq,baseline,10.3,15.07,failed,0,87.639,7.782,1481.109,721.889,0.8915,18.35,28766,3244,42647
vp_187850,missing_low_freq,dg,9.59,43.71,failed,0,86.635,5.604,1481.711,555.063,0.9049,18.937,28766,3244,42647
vp_187850,missing_low_freq,dg_c,81.92,70.01,converged,1,26.874,27.81,1578.638,388.049,0.9268,20.577,28766,3244,42647
vp_187850,missing_low_freq,sg,9.77,41.37,failed,0,84.994,8.889,1483.483,557.237,0.8965,18.844,28766,3244,42647
vp_187850,missing_low_freq,sg_c,93.89,90.41,converged,1,14.56,23.28,1567.426,159.176,0.9735,24.291,28766,3244,42647
vp_170934,standard,baseline,98.41,61.6,converged,1,10.518,23.438,1562.209,252.15,0.9754,22.999,32551,1768,45439
vp_170934,standard,dg,95.4,74.1,converged,1,14.442,22.787,1571.871,221.59,0.9778,23.6,32551,1768,45439
vp_170934,standard,dg_c,96.02,74.04,converged,1,14.339,22.723,1573.304,220.222,0.9784,23.582,32551,1768,45439
vp_170934,standard,sg,97.94,70.53,converged,1,10.272,21.303,1569.931,229.376,0.987,24.914,32551,1768,45439
vp_170934,standard,sg_c,92.86,67.53,converged,1,15.426,23.896,1561.038,236.274,0.9862,25.166,32551,1768,45439
vp_170934,reduced_compute,baseline,9.06,23.53,failed,0,89.473,7.289,1480.487,642.271,0.9219,19.103,32551,1768,45439
vp_170934,reduced_compute,dg,66.09,28.56,failed,0,32.337,29.66,1588.841,588.825,0.9321,19.771,32551,1768,45439
vp_170934,reduced_compute,dg_c,91.83,79.92,converged,1,20.077,23.2,1582.907,215.843,0.9665,22.299,32551,1768,45439
vp_170934,reduced_compute,sg,96.45,75.4,converged,1,13.14,22.613,1574.905,221.947,0.9756,23.344,32551,1768,45439
vp_170934,reduced_compute,sg_c,94.5,72.62,converged,1,14.07,24.2,1564.607,218.166,0.984,24.695,32551,1768,45439
vp_170934,missing_low_freq,baseline,8.92,21.1,failed,0,89.6,1.352,1480.06,692.324,0.922,19.085,32551,1768,45439
vp_170934,missing_low_freq,dg,69.61,11.6,failed,0,28.414,23.212,1588.714,740.885,0.9259,19.059,32551,1768,45439
vp_170934,missing_low_freq,dg_c,88.75,60.46,converged,1,20.027,26.236,1573.282,429.767,0.9556,21.373,32551,1768,45439
vp_170934,missing_low_freq,sg,97.5,77.88,converged,1,12.211,21.055,1573.694,197.625,0.9817,24.196,32551,1768,45439
vp_170934,missing_low_freq,sg_c,62.09,77.66,converged,1,39.96,30.564,1536.413,204.19,0.9731,24.407,32551,1768,45439
vp_143325,standard,baseline,9.33,19.7,failed,0,86.122,24.779,1487.717,561.643,0.9003,19.034,25372,3766,39316
vp_143325,standard,dg,77.43,85.71,converged,1,27.127,18.35,1590.991,209.25,0.949,22.335,25372,3766,39316
vp_143325,standard,dg_c,82.11,86.48,converged,1,25.106,17.867,1589.593,194.28,0.9511,22.422,25372,3766,39316
vp_143325,standard,sg,81.13,86.46,converged,1,24.971,17.46,1590.893,166.677,0.9653,23.455,25372,3766,39316
vp_143325,standard,sg_c,97.67,94.18,converged,1,11.427,17.09,1563.036,133.842,0.9744,24.056,25372,3766,39316
vp_143325,reduced_compute,baseline,5.59,16.7,failed,0,88.643,10.107,1482.433,684.726,0.8869,18.211,25372,3766,39316
vp_143325,reduced_compute,dg,11.53,43.47,failed,0,87.423,84.343,1585.069,501.409,0.8803,19.103,25372,3766,39316
vp_143325,reduced_compute,dg_c,39.39,75.04,failed,0,41.076,24.084,1603.65,309.494,0.926,21.035,25372,3766,39316
vp_143325,reduced_compute,sg,58.25,91.48,buffer,0,31.195,18.589,1596.685,149.53,0.9498,22.513,25372,3766,39316
vp_143325,reduced_compute,sg_c,88.85,92.06,converged,1,22.15,17.602,1587.842,145.139,0.9657,23.554,25372,3766,39316
vp_143325,missing_low_freq,baseline,6.01,11.9,failed,0,88.789,14.52,1483.031,745.1,0.8817,18.012,25372,3766,39316
vp_143325,missing_low_freq,dg,4.94,30.96,failed,0,85.086,12.812,1485.913,631.571,0.8914,18.398,25372,3766,39316
vp_143325,missing_low_freq,dg_c,57.36,54.89,buffer,0,38.139,28.369,1595.746,430.768,0.9072,20.006,25372,3766,39316
vp_143325,missing_low_freq,sg,4.63,27.06,failed,0,81.283,15.12,1489.771,656.202,0.8861,18.308,25372,3766,39316
vp_143325,missing_low_freq,sg_c,97.18,95.94,converged,1,11.761,17.259,1565.363,124.904,0.9672,23.606,25372,3766,39316
vp_153631,standard,baseline,93.59,58.58,buffer,0,15.478,22.901,1571.828,265.263,0.9616,22.169,28603,2586,41803
vp_153631,standard,dg,95.47,82.64,converged,1,16.115,19.88,1580.637,186.845,0.9735,23.219,28603,2586,41803
vp_153631,standard,dg_c,96.06,89.21,converged,1,13.006,18.632,1563.361,169.971,0.9722,22.913,28603,2586,41803
vp_153631,standard,sg,96.99,85.15,converged,1,12.246,19.488,1565.188,175.612,0.9841,24.637,28603,2586,41803
vp_153631,standard,sg_c,86.25,87.94,converged,1,21.968,21.975,1553.397,172.079,0.984,24.644,28603,2586,41803
vp_153631,reduced_compute,baseline,5.86,22.08,failed,0,90.633,10.124,1482.718,661.817,0.9097,18.587,28603,2586,41803
vp_153631,reduced_compute,dg,67.63,66.4,converged,1,30.949,24.963,1595.024,314.487,0.9473,21.24,28603,2586,41803
vp_153631,reduced_compute,dg_c,86.77,81.4,converged,1,22.673,20.148,1589.475,209.176,0.9591,21.972,28603,2586,41803
vp_153631,reduced_compute,sg,98.49,88.55,converged,1,11.01,19.41,1570.553,164.724,0.9748,23.479,28603,2586,41803
vp_153631,reduced_compute,sg_c,94.1,77.11,converged,1,16.078,22.617,1577.262,203.308,0.9806,24.251,28603,2586,41803
vp_153631,missing_low_freq,baseline,5.17,17.94,failed,0,92.254,3.38,1480.457,749.403,0.9047,18.41,28603,2586,41803
vp_153631,missing_low_freq,dg,5.3,42.65,failed,0,89.116,9.555,1483.784,454.749,0.9286,19.652,28603,2586,41803
vp_153631,missing_low_freq,dg_c,94.9,73.86,converged,1,14.34,20.05,1576.063,258.654,0.9495,21.312,28603,2586,41803
vp_153631,missing_low_freq,sg,10.96,35.19,failed,0,83.29,25.072,1492.594,539.507,0.9175,19.351,28603,2586,41803
vp_153631,missing_low_freq,sg_c,81.45,89.91,converged,1,28.898,25.987,1549.735,158.519,0.9777,24.453,28603,2586,41803
vp_765056,standard,baseline,5.99,23.05,failed,0,87.092,11.752,1484.586,644.4,0.8936,18.252,32763,4884,49067
vp_765056,standard,dg,51.36,54.14,buffer,0,41.473,29.431,1600.292,481.439,0.9074,19.641,32763,4884,49067
vp_765056,standard,dg_c,80.93,66.03,converged,1,25.847,25.092,1582.917,366.019,0.9235,20.509,32763,4884,49067
vp_765056,standard,sg,96.22,85.11,converged,1,13.137,20.298,1572.371,168.472,0.9797,24.404,32763,4884,49067
vp_765056,standard,sg_c,96.28,92.04,converged,1,12.768,21.319,1570.91,145.163,0.9788,24.431,32763,4884,49067
vp_765056,reduced_compute,baseline,5.0,6.65,failed,0,90.806,0.021,1480.0,883.38,0.8776,17.067,32763,4884,49067
vp_765056,reduced_compute,dg,13.81,0.31,failed,0,63.277,23.127,1511.062,945.376,0.871,16.296,32763,4884,49067
vp_765056,reduced_compute,dg_c,43.19,32.74,buffer,0,45.694,29.694,1603.943,542.959,0.9025,19.226,32763,4884,49067
vp_765056,reduced_compute,sg,79.89,44.82,buffer,0,24.669,27.769,1577.831,489.249,0.9092,19.882,32763,4884,49067
vp_765056,reduced_compute,sg_c,85.72,94.16,converged,1,23.147,29.863,1568.276,137.286,0.9522,23.279,32763,4884,49067
vp_765056,missing_low_freq,baseline,5.0,6.57,failed,0,90.806,0.0,1480.0,938.453,0.8746,16.961,32763,4884,49067
vp_765056,missing_low_freq,dg,6.01,7.15,failed,0,68.498,17.886,1502.941,845.307,0.88,17.034,32763,4884,49067
vp_765056,missing_low_freq,dg_c,23.12,12.29,failed,0,108.326,106.908,1572.001,740.668,0.8588,17.587,32763,4884,49067
vp_765056,missing_low_freq,sg,5.36,0.12,failed,0,69.19,16.287,1502.146,875.011,0.8871,17.073,32763,4884,49067
vp_765056,missing_low_freq,sg_c,76.39,90.83,converged,1,30.058,32.169,1556.738,148.492,0.9635,24.15,32763,4884,49067
vp_137532,standard,baseline,13.76,24.23,failed,0,83.772,5.159,1480.548,729.239,0.8999,18.27,32842,2939,47093
vp_137532,standard,dg,62.82,36.41,buffer,0,34.741,28.224,1585.283,695.123,0.9232,19.2,32842,2939,47093
vp_137532,standard,dg_c,87.07,68.97,converged,1,22.451,24.511,1573.214,370.128,0.9472,21.284,32842,2939,47093
vp_137532,standard,sg,90.69,89.66,converged,1,17.439,24.768,1559.361,162.993,0.9614,23.018,32842,2939,47093
vp_137532,standard,sg_c,93.93,85.64,converged,1,14.58,26.04,1559.263,170.002,0.9818,24.869,32842,2939,47093
vp_137532,reduced_compute,baseline,13.72,1.94,failed,0,84.02,0.001,1480.0,971.716,0.8816,17.051,32842,2939,47093
vp_137532,reduced_compute,dg,63.77,43.59,buffer,0,36.069,27.35,1584.418,469.229,0.9226,19.82,32842,2939,47093
vp_137532,reduced_compute,dg_c,64.89,29.7,failed,0,31.898,24.959,1585.264,428.902,0.9287,20.155,32842,2939,47093
vp_137532,reduced_compute,sg,83.85,55.73,buffer,0,26.513,28.815,1573.157,390.992,0.9419,21.058,32842,2939,47093
vp_137532,reduced_compute,sg_c,68.12,90.85,converged,1,40.005,40.869,1543.994,156.028,0.9538,23.488,32842,2939,47093
vp_137532,missing_low_freq,baseline,13.72,1.94,failed,0,84.017,0.177,1480.008,1010.319,0.8799,17.022,32842,2939,47093
vp_137532,missing_low_freq,dg,13.76,4.66,failed,0,73.799,9.937,1489.866,909.894,0.8938,17.28,32842,2939,47093
vp_137532,missing_low_freq,dg_c,48.93,23.78,failed,0,45.663,34.99,1591.61,704.232,0.9139,19.02,32842,2939,47093
vp_137532,missing_low_freq,sg,82.83,58.97,buffer,0,70.422,71.087,1565.745,549.272,0.9181,20.041,32842,2939,47093
vp_137532,missing_low_freq,sg_c,0.0,35.52,failed,0,203.432,103.966,1733.309,528.948,0.8905,17.856,32842,2939,47093
vp_204016,standard,baseline,6.6,18.03,failed,0,87.069,13.445,1482.16,581.45,0.9066,19.099,29081,3888,43779
vp_204016,standard,dg,89.53,89.43,converged,1,20.31,20.081,1581.452,185.034,0.9601,22.975,29081,3888,43779
vp_204016,standard,dg_c,89.84,90.17,converged,1,19.927,19.71,1581.811,167.365,0.9601,22.933,29081,3888,43779
vp_204016,standard,sg,98.6,90.66,converged,1,9.623,18.558,1564.491,148.968,0.9789,24.706,29081,3888,43779
vp_204016,standard,sg_c,97.98,94.14,converged,1,11.815,19.649,1559.675,136.941,0.9798,24.763,29081,3888,43779
vp_204016,reduced_compute,baseline,5.49,14.89,failed,0,88.241,0.034,1480.001,710.996,0.8936,18.244,29081,3888,43779
vp_204016,reduced_compute,dg,5.53,25.1,failed,0,85.479,8.325,1482.865,661.819,0.896,18.346,29081,3888,43779
vp_204016,reduced_compute,dg_c,68.7,80.86,converged,1,29.389,21.778,1590.783,232.827,0.9395,21.623,29081,3888,43779
vp_204016,reduced_compute,sg,81.74,89.51,converged,1,25.231,20.114,1588.495,158.64,0.9647,23.477,29081,3888,43779
vp_204016,reduced_compute,sg_c,93.33,91.1,converged,1,18.181,22.045,1578.244,154.674,0.9685,24.161,29081,3888,43779
vp_204016,missing_low_freq,baseline,5.49,10.52,failed,0,88.242,0.003,1480.0,763.04,0.8911,18.072,29081,3888,43779
vp_204016,missing_low_freq,dg,5.49,17.64,failed,0,86.423,4.798,1481.714,758.739,0.8904,17.756,29081,3888,43779
vp_204016,missing_low_freq,dg_c,61.48,51.11,buffer,0,38.724,32.834,1590.413,462.649,0.9085,19.937,29081,3888,43779
vp_204016,missing_low_freq,sg,5.58,34.03,failed,0,85.962,6.659,1482.264,580.214,0.8987,18.789,29081,3888,43779
vp_204016,missing_low_freq,sg_c,95.83,88.61,converged,1,15.567,22.304,1573.027,161.09,0.9769,24.705,29081,3888,43779
vp_481951,standard,baseline,93.34,26.19,failed,0,18.188,18.569,1585.141,360.062,0.9789,23.762,28389,1516,40406
vp_481951,standard,dg,93.56,70.65,converged,1,15.991,20.276,1574.114,220.203,0.9768,24.057,28389,1516,40406
vp_481951,standard,dg_c,88.68,83.58,converged,1,18.3,19.009,1557.453,178.226,0.976,23.833,28389,1516,40406
vp_481951,standard,sg,95.22,79.02,converged,1,16.577,16.41,1556.192,199.116,0.9848,25.062,28389,1516,40406
vp_481951,standard,sg_c,88.88,54.82,buffer,0,17.596,22.27,1561.073,265.076,0.9843,25.29,28389,1516,40406
vp_481951,reduced_compute,baseline,4.16,21.31,failed,0,91.425,17.073,1481.664,514.53,0.9291,19.921,28389,1516,40406
vp_481951,reduced_compute,dg,92.87,90.3,converged,1,19.516,17.713,1584.52,158.661,0.9679,23.109,28389,1516,40406
vp_481951,reduced_compute,dg_c,95.73,89.78,converged,1,16.242,17.688,1580.598,156.228,0.9728,23.504,28389,1516,40406
vp_481951,reduced_compute,sg,98.17,90.04,converged,1,10.236,15.965,1565.278,157.175,0.9764,23.938,28389,1516,40406
vp_481951,reduced_compute,sg_c,94.84,68.6,converged,1,13.001,20.183,1568.45,227.508,0.9848,25.197,28389,1516,40406
vp_481951,missing_low_freq,baseline,3.96,16.95,failed,0,91.163,2.375,1480.119,592.49,0.9246,19.553,28389,1516,40406
vp_481951,missing_low_freq,dg,93.82,81.4,converged,1,14.408,17.84,1565.323,207.654,0.9661,22.922,28389,1516,40406
vp_481951,missing_low_freq,dg_c,93.59,87.8,converged,1,18.236,17.505,1583.206,178.425,0.968,23.129,28389,1516,40406
vp_481951,missing_low_freq,sg,10.21,40.44,failed,0,85.295,28.68,1490.658,421.97,0.9375,20.698,28389,1516,40406
vp_481951,missing_low_freq,sg_c,75.08,79.02,converged,1,28.943,23.322,1546.404,197.914,0.9818,25.204,28389,1516,40406
vp_584355,standard,baseline,6.03,12.26,failed,0,88.782,2.843,1480.25,769.29,0.8875,17.188,33186,3907,48632
vp_584355,standard,dg,51.1,39.88,buffer,0,37.352,24.537,1596.635,558.52,0.912,18.909,33186,3907,48632
vp_584355,standard,dg_c,65.78,53.88,buffer,0,32.65,24.774,1590.971,443.42,0.9261,19.848,33186,3907,48632
vp_584355,standard,sg,82.39,45.97,buffer,0,73.317,74.275,1571.127,619.861,0.9021,18.946,33186,3907,48632
vp_584355,standard,sg_c,94.27,86.23,converged,1,14.684,21.702,1562.788,168.993,0.9797,24.482,33186,3907,48632
vp_584355,reduced_compute,baseline,5.9,7.45,failed,0,88.961,0.011,1480.0,951.801,0.8724,16.224,33186,3907,48632
vp_584355,reduced_compute,dg,7.31,12.85,failed,0,69.295,16.083,1500.093,752.939,0.8956,17.191,33186,3907,48632
vp_584355,reduced_compute,dg_c,45.03,25.98,failed,0,39.703,25.007,1598.993,567.137,0.91,18.645,33186,3907,48632
vp_584355,reduced_compute,sg,74.78,16.71,failed,0,46.307,43.745,1585.073,718.129,0.8902,18.255,33186,3907,48632
vp_584355,reduced_compute,sg_c,71.99,62.89,converged,1,46.822,47.441,1561.751,310.168,0.9128,20.875,33186,3907,48632
vp_584355,missing_low_freq,baseline,5.92,6.55,failed,0,88.684,2.155,1480.399,986.619,0.8709,16.192,33186,3907,48632
vp_584355,missing_low_freq,dg,6.2,9.11,failed,0,64.195,14.491,1504.81,852.723,0.8812,16.707,33186,3907,48632
vp_584355,missing_low_freq,dg_c,36.4,20.68,failed,0,50.962,32.507,1606.488,726.023,0.8917,17.678,33186,3907,48632
vp_584355,missing_low_freq,sg,83.33,27.64,failed,0,88.339,87.629,1582.292,779.196,0.8765,17.545,33186,3907,48632
vp_584355,missing_low_freq,sg_c,0.0,28.54,failed,0,205.127,109.99,1739.115,628.95,0.8674,16.865,33186,3907,48632
vp_660951,standard,baseline,25.96,34.87,failed,0,77.182,66.696,1528.102,606.952,0.9205,20.002,31062,2948,45020
vp_660951,standard,dg,86.98,61.4,converged,1,23.099,22.63,1575.33,365.795,0.9561,21.838,31062,2948,45020
vp_660951,standard,dg_c,87.81,66.38,converged,1,22.886,22.366,1576.631,330.595,0.9581,21.958,31062,2948,45020
vp_660951,standard,sg,94.35,78.49,converged,1,14.385,20.126,1565.711,211.671,0.9752,23.897,31062,2948,45020
vp_660951,standard,sg_c,90.97,76.12,converged,1,16.679,22.387,1557.681,205.642,0.9787,24.332,31062,2948,45020
vp_660951,reduced_compute,baseline,6.06,24.42,failed,0,83.563,0.008,1480.0,794.332,0.9045,18.018,31062,2948,45020
vp_660951,reduced_compute,dg,53.92,38.4,buffer,0,39.438,34.505,1583.957,579.101,0.9198,19.343,31062,2948,45020
vp_660951,reduced_compute,dg_c,75.87,65.16,converged,1,28.965,21.935,1585.322,356.72,0.9442,21.008,31062,2948,45020
vp_660951,reduced_compute,sg,91.97,82.23,converged,1,18.044,19.851,1574.029,219.966,0.961,22.359,31062,2948,45020
vp_660951,reduced_compute,sg_c,88.31,81.89,converged,1,18.949,24.527,1561.356,205.239,0.9694,23.52,31062,2948,45020
vp_660951,missing_low_freq,baseline,6.06,22.15,failed,0,83.563,0.0,1480.0,834.796,0.9031,17.961,31062,2948,45020
vp_660951,missing_low_freq,dg,6.07,19.71,failed,0,83.475,1.009,1480.097,847.215,0.9095,17.674,31062,2948,45020
vp_660951,missing_low_freq,dg_c,80.46,52.14,buffer,0,30.901,28.593,1577.313,531.388,0.9341,20.117,31062,2948,45020
vp_660951,missing_low_freq,sg,88.26,77.88,converged,1,21.525,21.093,1576.525,282.19,0.9552,22.037,31062,2948,45020
vp_660951,missing_low_freq,sg_c,75.85,81.51,converged,1,29.319,27.171,1543.404,204.263,0.9667,23.567,31062,2948,45020
vp_376247,standard,baseline,93.2,59.83,buffer,0,19.637,15.712,1580.716,249.203,0.9824,24.624,27952,1531,39747
vp_376247,standard,dg,86.28,86.41,converged,1,18.769,18.553,1551.304,174.913,0.9724,23.761,27952,1531,39747
vp_376247,standard,dg_c,93.36,86.02,converged,1,17.08,19.019,1570.868,176.204,0.9721,23.792,27952,1531,39747
vp_376247,standard,sg,95.74,86.48,converged,1,15.057,16.379,1573.823,173.937,0.9797,24.735,27952,1531,39747
vp_376247,standard,sg_c,93.18,76.81,converged,1,15.512,20.535,1560.722,206.376,0.983,25.416,27952,1531,39747
vp_376247,reduced_compute,baseline,22.0,24.76,failed,0,95.455,85.193,1524.313,621.14,0.9218,20.855,27952,1531,39747
vp_376247,reduced_compute,dg,87.85,63.81,converged,1,22.337,20.441,1577.402,319.069,0.9629,22.843,27952,1531,39747
vp_376247,reduced_compute,dg_c,89.88,74.72,converged,1,20.145,18.176,1577.162,251.352,0.9655,23.043,27952,1531,39747
vp_376247,reduced_compute,sg,92.63,92.42,converged,1,18.541,15.877,1578.489,152.897,0.9738,24.03,27952,1531,39747
vp_376247,reduced_compute,sg_c,94.65,86.22,converged,1,14.774,19.895,1565.339,176.144,0.9818,25.201,27952,1531,39747
vp_376247,missing_low_freq,baseline,4.12,13.91,failed,0,84.033,0.251,1480.007,705.863,0.9299,19.753,27952,1531,39747
vp_376247,missing_low_freq,dg,92.29,63.03,converged,1,17.138,19.963,1559.728,314.654,0.9615,22.736,27952,1531,39747
vp_376247,missing_low_freq,dg_c,94.5,62.83,converged,1,15.266,18.618,1560.358,308.595,0.9615,22.656,27952,1531,39747
vp_376247,missing_low_freq,sg,92.27,91.31,converged,1,17.996,16.351,1577.341,156.056,0.9734,24.053,27952,1531,39747
vp_376247,missing_low_freq,sg_c,74.11,89.55,converged,1,27.912,22.485,1541.511,159.689,0.9789,25.062,27952,1531,39747
vp_521331,standard,baseline,11.52,26.29,failed,0,91.176,47.406,1489.984,556.289,0.8923,18.66,26869,3865,41073
vp_521331,standard,dg,94.77,86.31,converged,1,13.72,20.979,1566.271,205.546,0.9517,21.911,26869,3865,41073
vp_521331,standard,dg_c,95.21,85.59,converged,1,13.23,20.89,1566.872,210.781,0.951,21.84,26869,3865,41073
vp_521331,standard,sg,89.14,83.08,converged,1,22.011,21.637,1582.721,178.053,0.9714,23.603,26869,3865,41073
vp_521331,standard,sg_c,93.1,91.2,converged,1,15.349,22.417,1559.569,149.056,0.9742,23.844,26869,3865,41073
vp_521331,reduced_compute,baseline,9.43,19.84,failed,0,85.146,11.871,1483.692,748.924,0.8806,17.611,26869,3865,41073
vp_521331,reduced_compute,dg,8.13,32.7,failed,0,82.095,12.542,1486.388,684.182,0.8885,17.967,26869,3865,41073
vp_521331,reduced_compute,dg_c,55.06,67.45,buffer,0,37.059,26.878,1595.183,350.76,0.9216,20.451,26869,3865,41073
vp_521331,reduced_compute,sg,65.7,85.54,converged,1,30.121,22.183,1591.884,181.002,0.9537,22.317,26869,3865,41073
vp_521331,reduced_compute,sg_c,88.46,88.36,converged,1,21.569,22.575,1581.812,162.247,0.9644,23.112,26869,3865,41073
vp_521331,missing_low_freq,baseline,10.57,16.07,failed,0,84.585,16.185,1485.022,816.862,0.8752,17.367,26869,3865,41073
vp_521331,missing_low_freq,dg,8.16,37.59,failed,0,83.872,9.453,1484.317,616.071,0.8914,18.275,26869,3865,41073
vp_521331,missing_low_freq,dg_c,59.44,49.96,buffer,0,37.107,31.493,1589.238,467.113,0.9023,19.441,26869,3865,41073
vp_521331,missing_low_freq,sg,8.68,35.39,failed,0,79.947,13.949,1488.486,684.127,0.883,17.941,26869,3865,41073
vp_521331,missing_low_freq,sg_c,85.99,91.2,converged,1,21.528,24.841,1554.977,152.113,0.9662,23.478,26869,3865,41073
vp_683256,standard,baseline,24.95,38.66,failed,0,75.125,69.318,1554.896,535.402,0.9179,20.696,28710,3148,42450
vp_683256,standard,dg,88.67,70.36,converged,1,19.271,23.611,1572.838,291.669,0.9621,22.474,28710,3148,42450
vp_683256,standard,dg_c,89.92,70.49,converged,1,19.317,23.55,1574.89,297.216,0.9608,22.333,28710,3148,42450
vp_683256,standard,sg,91.76,83.04,converged,1,18.764,21.383,1582.209,189.589,0.9771,24.159,28710,3148,42450
vp_683256,standard,sg_c,94.92,85.61,converged,1,14.14,23.438,1569.936,174.135,0.9807,24.553,28710,3148,42450
vp_683256,reduced_compute,baseline,6.92,18.27,failed,0,90.964,1.322,1480.157,777.459,0.8998,17.942,28710,3148,42450
vp_683256,reduced_compute,dg,6.92,25.76,failed,0,90.918,1.588,1480.197,782.466,0.8996,17.877,28710,3148,42450
vp_683256,reduced_compute,dg_c,71.96,58.67,buffer,0,32.024,26.648,1590.88,459.978,0.9392,20.662,28710,3148,42450
vp_683256,reduced_compute,sg,84.93,83.04,converged,1,24.83,21.847,1589.35,215.657,0.9636,22.814,28710,3148,42450
vp_683256,reduced_compute,sg_c,92.51,87.04,converged,1,16.029,24.075,1572.925,181.17,0.972,23.737,28710,3148,42450
vp_683256,missing_low_freq,baseline,6.92,14.99,failed,0,91.064,0.487,1480.042,828.638,0.897,17.805,28710,3148,42450
vp_683256,missing_low_freq,dg,6.92,34.5,failed,0,90.937,1.313,1480.173,671.745,0.9127,18.663,28710,3148,42450
vp_683256,missing_low_freq,dg_c,78.17,54.45,buffer,0,31.269,30.1,1583.248,532.353,0.9272,19.997,28710,3148,42450
vp_683256,missing_low_freq,sg,6.94,30.34,failed,0,89.18,5.599,1481.931,679.208,0.9025,18.327,28710,3148,42450
vp_683256,missing_low_freq,sg_c,82.38,89.64,converged,1,23.798,25.19,1552.778,170.758,0.9711,23.795,28710,3148,42450
vp_638049,standard,baseline,9.07,53.47,failed,0,83.745,8.203,1480.748,805.201,0.8996,17.153,29273,3918,44089
vp_638049,standard,dg,72.62,58.47,buffer,0,29.415,27.198,1579.413,535.093,0.9308,19.156,29273,3918,44089
vp_638049,standard,dg_c,86.58,63.2,converged,1,20.863,23.774,1573.693,421.277,0.9419,19.806,29273,3918,44089
vp_638049,standard,sg,92.7,96.04,converged,1,18.063,21.411,1574.681,108.029,0.9727,22.824,29273,3918,44089
vp_638049,standard,sg_c,95.13,95.92,converged,1,16.092,22.493,1572.049,106.269,0.9744,22.935,29273,3918,44089
vp_638049,reduced_compute,baseline,8.87,17.18,failed,0,83.939,0.013,1480.0,1168.267,0.8745,15.639,29273,3918,44089
vp_638049,reduced_compute,dg,9.57,0.71,failed,0,76.799,13.52,1488.183,1187.881,0.872,15.218,29273,3918,44089
vp_638049,reduced_compute,dg_c,44.84,26.19,failed,0,45.742,34.542,1593.414,718.962,0.9023,17.711,29273,3918,44089
vp_638049,reduced_compute,sg,89.84,66.44,converged,1,19.463,23.488,1572.901,320.071,0.9448,20.212,29273,3918,44089
vp_638049,reduced_compute,sg_c,86.41,83.74,converged,1,23.502,27.727,1574.606,222.693,0.953,21.404,29273,3918,44089
vp_638049,missing_low_freq,baseline,8.87,18.76,failed,0,83.939,0.008,1480.0,1199.37,0.8743,15.657,29273,3918,44089
vp_638049,missing_low_freq,dg,8.93,0.0,failed,0,71.96,13.321,1492.529,1249.468,0.8667,14.786,29273,3918,44089
vp_638049,missing_low_freq,dg_c,34.88,18.71,failed,0,64.184,51.432,1599.785,866.885,0.8824,16.971,29273,3918,44089
vp_638049,missing_low_freq,sg,8.96,16.56,failed,0,74.711,13.31,1489.715,967.906,0.8886,16.395,29273,3918,44089
vp_638049,missing_low_freq,sg_c,90.5,93.72,converged,1,19.062,25.979,1567.9,130.442,0.9668,22.614,29273,3918,44089
vp_126325,standard,baseline,93.2,65.21,converged,1,15.778,21.263,1567.314,251.735,0.9476,21.745,26926,3288,40740
vp_126325,standard,dg,91.6,79.26,converged,1,17.87,20.171,1572.216,209.015,0.9614,22.735,26926,3288,40740
vp_126325,standard,dg_c,90.6,78.8,converged,1,18.932,20.203,1573.983,210.09,0.9593,22.566,26926,3288,40740
vp_126325,standard,sg,85.11,80.84,converged,1,23.1,18.827,1582.005,195.662,0.9685,23.238,26926,3288,40740
vp_126325,standard,sg_c,95.51,81.11,converged,1,13.67,20.876,1566.415,194.446,0.9788,24.196,26926,3288,40740
vp_126325,reduced_compute,baseline,7.89,18.04,failed,0,84.028,2.653,1480.408,695.501,0.8863,18.052,26926,3288,40740
vp_126325,reduced_compute,dg,49.6,62.77,buffer,0,39.77,23.938,1595.984,337.21,0.9183,20.244,26926,3288,40740
vp_126325,reduced_compute,dg_c,73.42,77.25,converged,1,28.003,19.674,1585.817,237.436,0.9411,21.336,26926,3288,40740
vp_126325,reduced_compute,sg,62.39,84.34,converged,1,31.178,19.482,1590.249,188.125,0.9479,21.914,26926,3288,40740
vp_126325,reduced_compute,sg_c,92.58,86.89,converged,1,18.601,20.061,1575.788,174.243,0.9684,23.349,26926,3288,40740
vp_126325,missing_low_freq,baseline,7.89,14.23,failed,0,84.258,1.817,1480.157,744.867,0.8844,17.922,26926,3288,40740
vp_126325,missing_low_freq,dg,55.01,44.37,buffer,0,39.913,27.618,1592.249,523.501,0.9116,19.534,26926,3288,40740
vp_126325,missing_low_freq,sg,7.98,33.79,failed,0,80.885,9.494,1483.686,625.245,0.886,18.267,26926,3288,40740
vp_126325,missing_low_freq,sg_c,93.06,91.48,converged,1,15.794,21.025,1556.894,159.504,0.9681,23.3,26926,3288,40740
vp_214524,standard,baseline,12.33,25.53,failed,0,96.643,76.77,1510.579,492.54,0.8964,19.779,31410,3302,45737
vp_214524,standard,dg,92.61,91.43,converged,1,17.332,20.91,1575.672,154.13,0.9607,22.992,31410,3302,45737
vp_214524,standard,dg_c,92.59,92.82,converged,1,18.043,21.0,1577.254,146.869,0.9625,23.106,31410,3302,45737
vp_214524,standard,sg,94.36,78.29,converged,1,15.31,20.857,1572.356,194.643,0.9772,24.393,31410,3302,45737
vp_214524,standard,sg_c,92.67,81.5,converged,1,16.187,23.822,1562.336,183.337,0.9788,24.765,31410,3302,45737
vp_214524,reduced_compute,baseline,7.05,19.14,failed,0,86.672,1.216,1480.1,694.299,0.9004,18.652,31410,3302,45737
vp_214524,reduced_compute,dg,42.08,23.86,failed,0,51.281,39.243,1597.673,663.858,0.8917,18.659,31410,3302,45737
vp_214524,reduced_compute,dg_c,70.07,80.5,converged,1,31.091,24.64,1589.787,219.928,0.9392,21.639,31410,3302,45737
vp_214524,reduced_compute,sg,90.95,90.85,converged,1,17.924,21.018,1576.952,152.962,0.9659,23.439,31410,3302,45737
vp_214524,reduced_compute,sg_c,92.94,87.8,converged,1,16.121,24.376,1564.79,161.192,0.9722,24.356,31410,3302,45737
vp_214524,missing_low_freq,baseline,7.05,11.57,failed,0,86.606,2.181,1480.187,742.233,0.8994,18.526,31410,3302,45737
vp_214524,missing_low_freq,dg,7.05,18.2,failed,0,85.799,3.578,1480.968,702.907,0.8957,18.134,31410,3302,45737
vp_214524,missing_low_freq,dg_c,59.48,61.9,buffer,0,42.125,35.892,1592.368,414.858,0.9199,20.599,31410,3302,45737
vp_214524,missing_low_freq,sg,29.35,36.67,failed,0,70.007,36.599,1505.595,532.096,0.9227,20.081,31410,3302,45737
vp_214524,missing_low_freq,sg_c,76.21,88.92,converged,1,31.924,26.721,1540.736,156.555,0.9727,24.613,31410,3302,45737
vp_163432,standard,baseline,10.06,22.78,failed,0,85.79,10.264,1481.721,539.434,0.9189,19.177,28718,3143,42626
vp_163432,standard,dg,86.1,73.46,converged,1,19.591,22.402,1560.875,232.59,0.9573,22.105,28718,3143,42626
vp_163432,standard,dg_c,87.81,73.18,converged,1,21.16,22.165,1575.84,230.99,0.96,22.276,28718,3143,42626
vp_163432,standard,sg,93.74,81.26,converged,1,15.441,20.329,1572.101,190.975,0.9776,24.124,28718,3143,42626
vp_163432,standard,sg_c,90.24,88.16,converged,1,19.011,21.395,1550.456,164.794,0.9799,24.15,28718,3143,42626
vp_163432,reduced_compute,baseline,9.26,16.86,failed,0,85.45,6.063,1481.492,731.351,0.8951,18.047,28718,3143,42626
vp_163432,reduced_compute,dg,61.45,47.38,buffer,0,36.124,26.789,1588.585,487.071,0.9117,19.401,28718,3143,42626
vp_163432,reduced_compute,dg_c,67.13,70.12,converged,1,30.541,20.976,1589.361,291.082,0.9389,20.912,28718,3143,42626
vp_163432,reduced_compute,sg,86.87,85.3,converged,1,22.354,19.446,1582.595,175.231,0.963,22.664,28718,3143,42626
vp_163432,reduced_compute,sg_c,91.99,84.03,converged,1,16.843,22.562,1570.475,179.15,0.9732,23.651,28718,3143,42626
vp_163432,missing_low_freq,baseline,9.59,13.27,failed,0,85.895,6.159,1481.077,778.883,0.892,17.958,28718,3143,42626
vp_163432,missing_low_freq,dg,9.26,31.28,failed,0,81.617,10.756,1485.271,653.837,0.9012,18.295,28718,3143,42626
vp_163432,missing_low_freq,sg,9.49,30.58,failed,0,81.949,11.282,1485.048,617.016,0.9027,18.592,28718,3143,42626
vp_163432,missing_low_freq,sg_c,83.58,78.27,converged,1,23.929,28.205,1561.676,201.708,0.9701,23.848,28718,3143,42626
vp_206222,standard,baseline,85.14,56.46,buffer,0,26.446,25.349,1589.312,284.617,0.96,23.902,29347,3156,43290
vp_206222,standard,dg,87.65,66.1,converged,1,22.031,24.603,1580.524,290.531,0.9627,24.127,29347,3156,43290
vp_206222,standard,sg,93.26,77.6,converged,1,16.811,22.567,1579.457,204.274,0.9787,25.667,29347,3156,43290
vp_206222,standard,sg_c,93.81,80.45,converged,1,15.217,25.658,1566.872,191.747,0.9809,26.041,29347,3156,43290
vp_206222,reduced_compute,baseline,7.99,18.66,failed,0,90.903,0.0,1480.0,727.883,0.905,19.259,29347,3156,43290
vp_206222,reduced_compute,dg,77.8,77.38,converged,1,27.749,23.091,1591.398,255.867,0.9496,23.069,29347,3156,43290
vp_206222,reduced_compute,sg,96.56,85.61,converged,1,12.119,21.316,1566.392,186.976,0.9714,24.819,29347,3156,43290
vp_206222,reduced_compute,sg_c,93.96,80.23,converged,1,17.536,25.249,1577.045,196.923,0.9766,25.602,29347,3156,43290
vp_206222,missing_low_freq,baseline,7.99,13.15,failed,0,90.903,0.0,1480.0,793.643,0.9007,18.884,29347,3156,43290
vp_206222,missing_low_freq,dg,85.83,58.46,buffer,0,26.329,29.999,1573.181,542.826,0.9427,21.946,29347,3156,43290
vp_206222,missing_low_freq,sg,14.68,41.1,failed,0,82.408,40.239,1497.581,538.267,0.9142,20.476,29347,3156,43290
vp_206222,missing_low_freq,sg_c,89.55,77.44,converged,1,18.611,27.736,1567.267,199.216,0.9765,25.676,29347,3156,43290
vp_210011,standard,baseline,7.02,42.75,failed,0,88.459,11.314,1481.089,727.485,0.9153,18.299,31174,3303,45432
vp_210011,standard,dg,89.05,65.4,converged,1,21.413,25.987,1568.036,420.274,0.9475,20.789,31174,3303,45432
vp_210011,standard,sg,93.09,83.56,converged,1,16.214,23.757,1571.445,180.429,0.975,23.69,31174,3303,45432
vp_210011,standard,sg_c,89.84,82.77,converged,1,18.077,26.655,1566.514,184.15,0.9753,23.739,31174,3303,45432
vp_210011,reduced_compute,baseline,6.66,20.41,failed,0,88.677,0.0,1480.0,980.884,0.8968,17.001,31174,3303,45432
vp_210011,reduced_compute,dg,6.72,2.82,failed,0,87.847,3.022,1480.85,1045.777,0.8831,16.125,31174,3303,45432
vp_210011,reduced_compute,sg,88.72,78.14,converged,1,21.396,25.774,1578.445,251.233,0.9563,21.797,31174,3303,45432
vp_210011,reduced_compute,sg_c,84.36,79.29,converged,1,22.051,29.788,1567.334,227.863,0.9595,22.55,31174,3303,45432
vp_210011,missing_low_freq,baseline,6.66,20.13,failed,0,88.677,0.0,1480.0,1012.912,0.8974,17.037,31174,3303,45432
vp_210011,missing_low_freq,dg,6.66,5.03,failed,0,88.65,0.365,1480.026,989.494,0.8964,16.509,31174,3303,45432
vp_210011,missing_low_freq,sg,89.31,78.75,converged,1,20.688,25.116,1576.891,249.552,0.962,22.386,31174,3303,45432
vp_210011,missing_low_freq,sg_c,78.64,82.65,converged,1,25.362,31.76,1560.944,207.456,0.9642,23.243,31174,3303,45432
vp_358144,standard,baseline,4.65,30.38,failed,0,84.631,9.281,1481.283,498.927,0.9274,19.385,31562,3259,46040
vp_358144,standard,dg,92.67,72.84,converged,1,15.795,18.571,1561.087,251.934,0.9581,21.904,31562,3259,46040
vp_358144,standard,sg,97.53,84.57,converged,1,13.664,15.368,1554.448,176.645,0.9795,23.982,31562,3259,46040
vp_358144,standard,sg_c,95.96,72.48,converged,1,12.687,18.225,1560.876,216.534,0.982,24.259,31562,3259,46040
vp_358144,reduced_compute,baseline,4.06,23.2,failed,0,84.215,4.826,1481.296,683.737,0.906,18.214,31562,3259,46040
vp_358144,reduced_compute,dg,15.94,38.39,failed,0,82.842,80.42,1541.416,642.989,0.902,18.377,31562,3259,46040
vp_358144,reduced_compute,sg,96.28,80.33,converged,1,15.656,15.445,1576.873,194.722,0.9687,22.766,31562,3259,46040
vp_358144,reduced_compute,sg_c,94.46,79.44,converged,1,14.118,19.677,1564.903,195.068,0.9762,23.735,31562,3259,46040
vp_358144,missing_low_freq,baseline,4.09,20.44,failed,0,84.434,4.448,1481.047,734.266,0.903,18.134,31562,3259,46040
vp_358144,missing_low_freq,dg,4.0,14.42,failed,0,79.28,10.008,1486.23,776.536,0.904,17.633,31562,3259,46040
vp_358144,missing_low_freq,sg,4.57,43.36,failed,0,81.338,10.178,1484.403,492.22,0.9175,18.966,31562,3259,46040
vp_358144,missing_low_freq,sg_c,75.8,83.89,converged,1,29.311,22.966,1541.798,181.711,0.9736,23.96,31562,3259,46040
vp_992673,standard,baseline,93.01,57.86,buffer,0,17.092,23.14,1565.931,304.189,0.9531,21.646,28236,2912,41745
vp_992673,standard,dg,87.86,67.24,converged,1,18.852,21.265,1552.093,297.098,0.962,22.221,28236,2912,41745
vp_992673,standard,sg,97.91,84.86,converged,1,11.012,18.573,1558.42,176.335,0.9745,23.524,28236,2912,41745
vp_992673,standard,sg_c,96.51,79.98,converged,1,12.436,21.228,1563.073,191.557,0.9805,24.295,28236,2912,41745
vp_992673,reduced_compute,baseline,7.94,19.3,failed,0,83.76,0.003,1480.0,748.76,0.9039,18.121,28236,2912,41745
vp_992673,reduced_compute,dg,90.72,63.05,converged,1,17.697,21.196,1568.282,359.151,0.9411,20.724,28236,2912,41745
vp_992673,reduced_compute,sg,95.51,81.97,converged,1,13.279,19.306,1566.828,207.709,0.9609,22.252,28236,2912,41745
vp_992673,reduced_compute,sg_c,95.81,81.56,converged,1,14.039,21.054,1568.234,195.011,0.9735,23.575,28236,2912,41745
vp_992673,missing_low_freq,baseline,7.94,15.42,failed,0,83.76,0.002,1480.0,820.651,0.9002,17.95,28236,2912,41745
vp_992673,missing_low_freq,dg,39.73,27.71,failed,0,59.037,47.723,1534.207,672.832,0.9247,19.554,28236,2912,41745
vp_992673,missing_low_freq,sg,7.97,31.77,failed,0,83.568,2.35,1480.226,628.844,0.9076,18.546,28236,2912,41745
vp_992673,missing_low_freq,sg_c,91.98,81.7,converged,1,16.489,23.823,1562.173,192.009,0.9743,23.943,28236,2912,41745
vp_224022,standard,baseline,19.57,42.6,failed,0,81.49,48.465,1508.969,551.826,0.9005,19.254,26188,3258,39700
vp_224022,standard,dg,79.64,78.02,converged,1,24.97,20.241,1590.562,242.932,0.9562,21.836,26188,3258,39700
vp_224022,standard,sg,84.0,84.56,converged,1,23.977,20.528,1590.837,180.253,0.9698,23.182,26188,3258,39700
vp_224022,standard,sg_c,96.6,89.56,converged,1,12.068,20.742,1566.46,154.021,0.9763,23.751,26188,3258,39700
vp_224022,reduced_compute,baseline,5.87,33.39,failed,0,92.038,0.738,1480.059,775.908,0.8887,17.419,26188,3258,39700
vp_224022,reduced_compute,dg,5.89,26.55,failed,0,89.436,8.712,1482.949,775.443,0.8869,17.313,26188,3258,39700
vp_224022,reduced_compute,sg,56.74,82.47,buffer,0,32.903,22.21,1599.478,216.995,0.947,21.42,26188,3258,39700
vp_224022,reduced_compute,sg_c,81.14,85.76,converged,1,25.063,21.764,1591.448,180.786,0.9636,22.672,26188,3258,39700
vp_224022,missing_low_freq,baseline,5.87,23.63,failed,0,92.09,0.114,1480.002,876.507,0.8833,17.091,26188,3258,39700
vp_224022,missing_low_freq,dg,5.87,39.01,failed,0,89.312,7.236,1482.832,640.248,0.8991,17.988,26188,3258,39700
vp_224022,missing_low_freq,sg,6.0,29.71,failed,0,84.228,14.16,1488.329,760.124,0.8849,17.393,26188,3258,39700
vp_224022,missing_low_freq,sg_c,86.72,85.3,converged,1,22.881,22.003,1588.57,177.156,0.9676,23.145,26188,3258,39700
vp_106521,standard,baseline,21.78,51.55,failed,0,84.588,70.512,1524.787,556.893,0.9158,19.913,29743,3042,43750
vp_106521,standard,dg,87.23,70.05,converged,1,20.237,21.419,1576.062,324.005,0.9595,21.736,29743,3042,43750
vp_106521,standard,sg,95.84,91.65,converged,1,14.133,18.789,1556.44,139.411,0.9832,24.438,29743,3042,43750
vp_106521,standard,sg_c,94.94,84.02,converged,1,14.787,22.668,1565.887,176.985,0.9835,24.52,29743,3042,43750
vp_106521,reduced_compute,baseline,6.95,34.52,failed,0,86.878,0.0,1480.0,813.087,0.9027,17.641,29743,3042,43750
vp_106521,reduced_compute,dg,77.53,42.24,buffer,0,26.929,24.458,1582.483,453.647,0.9342,19.659,29743,3042,43750
vp_106521,reduced_compute,sg,96.23,87.38,converged,1,12.82,20.019,1560.419,165.762,0.971,22.781,29743,3042,43750
vp_106521,reduced_compute,sg_c,91.79,85.11,converged,1,17.323,24.029,1570.224,170.624,0.9751,23.625,29743,3042,43750
vp_106521,missing_low_freq,baseline,6.95,27.09,failed,0,86.878,0.0,1480.0,890.325,0.8994,17.482,29743,3042,43750
vp_106521,missing_low_freq,dg,6.95,42.08,failed,0,86.685,2.227,1480.213,704.805,0.9138,18.116,29743,3042,43750
vp_106521,missing_low_freq,sg,7.19,43.79,failed,0,86.127,5.455,1480.935,639.722,0.9182,18.599,29743,3042,43750
vp_106521,missing_low_freq,sg_c,77.12,90.53,converged,1,29.045,25.898,1543.459,144.814,0.9773,24.279,29743,3042,43750
vp_156233,standard,baseline,73.16,57.77,buffer,0,31.389,27.451,1585.714,418.864,0.9416,20.961,28638,3230,42556
vp_156233,standard,dg,92.04,79.63,converged,1,18.889,20.86,1577.156,215.206,0.9633,22.168,28638,3230,42556
vp_156233,standard,sg,91.6,86.07,converged,1,18.513,21.297,1577.588,171.086,0.9771,23.99,28638,3230,42556
vp_156233,standard,sg_c,96.11,85.14,converged,1,14.258,22.465,1569.86,170.963,0.9792,24.168,28638,3230,42556
vp_156233,reduced_compute,baseline,8.56,29.78,failed,0,86.063,0.09,1480.002,803.815,0.8927,17.37,28638,3230,42556
vp_156233,reduced_compute,dg,16.21,21.89,failed,0,79.346,27.434,1490.788,799.456,0.8986,17.57,28638,3230,42556
vp_156233,reduced_compute,sg,76.57,83.03,converged,1,27.538,22.116,1587.268,216.457,0.9596,22.193,28638,3230,42556
vp_156233,reduced_compute,sg_c,94.36,85.57,converged,1,16.125,22.288,1573.445,185.186,0.97,23.138,28638,3230,42556
vp_156233,missing_low_freq,baseline,8.56,22.35,failed,0,86.065,0.002,1480.0,904.105,0.8871,17.095,28638,3230,42556
vp_156233,missing_low_freq,dg,8.56,41.49,failed,0,85.772,1.79,1480.302,665.813,0.9013,17.88,28638,3230,42556
vp_156233,missing_low_freq,sg,8.61,37.24,failed,0,84.968,4.953,1481.232,700.917,0.9049,17.987,28638,3230,42556
vp_156233,missing_low_freq,sg_c,94.48,87.96,converged,1,15.049,22.018,1555.257,173.984,0.9734,23.464,28638,3230,42556
vp_163129,standard,baseline,69.5,51.52,buffer,0,37.949,38.124,1577.539,424.978,0.9417,21.077,27496,2624,40572
vp_163129,standard,dg,92.0,58.96,buffer,0,17.832,21.304,1581.006,305.128,0.9656,21.8,27496,2624,40572
vp_163129,standard,sg,93.02,69.82,converged,1,18.528,20.171,1585.626,221.617,0.9791,23.703,27496,2624,40572
vp_163129,standard,sg_c,95.61,65.74,converged,1,13.969,22.32,1574.748,230.079,0.9808,23.812,27496,2624,40572
vp_163129,reduced_compute,baseline,5.26,25.15,failed,0,93.536,0.007,1480.0,838.14,0.9018,17.464,27496,2624,40572
vp_163129,reduced_compute,dg,42.58,46.91,buffer,0,45.892,32.725,1607.094,649.101,0.927,18.975,27496,2624,40572
vp_163129,reduced_compute,sg,78.72,64.75,converged,1,26.573,20.562,1594.691,267.425,0.9636,21.948,27496,2624,40572
vp_163129,reduced_compute,sg_c,92.1,63.45,converged,1,17.753,22.63,1581.968,255.97,0.9713,22.682,27496,2624,40572
vp_163129,missing_low_freq,baseline,5.26,20.62,failed,0,93.536,0.001,1480.0,923.843,0.8981,17.331,27496,2624,40572
vp_163129,missing_low_freq,dg,5.26,35.98,failed,0,91.899,5.472,1481.713,648.115,0.9237,18.468,27496,2624,40572
vp_163129,missing_low_freq,sg,5.8,32.24,failed,0,86.169,13.609,1487.779,703.032,0.9041,17.814,27496,2624,40572
vp_163129,missing_low_freq,sg_c,85.87,78.05,converged,1,21.407,23.407,1557.249,205.099,0.9737,23.106,27496,2624,40572
vp_541640,standard,baseline,9.02,25.09,failed,0,90.789,1.188,1480.229,640.884,0.8911,18.944,32760,5222,49355
vp_541640,standard,dg,59.09,47.41,buffer,0,38.635,27.678,1596.377,495.192,0.9181,20.688,32760,5222,49355
vp_541640,standard,sg,79.41,82.25,converged,1,22.862,26.537,1559.45,226.174,0.9445,23.11,32760,5222,49355
vp_541640,standard,sg_c,93.87,92.32,converged,1,14.634,25.77,1566.499,148.737,0.9778,25.785,32760,5222,49355
vp_541640,reduced_compute,baseline,9.02,1.99,failed,0,90.993,0.213,1480.014,785.858,0.8805,17.851,32760,5222,49355
vp_541640,reduced_compute,dg,9.81,21.28,failed,0,64.633,17.583,1507.685,661.325,0.8843,18.376,32760,5222,49355
vp_541640,reduced_compute,sg,75.55,39.75,buffer,0,40.848,38.052,1585.878,507.506,0.8828,19.954,32760,5222,49355
vp_541640,reduced_compute,sg_c,66.11,92.03,converged,1,46.33,46.352,1552.958,169.221,0.9329,23.794,32760,5222,49355
vp_541640,missing_low_freq,baseline,8.89,1.61,failed,0,89.616,6.196,1481.842,814.772,0.8786,17.817,32760,5222,49355
vp_541640,missing_low_freq,dg,9.37,7.64,failed,0,65.144,13.612,1506.34,762.973,0.8842,17.855,32760,5222,49355
vp_541640,missing_low_freq,sg,86.39,38.61,buffer,0,61.106,60.006,1580.042,620.795,0.8457,18.249,32760,5222,49355
vp_541640,missing_low_freq,sg_c,0.0,25.51,failed,0,180.525,71.182,1731.988,509.83,0.8391,17.409,32760,5222,49355
vp_116120,standard,baseline,5.33,46.24,failed,0,87.15,5.729,1481.046,868.458,0.8712,15.901,24578,6032,40631
vp_116120,standard,dg,47.16,46.6,buffer,0,51.808,48.664,1562.14,759.663,0.8883,16.934,24578,6032,40631
vp_116120,standard,sg,36.15,62.02,failed,0,43.158,24.103,1604.74,378.525,0.9241,19.479,24578,6032,40631
vp_116120,standard,sg_c,81.32,57.41,buffer,0,30.194,30.2,1582.876,397.305,0.9261,19.555,24578,6032,40631
vp_116120,reduced_compute,baseline,5.08,25.0,failed,0,87.862,1.81,1480.135,1118.181,0.8506,14.705,24578,6032,40631
vp_116120,reduced_compute,dg,5.4,17.08,failed,0,79.687,15.148,1489.119,1078.194,0.8519,14.849,24578,6032,40631
vp_116120,reduced_compute,sg,5.07,28.96,failed,0,83.555,8.302,1484.521,999.72,0.8602,15.289,24578,6032,40631
vp_116120,reduced_compute,sg_c,45.22,45.21,buffer,0,57.21,43.209,1606.725,605.08,0.8879,17.672,24578,6032,40631
vp_116120,missing_low_freq,baseline,5.07,16.31,failed,0,87.942,0.42,1480.016,1231.259,0.8407,14.227,24578,6032,40631
vp_116120,missing_low_freq,dg,5.1,13.64,failed,0,79.36,13.764,1489.205,1108.174,0.8505,14.718,24578,6032,40631
vp_116120,missing_low_freq,sg,6.82,19.69,failed,0,75.235,18.148,1493.993,1101.781,0.8493,14.834,24578,6032,40631
vp_116120,missing_low_freq,sg_c,47.46,48.44,buffer,0,54.657,41.083,1606.807,527.375,0.8938,18.375,24578,6032,40631
vp_559053,standard,baseline,93.94,52.44,buffer,0,14.266,22.458,1569.854,285.637,0.9606,21.906,26513,2334,39095
vp_559053,standard,dg,90.3,68.59,converged,1,19.769,22.041,1578.931,243.266,0.9656,22.431,26513,2334,39095
vp_559053,standard,sg,96.75,81.83,converged,1,14.036,19.604,1559.683,196.672,0.9764,23.582,26513,2334,39095
vp_559053,standard,sg_c,92.17,68.12,converged,1,15.326,23.73,1565.376,236.346,0.982,24.336,26513,2334,39095
vp_559053,reduced_compute,baseline,6.97,18.94,failed,0,88.707,5.71,1481.278,652.977,0.9052,18.363,26513,2334,39095
vp_559053,reduced_compute,dg,45.94,49.61,buffer,0,41.008,26.218,1602.524,491.013,0.9286,19.912,26513,2334,39095
vp_559053,reduced_compute,sg,87.64,73.05,converged,1,21.689,19.893,1585.333,223.703,0.9636,22.406,26513,2334,39095
vp_559053,reduced_compute,sg_c,94.83,74.16,converged,1,15.159,21.732,1574.906,217.688,0.9756,23.535,26513,2334,39095
vp_559053,missing_low_freq,baseline,7.69,14.52,failed,0,88.75,7.716,1481.408,729.514,0.9001,18.199,26513,2334,39095
vp_559053,missing_low_freq,dg,86.39,55.48,buffer,0,21.579,22.507,1577.226,390.41,0.9388,20.59,26513,2334,39095
vp_559053,missing_low_freq,sg,7.03,27.51,failed,0,84.545,11.271,1485.49,650.216,0.9009,18.298,26513,2334,39095
vp_559053,missing_low_freq,sg_c,84.77,85.0,converged,1,23.294,23.953,1551.209,180.631,0.9762,23.897,26513,2334,39095
vp_122317,standard,baseline,11.15,22.22,failed,0,79.668,6.375,1482.4,652.164,0.8977,18.727,32128,3619,47205
vp_122317,standard,dg,62.53,48.02,buffer,0,35.106,30.428,1582.127,439.641,0.9235,20.625,32128,3619,47205
vp_122317,standard,sg,89.57,87.68,converged,1,20.22,25.45,1560.869,183.3,0.9481,22.955,32128,3619,47205
vp_122317,standard,sg_c,94.31,95.61,converged,1,13.907,22.063,1557.465,129.491,0.9831,26.101,32128,3619,47205
vp_122317,reduced_compute,baseline,11.15,7.52,failed,0,80.501,4.621,1481.577,768.864,0.8833,17.88,32128,3619,47205
vp_122317,reduced_compute,dg,64.93,50.43,buffer,0,35.51,29.731,1578.812,424.635,0.9281,21.071,32128,3619,47205
vp_122317,reduced_compute,sg,89.12,60.65,converged,1,23.637,26.603,1569.429,322.224,0.926,21.512,32128,3619,47205
vp_122317,reduced_compute,sg_c,81.74,93.81,converged,1,32.373,34.811,1555.023,140.286,0.9538,24.296,32128,3619,47205
vp_122317,missing_low_freq,baseline,12.29,5.5,failed,0,75.313,15.87,1488.535,804.035,0.8816,17.815,32128,3619,47205
vp_122317,missing_low_freq,dg,11.17,21.55,failed,0,68.873,12.626,1492.817,691.65,0.8974,18.451,32128,3619,47205
vp_122317,missing_low_freq,sg,87.31,48.44,buffer,0,57.924,58.431,1567.546,466.758,0.8945,20.178,32128,3619,47205
vp_122317,missing_low_freq,sg_c,0.0,37.86,failed,0,210.213,108.329,1737.887,385.753,0.8856,18.418,32128,3619,47205
vp_151425,standard,baseline,93.95,58.21,buffer,0,15.113,22.824,1569.905,258.306,0.9567,22.24,29889,2893,43734
vp_151425,standard,dg,92.83,80.99,converged,1,16.494,21.53,1575.395,206.547,0.9665,22.965,29889,2893,43734
vp_151425,standard,sg,98.01,85.45,converged,1,10.574,18.933,1563.671,170.452,0.983,24.68,29889,2893,43734
vp_151425,standard,sg_c,90.07,90.29,converged,1,19.551,20.486,1552.588,155.229,0.9835,24.764,29889,2893,43734
vp_151425,reduced_compute,baseline,6.18,17.11,failed,0,90.742,0.718,1480.058,673.592,0.9018,18.585,29889,2893,43734
vp_151425,reduced_compute,dg,64.39,58.83,buffer,0,40.594,34.287,1597.755,377.988,0.9281,20.516,29889,2893,43734
vp_151425,reduced_compute,sg,98.21,92.36,converged,1,9.978,19.545,1569.964,146.217,0.9727,23.527,29889,2893,43734
vp_151425,reduced_compute,sg_c,94.95,86.04,converged,1,13.774,22.336,1571.982,169.799,0.9789,24.421,29889,2893,43734
vp_151425,missing_low_freq,baseline,6.18,11.86,failed,0,90.797,0.011,1480.0,720.618,0.9004,18.537,29889,2893,43734
vp_151425,missing_low_freq,dg,6.18,43.07,failed,0,88.625,5.979,1482.167,569.212,0.9036,18.672,29889,2893,43734
vp_151425,missing_low_freq,sg,6.27,41.79,failed,0,88.369,7.212,1482.505,491.888,0.9112,19.263,29889,2893,43734
vp_151425,missing_low_freq,sg_c,78.12,89.53,converged,1,30.055,25.186,1545.624,158.041,0.9766,24.676,29889,2893,43734
vp_189652,standard,baseline,7.08,29.48,failed,0,92.939,8.263,1480.694,750.961,0.9025,17.826,31197,3636,45908
vp_189652,standard,dg,71.8,51.57,buffer,0,37.307,36.069,1590.597,626.058,0.9248,19.246,31197,3636,45908
vp_189652,standard,sg,91.84,71.62,converged,1,17.571,24.819,1574.855,248.773,0.968,23.06,31197,3636,45908
vp_189652,standard,sg_c,92.08,78.74,converged,1,17.337,25.587,1568.433,205.71,0.9734,23.674,31197,3636,45908
vp_189652,reduced_compute,baseline,6.84,12.16,failed,0,93.264,0.045,1480.001,954.353,0.8847,16.785,31197,3636,45908
vp_189652,reduced_compute,dg,6.88,2.26,failed,0,80.275,12.022,1492.812,955.439,0.8805,16.233,31197,3636,45908
vp_189652,reduced_compute,sg,86.72,55.53,buffer,0,22.492,29.803,1575.926,377.381,0.9256,20.279,31197,3636,45908
vp_189652,reduced_compute,sg_c,78.69,72.22,converged,1,30.564,36.372,1572.215,263.273,0.9514,22.427,31197,3636,45908
vp_189652,missing_low_freq,baseline,6.84,10.86,failed,0,93.263,0.091,1480.002,986.307,0.8854,16.862,31197,3636,45908
vp_189652,missing_low_freq,dg,6.85,6.68,failed,0,86.876,9.052,1486.304,978.778,0.8842,16.19,31197,3636,45908
vp_189652,missing_low_freq,sg,76.09,38.5,buffer,0,42.781,45.39,1581.653,616.485,0.8906,18.741,31197,3636,45908
vp_189652,missing_low_freq,sg_c,73.17,72.36,converged,1,32.768,36.583,1564.278,250.419,0.9547,22.76,31197,3636,45908
vp_599065,standard,baseline,95.2,64.34,converged,1,14.21,24.22,1568.181,234.093,0.9695,24.098,30344,2364,43590
vp_599065,standard,dg,90.46,78.21,converged,1,18.29,23.373,1575.961,204.729,0.9705,24.406,30344,2364,43590
vp_599065,standard,sg,94.67,83.08,converged,1,16.057,20.404,1559.123,184.57,0.9843,25.84,30344,2364,43590
vp_599065,standard,sg_c,89.95,73.77,converged,1,17.904,25.37,1562.297,209.086,0.9825,25.912,30344,2364,43590
vp_599065,reduced_compute,baseline,7.79,19.04,failed,0,92.962,5.149,1480.489,617.437,0.9149,19.766,30344,2364,43590
vp_599065,reduced_compute,dg,87.06,89.72,converged,1,22.178,21.913,1587.552,171.068,0.9589,23.278,30344,2364,43590
vp_599065,reduced_compute,sg,97.01,88.16,converged,1,12.667,20.225,1564.538,164.761,0.9791,25.227,30344,2364,43590
vp_599065,reduced_compute,sg_c,92.97,77.16,converged,1,14.965,24.217,1567.42,193.514,0.9824,25.898,30344,2364,43590
vp_599065,missing_low_freq,baseline,7.8,15.19,failed,0,93.04,2.224,1480.225,680.883,0.9105,19.434,30344,2364,43590
vp_599065,missing_low_freq,dg,85.64,76.61,converged,1,24.082,23.857,1585.175,333.061,0.9573,23.21,30344,2364,43590
vp_599065,missing_low_freq,sg,8.38,44.2,failed,0,91.237,10.296,1482.618,432.457,0.9235,20.609,30344,2364,43590
vp_599065,missing_low_freq,sg_c,80.81,72.72,converged,1,24.645,28.958,1558.728,211.867,0.9768,25.525,30344,2364,43590
vp_617748,standard,baseline,33.03,42.07,failed,0,62.774,59.488,1552.041,395.511,0.9274,22.419,31066,3268,45513
vp_617748,standard,dg,90.42,86.75,converged,1,20.592,21.384,1582.046,179.956,0.9694,24.036,31066,3268,45513
vp_617748,standard,sg,96.18,84.15,converged,1,16.686,18.956,1551.39,186.084,0.9852,25.495,31066,3268,45513
vp_617748,standard,sg_c,95.59,79.19,converged,1,13.227,22.145,1560.066,200.227,0.9852,25.599,31066,3268,45513
vp_617748,reduced_compute,baseline,7.37,16.95,failed,0,87.999,0.052,1480.002,674.024,0.9077,19.377,31066,3268,45513
vp_617748,reduced_compute,dg,57.47,45.9,buffer,0,45.656,35.891,1597.635,492.906,0.929,20.937,31066,3268,45513
vp_617748,reduced_compute,sg,98.45,88.8,converged,1,11.483,19.568,1558.816,170.118,0.9773,24.581,31066,3268,45513
vp_617748,reduced_compute,sg_c,92.05,83.81,converged,1,14.705,23.805,1563.23,181.975,0.9814,25.451,31066,3268,45513
vp_617748,missing_low_freq,baseline,7.37,12.45,failed,0,88.0,0.001,1480.0,743.222,0.9033,19.1,31066,3268,45513
vp_617748,missing_low_freq,dg,7.37,11.47,failed,0,87.652,1.5,1480.321,691.718,0.9045,19.004,31066,3268,45513
vp_617748,missing_low_freq,sg,19.09,40.58,failed,0,77.79,33.221,1496.074,495.251,0.9296,20.857,31066,3268,45513
vp_617748,missing_low_freq,sg_c,75.28,86.14,converged,1,30.733,26.076,1541.903,174.921,0.9783,25.416,31066,3268,45513
vp_841349,standard,baseline,7.17,16.37,failed,0,84.097,8.59,1480.901,557.216,0.9208,19.138,31727,3153,46089
vp_841349,standard,dg,91.52,80.37,converged,1,18.812,20.101,1575.459,249.804,0.9558,21.933,31727,3153,46089
vp_841349,standard,sg,97.46,78.37,converged,1,10.965,18.879,1566.162,190.999,0.9795,24.107,31727,3153,46089
vp_841349,standard,sg_c,95.0,76.28,converged,1,14.078,21.33,1556.582,202.898,0.9824,24.44,31727,3153,46089
vp_841349,reduced_compute,baseline,6.91,18.81,failed,0,83.697,5.521,1480.976,692.438,0.9024,18.288,31727,3153,46089
vp_841349,reduced_compute,dg,38.32,27.97,failed,0,49.789,36.908,1595.137,660.308,0.9045,18.434,31727,3153,46089
vp_841349,reduced_compute,sg,94.04,86.87,converged,1,17.836,19.386,1577.167,167.847,0.963,22.571,31727,3153,46089
vp_841349,reduced_compute,sg_c,90.18,82.08,converged,1,16.991,24.269,1560.601,182.897,0.9733,23.839,31727,3153,46089
vp_841349,missing_low_freq,baseline,7.85,13.86,failed,0,83.666,8.427,1481.273,721.194,0.9014,18.271,31727,3153,46089
vp_841349,missing_low_freq,dg,6.78,23.79,failed,0,82.469,5.67,1482.008,746.023,0.9026,17.817,31727,3153,46089
vp_841349,missing_low_freq,sg,6.81,43.04,failed,0,81.764,6.419,1482.644,511.349,0.9168,19.132,31727,3153,46089
vp_841349,missing_low_freq,sg_c,78.03,77.39,converged,1,26.084,27.524,1548.736,198.189,0.9721,24.107,31727,3153,46089
vp_159138,standard,baseline,10.24,27.87,failed,0,87.717,3.702,1481.036,613.079,0.8959,18.461,32511,2957,46845
vp_159138,standard,dg,69.4,50.66,buffer,0,31.781,26.578,1588.98,410.308,0.9297,20.5,32511,2957,46845
vp_159138,standard,sg,92.55,79.4,converged,1,17.287,23.916,1564.788,248.828,0.954,22.454,32511,2957,46845
vp_159138,standard,sg_c,96.08,87.72,converged,1,12.326,23.752,1563.085,168.247,0.9834,25.041,32511,2957,46845
vp_159138,reduced_compute,baseline,10.23,3.99,failed,0,88.544,0.001,1480.0,822.818,0.88,17.366,32511,2957,46845
vp_159138,reduced_compute,dg,62.82,50.83,buffer,0,35.587,30.452,1582.288,529.039,0.9201,19.473,32511,2957,46845
vp_159138,reduced_compute,sg,88.47,65.67,converged,1,29.271,31.688,1577.254,366.39,0.9383,21.148,32511,2957,46845
vp_159138,reduced_compute,sg_c,74.86,91.34,converged,1,37.964,40.231,1551.74,144.649,0.956,23.69,32511,2957,46845
vp_159138,missing_low_freq,baseline,10.31,2.6,failed,0,86.484,9.327,1483.044,861.159,0.8781,17.341,32511,2957,46845
vp_159138,missing_low_freq,dg,10.26,13.49,failed,0,69.335,12.82,1498.916,728.865,0.8924,17.798,32511,2957,46845
vp_159138,missing_low_freq,sg,88.36,58.81,buffer,0,78.019,78.178,1574.981,529.064,0.9126,19.699,32511,2957,46845
vp_159138,missing_low_freq,sg_c,0.0,33.95,failed,0,203.65,106.554,1737.4,473.424,0.8898,17.973,32511,2957,46845
vp_123824,standard,baseline,5.5,19.9,failed,0,90.534,4.467,1480.221,747.782,0.8786,17.284,25966,4939,41284
vp_123824,standard,dg,49.24,59.1,buffer,0,47.673,35.646,1602.993,502.201,0.914,19.799,25966,4939,41284
vp_123824,standard,sg,68.78,81.88,converged,1,30.833,22.116,1595.241,216.804,0.9446,22.154,25966,4939,41284
vp_123824,standard,sg_c,87.39,84.55,converged,1,22.438,23.402,1584.14,196.782,0.9527,22.773,25966,4939,41284
vp_123824,reduced_compute,baseline,5.42,13.85,failed,0,90.595,0.45,1480.023,876.35,0.8675,16.623,25966,4939,41284
vp_123824,reduced_compute,dg,5.42,9.68,failed,0,90.578,0.562,1480.04,916.755,0.8593,16.212,25966,4939,41284
vp_123824,reduced_compute,sg,33.42,56.93,failed,0,57.743,36.546,1616.133,501.387,0.897,19.293,25966,4939,41284
vp_123824,reduced_compute,sg_c,86.21,72.12,converged,1,24.622,27.387,1578.77,312.052,0.9222,20.982,25966,4939,41284
vp_123824,missing_low_freq,baseline,5.42,9.7,failed,0,90.613,0.028,1480.001,938.585,0.8639,16.376,25966,4939,41284
vp_123824,missing_low_freq,dg,5.42,17.76,failed,0,89.867,3.295,1480.8,858.108,0.8667,16.541,25966,4939,41284
vp_123824,missing_low_freq,sg,5.42,16.3,failed,0,89.541,3.741,1481.135,851.516,0.8636,16.672,25966,4939,41284
vp_123824,missing_low_freq,sg_c,88.47,72.26,converged,1,23.848,27.494,1575.547,300.046,0.9255,21.18,25966,4939,41284
vp_116726,standard,baseline,12.09,19.84,failed,0,87.366,1.986,1480.071,535.442,0.9046,18.99,30209,3810,44990
vp_116726,standard,dg,86.44,79.42,converged,1,22.655,27.167,1575.517,261.571,0.9497,22.318,30209,3810,44990
vp_116726,standard,sg,97.53,89.74,converged,1,11.622,22.513,1560.679,155.226,0.9751,24.223,30209,3810,44990
vp_116726,standard,sg_c,97.3,85.62,converged,1,11.495,24.677,1564.341,168.451,0.9803,24.746,30209,3810,44990
vp_116726,reduced_compute,baseline,12.04,16.8,failed,0,87.286,1.351,1480.137,657.719,0.8891,18.386,30209,3810,44990
vp_116726,reduced_compute,dg,60.04,67.51,converged,1,40.151,32.646,1593.95,318.781,0.9177,20.49,30209,3810,44990
vp_116726,reduced_compute,sg,96.84,95.49,converged,1,11.619,22.826,1562.822,136.767,0.9643,23.268,30209,3810,44990
vp_116726,reduced_compute,sg_c,94.05,88.95,converged,1,14.28,26.338,1564.47,159.291,0.9732,24.268,30209,3810,44990
vp_116726,missing_low_freq,baseline,12.04,12.18,failed,0,87.398,0.283,1480.013,701.584,0.887,18.25,30209,3810,44990
vp_116726,missing_low_freq,dg,12.04,22.18,failed,0,85.709,5.1,1481.66,656.79,0.8893,18.247,30209,3810,44990
vp_116726,missing_low_freq,sg,12.05,39.66,failed,0,84.556,7.959,1482.893,513.236,0.8912,18.904,30209,3810,44990
vp_116726,missing_low_freq,sg_c,85.29,92.36,converged,1,22.907,26.531,1547.79,145.379,0.9754,24.569,30209,3810,44990
vp_116524,standard,baseline,9.72,25.88,failed,0,91.229,8.669,1480.937,567.378,0.9058,19.019,30092,3814,44952
vp_116524,standard,dg,90.44,82.93,converged,1,17.262,23.772,1573.49,235.779,0.9515,22.311,30092,3814,44952
vp_116524,standard,sg,95.81,84.19,converged,1,13.974,22.821,1576.017,174.392,0.9806,24.729,30092,3814,44952
vp_116524,standard,sg_c,96.43,86.97,converged,1,12.338,24.357,1568.365,167.335,0.9817,24.801,30092,3814,44952
vp_116524,reduced_compute,baseline,9.42,23.65,failed,0,91.039,3.196,1480.716,688.981,0.8901,18.214,30092,3814,44952
vp_116524,reduced_compute,dg,9.46,16.91,failed,0,85.822,10.681,1485.956,710.882,0.8913,17.944,30092,3814,44952
vp_116524,reduced_compute,sg,90.45,89.93,converged,1,19.611,23.884,1583.592,157.785,0.9675,23.501,30092,3814,44952
vp_116524,reduced_compute,sg_c,94.5,91.85,converged,1,15.044,26.145,1572.613,145.86,0.9721,24.083,30092,3814,44952
vp_116524,missing_low_freq,baseline,9.45,15.47,failed,0,90.479,6.672,1481.417,749.556,0.8877,18.05,30092,3814,44952
vp_116524,missing_low_freq,dg,9.42,15.63,failed,0,87.371,7.932,1484.13,723.499,0.8897,17.825,30092,3814,44952
vp_116524,missing_low_freq,sg,9.57,34.9,failed,0,85.438,11.197,1486.297,591.396,0.8978,18.654,30092,3814,44952
vp_116524,missing_low_freq,sg_c,94.55,90.53,converged,1,14.861,26.042,1569.961,156.037,0.9777,24.632,30092,3814,44952
vp_299760,standard,baseline,83.91,61.16,converged,1,24.65,26.66,1579.58,257.642,0.957,22.196,29703,2750,43137
vp_299760,standard,dg,92.66,89.53,converged,1,16.972,21.811,1571.85,151.299,0.9698,22.985,29703,2750,43137
vp_299760,standard,sg,86.86,80.22,converged,1,21.235,23.959,1577.365,190.887,0.9708,23.651,29703,2750,43137
vp_299760,standard,sg_c,94.83,77.56,converged,1,14.585,25.435,1565.03,200.378,0.9779,24.296,29703,2750,43137
vp_299760,reduced_compute,baseline,10.43,23.64,failed,0,84.424,0.937,1480.041,648.883,0.9114,18.774,29703,2750,43137
vp_299760,reduced_compute,dg,54.24,37.35,buffer,0,48.237,38.235,1597.105,484.055,0.9283,20.015,29703,2750,43137
vp_299760,reduced_compute,sg,80.95,83.82,converged,1,24.623,23.926,1580.864,188.26,0.9603,22.676,29703,2750,43137
vp_299760,reduced_compute,sg_c,93.7,82.51,converged,1,15.612,25.663,1566.455,184.76,0.9703,23.625,29703,2750,43137
vp_299760,missing_low_freq,baseline,10.42,18.18,failed,0,84.447,0.006,1480.0,735.815,0.9071,18.583,29703,2750,43137
vp_299760,missing_low_freq,dg,64.7,62.8,converged,1,35.222,28.649,1588.03,362.693,0.9361,20.752,29703,2750,43137
vp_299760,missing_low_freq,sg,48.8,22.55,failed,0,54.504,49.271,1538.9,659.229,0.9307,20.155,29703,2750,43137
vp_299760,missing_low_freq,sg_c,92.62,83.05,converged,1,16.426,25.892,1567.234,182.374,0.9727,23.918,29703,2750,43137
vp_693461,standard,baseline,5.56,25.48,failed,0,86.286,16.378,1482.817,516.474,0.9166,19.942,30608,3705,45433
vp_693461,standard,dg,91.64,90.45,converged,1,18.494,17.269,1578.429,173.239,0.9629,23.671,30608,3705,45433
vp_693461,standard,sg,96.75,83.89,converged,1,14.45,16.206,1575.816,173.785,0.9851,25.732,30608,3705,45433
vp_693461,standard,sg_c,95.78,89.07,converged,1,12.234,18.311,1564.595,158.974,0.9858,25.951,30608,3705,45433
vp_693461,reduced_compute,baseline,4.53,17.57,failed,0,86.602,3.446,1480.729,660.668,0.9015,18.93,30608,3705,45433
vp_693461,reduced_compute,dg,59.62,50.09,buffer,0,44.852,41.287,1585.158,433.043,0.9182,20.635,30608,3705,45433
vp_693461,reduced_compute,sg,93.38,92.85,converged,1,19.825,16.014,1582.765,141.096,0.9777,24.903,30608,3705,45433
vp_693461,reduced_compute,sg_c,94.04,92.58,converged,1,15.513,20.116,1569.277,141.764,0.9802,25.524,30608,3705,45433
vp_693461,missing_low_freq,baseline,4.53,12.36,failed,0,86.838,3.508,1480.508,712.293,0.8989,18.711,30608,3705,45433
vp_693461,missing_low_freq,dg,4.53,31.23,failed,0,83.167,8.899,1484.212,616.039,0.9014,18.996,30608,3705,45433
vp_693461,missing_low_freq,sg,4.79,40.76,failed,0,85.684,6.786,1481.808,481.958,0.9128,19.889,30608,3705,45433
vp_693461,missing_low_freq,sg_c,84.75,88.42,converged,1,24.134,26.001,1557.894,159.091,0.9774,25.683,30608,3705,45433
vp_567052,standard,baseline,9.52,33.33,failed,0,85.686,19.758,1482.103,735.717,0.9037,18.086,31621,3699,46494
vp_567052,standard,dg,76.79,67.4,converged,1,30.117,30.582,1575.313,510.259,0.9376,20.22,31621,3699,46494
vp_567052,standard,sg,95.59,90.29,converged,1,14.503,20.354,1555.284,154.335,0.9779,24.025,31621,3699,46494
vp_567052,standard,sg_c,94.0,85.27,converged,1,14.906,23.266,1562.753,172.55,0.9788,24.208,31621,3699,46494
vp_567052,reduced_compute,baseline,9.11,22.68,failed,0,85.167,0.126,1480.003,932.824,0.8908,17.097,31621,3699,46494
vp_567052,reduced_compute,dg,9.12,6.43,failed,0,82.047,6.718,1483.159,953.512,0.8836,16.399,31621,3699,46494
vp_567052,reduced_compute,sg,95.03,86.51,converged,1,14.013,21.796,1562.483,184.931,0.9615,22.295,31621,3699,46494
vp_567052,reduced_compute,sg_c,85.9,84.32,converged,1,21.343,27.631,1560.857,190.369,0.9607,23.006,31621,3699,46494
vp_567052,missing_low_freq,baseline,9.11,20.87,failed,0,85.169,0.008,1480.0,961.127,0.8912,17.12,31621,3699,46494
vp_567052,missing_low_freq,dg,9.11,19.19,failed,0,83.952,3.943,1481.2,892.402,0.896,17.085,31621,3699,46494
vp_567052,missing_low_freq,sg,20.1,29.47,failed,0,76.723,29.907,1493.204,762.3,0.9075,18.151,31621,3699,46494
vp_567052,missing_low_freq,sg_c,78.78,88.62,converged,1,25.682,24.709,1544.416,160.58,0.972,23.77,31621,3699,46494
vp_212015,standard,baseline,5.0,17.18,failed,0,90.35,0.296,1480.007,784.407,0.8985,18.032,30588,4599,46253
vp_212015,standard,dg,74.44,43.79,buffer,0,31.494,33.073,1579.953,680.93,0.9145,19.524,30588,4599,46253
vp_212015,standard,sg,95.8,87.91,converged,1,13.917,20.59,1572.146,173.333,0.9732,24.576,30588,4599,46253
vp_212015,standard,sg_c,95.88,90.45,converged,1,13.166,21.461,1567.492,153.846,0.9753,24.831,30588,4599,46253
vp_212015,reduced_compute,baseline,5.0,13.74,failed,0,90.353,0.027,1480.0,880.831,0.8894,17.434,30588,4599,46253
vp_212015,reduced_compute,dg,5.03,0.3,failed,0,80.087,10.18,1490.032,911.368,0.8814,16.498,30588,4599,46253
vp_212015,reduced_compute,sg,93.6,88.61,converged,1,15.399,20.18,1562.417,176.298,0.9601,23.327,30588,4599,46253
vp_212015,reduced_compute,sg_c,77.55,88.15,converged,1,27.34,27.532,1552.975,186.088,0.9562,23.568,30588,4599,46253
vp_212015,missing_low_freq,baseline,5.0,10.18,failed,0,90.354,0.0,1480.0,903.072,0.89,17.395,30588,4599,46253
vp_212015,missing_low_freq,dg,5.0,2.28,failed,0,88.981,2.919,1481.291,920.319,0.8818,16.748,30588,4599,46253
vp_212015,missing_low_freq,sg,65.96,38.64,buffer,0,33.833,36.181,1561.705,594.249,0.941,20.886,30588,4599,46253
vp_212015,missing_low_freq,sg_c,88.17,88.58,converged,1,19.889,25.431,1565.773,173.469,0.9658,24.376,30588,4599,46253
vp_123723,standard,baseline,19.31,41.93,failed,0,77.885,27.631,1490.451,548.212,0.9096,18.779,27782,3694,41991
vp_123723,standard,dg,83.77,77.86,converged,1,22.655,23.485,1576.991,243.358,0.9576,21.739,27782,3694,41991
vp_123723,standard,sg,88.15,91.82,converged,1,20.174,23.41,1575.822,148.105,0.9708,23.204,27782,3694,41991
vp_123723,standard,sg_c,96.72,91.8,converged,1,12.554,23.423,1566.631,148.758,0.9781,23.809,27782,3694,41991
vp_123723,reduced_compute,baseline,12.01,27.42,failed,0,82.301,6.313,1481.439,806.979,0.8861,17.373,27782,3694,41991
vp_123723,reduced_compute,dg,11.89,22.01,failed,0,78.522,12.035,1485.426,807.807,0.8876,17.22,27782,3694,41991
vp_123723,reduced_compute,sg,68.69,86.38,converged,1,28.614,24.974,1584.879,186.805,0.9517,21.679,27782,3694,41991
vp_123723,reduced_compute,sg_c,90.58,89.2,converged,1,18.959,24.45,1574.66,161.214,0.9637,22.52,27782,3694,41991
vp_123723,missing_low_freq,baseline,12.15,22.33,failed,0,82.749,6.937,1481.124,893.756,0.881,17.157,27782,3694,41991
vp_123723,missing_low_freq,dg,11.87,34.03,failed,0,79.575,8.517,1483.965,735.599,0.8928,17.573,27782,3694,41991
vp_123723,missing_low_freq,sg,12.09,31.75,failed,0,78.286,10.396,1485.26,773.593,0.8878,17.514,27782,3694,41991
vp_123723,missing_low_freq,sg_c,93.14,93.96,converged,1,16.385,25.47,1553.628,133.901,0.9685,23.012,27782,3694,41991
vp_200210,standard,baseline,10.66,7.07,failed,0,94.626,68.897,1500.734,705.516,0.8904,18.263,34580,2221,48435
vp_200210,standard,dg,67.63,28.5,failed,0,30.448,30.177,1576.917,646.512,0.9235,19.289,34580,2221,48435
vp_200210,standard,sg,82.25,42.37,buffer,0,35.16,35.674,1566.1,568.159,0.9218,20.016,34580,2221,48435
vp_200210,standard,sg_c,85.88,74.92,converged,1,21.399,26.574,1558.44,226.297,0.9709,23.464,34580,2221,48435
vp_200210,reduced_compute,baseline,8.1,5.36,failed,0,84.697,5.354,1481.111,918.227,0.8895,17.302,34580,2221,48435
vp_200210,reduced_compute,dg,65.8,27.19,failed,0,31.203,31.061,1566.193,603.219,0.9191,19.225,34580,2221,48435
vp_200210,reduced_compute,sg,82.89,30.8,buffer,0,28.915,28.811,1571.285,559.106,0.9217,19.827,34580,2221,48435
vp_200210,reduced_compute,sg_c,71.18,66.59,converged,1,40.181,40.982,1557.159,399.898,0.929,21.24,34580,2221,48435
vp_200210,missing_low_freq,baseline,8.02,3.78,failed,0,83.19,8.792,1483.017,953.893,0.8905,17.256,34580,2221,48435
vp_200210,missing_low_freq,dg,69.17,10.9,failed,0,30.284,27.763,1571.058,839.27,0.8942,17.95,34580,2221,48435
vp_200210,missing_low_freq,sg,80.79,34.22,buffer,0,43.772,43.126,1568.928,634.336,0.9071,19.389,34580,2221,48435
vp_200210,missing_low_freq,sg_c,0.01,33.14,failed,0,275.839,182.391,1768.865,598.395,0.8538,17.151,34580,2221,48435
vp_209329,standard,baseline,91.69,57.49,buffer,0,18.648,26.232,1570.368,309.272,0.9504,22.338,26175,3319,39710
vp_209329,standard,dg,88.74,70.99,converged,1,20.125,24.422,1564.368,388.137,0.9496,22.053,26175,3319,39710
vp_209329,standard,sg,90.3,81.11,converged,1,20.24,21.784,1582.932,208.532,0.9735,24.236,26175,3319,39710
vp_209329,standard,sg_c,95.22,86.35,converged,1,14.717,22.389,1559.1,179.349,0.9799,24.866,26175,3319,39710
vp_209329,reduced_compute,baseline,9.17,13.74,failed,0,89.683,0.0,1480.0,809.664,0.8884,17.97,26175,3319,39710
vp_209329,reduced_compute,dg,70.16,53.39,buffer,0,33.374,30.869,1587.375,552.184,0.9201,20.105,26175,3319,39710
vp_209329,reduced_compute,sg,83.94,76.86,converged,1,25.697,22.794,1588.284,249.673,0.9586,22.963,26175,3319,39710
vp_209329,reduced_compute,sg_c,89.54,78.28,converged,1,21.076,24.539,1581.075,222.306,0.9687,23.933,26175,3319,39710
vp_209329,missing_low_freq,baseline,9.17,9.58,failed,0,89.683,0.0,1480.0,865.758,0.8853,17.75,26175,3319,39710
vp_209329,missing_low_freq,dg,9.17,31.36,failed,0,89.667,0.253,1480.016,705.428,0.8996,18.548,26175,3319,39710
vp_209329,missing_low_freq,sg,9.17,24.5,failed,0,88.654,4.222,1481.062,737.763,0.888,18.244,26175,3319,39710
vp_209329,missing_low_freq,sg_c,93.62,83.13,converged,1,15.805,23.408,1560.947,198.483,0.9724,24.169,26175,3319,39710
vp_119025,standard,baseline,94.23,69.91,converged,1,14.223,19.942,1567.941,249.374,0.9543,23.446,29505,3499,43864
vp_119025,standard,dg,89.02,76.79,converged,1,19.38,22.022,1571.82,231.872,0.9558,23.686,29505,3499,43864
vp_119025,standard,sg,97.95,88.14,converged,1,11.244,18.036,1561.562,166.328,0.974,25.007,29505,3499,43864
vp_119025,standard,sg_c,95.31,84.97,converged,1,13.555,21.626,1563.386,175.18,0.9786,25.548,29505,3499,43864
vp_119025,reduced_compute,baseline,6.14,23.18,failed,0,87.346,0.224,1480.017,622.358,0.9014,19.309,29505,3499,43864
vp_119025,reduced_compute,dg,52.91,60.76,buffer,0,39.212,26.018,1595.542,332.094,0.9237,21.583,29505,3499,43864
vp_119025,reduced_compute,sg,97.35,92.31,converged,1,11.156,17.453,1565.091,151.391,0.9636,24.234,29505,3499,43864
vp_119025,reduced_compute,sg_c,96.31,90.88,converged,1,13.536,20.678,1569.349,155.982,0.9736,25.169,29505,3499,43864
vp_119025,missing_low_freq,baseline,6.14,17.38,failed,0,87.361,0.039,1480.002,666.23,0.8983,19.047,29505,3499,43864
vp_119025,missing_low_freq,dg,62.11,58.79,buffer,0,36.106,24.061,1592.371,413.904,0.9292,21.739,29505,3499,43864
vp_119025,missing_low_freq,sg,6.15,40.7,failed,0,86.401,3.303,1480.927,505.576,0.9058,19.891,29505,3499,43864
vp_119025,missing_low_freq,sg_c,94.0,89.51,converged,1,14.772,21.92,1565.283,162.547,0.9731,25.216,29505,3499,43864
vp_203923,standard,baseline,16.24,19.86,failed,0,85.708,76.525,1538.742,484.637,0.9145,20.734,30029,3314,44193
vp_203923,standard,dg,93.9,80.69,converged,1,15.947,20.48,1572.517,198.622,0.9663,23.09,30029,3314,44193
vp_203923,standard,sg,97.31,88.71,converged,1,11.426,18.387,1561.042,157.41,0.9789,24.309,30029,3314,44193
vp_203923,standard,sg_c,86.36,91.73,converged,1,21.937,20.139,1547.103,144.125,0.9815,24.609,30029,3314,44193
vp_203923,reduced_compute,baseline,6.85,19.43,failed,0,86.035,8.333,1482.004,631.976,0.9009,18.625,30029,3314,44193
vp_203923,reduced_compute,dg,59.9,65.9,buffer,0,36.333,25.693,1595.053,323.631,0.9281,20.746,30029,3314,44193
vp_203923,reduced_compute,sg,97.47,93.84,converged,1,11.215,18.858,1565.954,138.359,0.9676,23.271,30029,3314,44193
vp_203923,reduced_compute,sg_c,95.87,89.23,converged,1,13.857,21.371,1569.578,163.462,0.9773,24.329,30029,3314,44193
vp_203923,missing_low_freq,baseline,7.92,15.36,failed,0,86.439,9.65,1481.793,687.594,0.8979,18.516,30029,3314,44193
vp_203923,missing_low_freq,dg,6.69,26.8,failed,0,83.277,9.09,1484.438,671.457,0.9029,18.375,30029,3314,44193
vp_203923,missing_low_freq,sg,7.3,44.99,failed,0,84.415,9.465,1483.501,463.612,0.9102,19.39,30029,3314,44193
vp_203923,missing_low_freq,sg_c,74.35,91.97,converged,1,28.514,23.822,1543.575,144.87,0.9764,24.5,30029,3314,44193
vp_263436,standard,baseline,99.05,50.37,buffer,0,11.432,17.373,1556.888,272.757,0.9814,24.7,29898,1477,41971
vp_263436,standard,dg,85.67,89.03,converged,1,21.178,18.499,1548.091,158.036,0.9816,25.153,29898,1477,41971
vp_263436,standard,sg,96.61,86.59,converged,1,17.281,16.403,1550.225,166.234,0.9891,26.304,29898,1477,41971
vp_263436,standard,sg_c,87.72,64.73,converged,1,18.97,23.081,1554.879,234.755,0.9843,26.058,29898,1477,41971
vp_263436,reduced_compute,baseline,9.14,28.71,failed,0,83.695,38.707,1493.012,525.225,0.9318,21.03,29898,1477,41971
vp_263436,reduced_compute,dg,96.4,96.14,converged,1,16.744,18.579,1578.417,123.159,0.9729,24.123,29898,1477,41971
vp_263436,reduced_compute,sg,98.34,95.4,converged,1,13.151,16.208,1555.134,128.423,0.9819,25.16,29898,1477,41971
vp_263436,reduced_compute,sg_c,94.17,77.59,converged,1,14.619,21.563,1560.15,201.43,0.9865,26.285,29898,1477,41971
vp_263436,missing_low_freq,baseline,4.74,16.05,failed,0,87.389,2.355,1480.109,620.44,0.9276,20.048,29898,1477,41971
vp_263436,missing_low_freq,dg,97.13,94.72,converged,1,13.093,17.157,1574.291,133.95,0.9746,24.333,29898,1477,41971
vp_263436,missing_low_freq,sg,97.4,92.82,converged,1,15.143,16.045,1552.935,140.152,0.9862,25.871,29898,1477,41971
vp_263436,missing_low_freq,sg_c,59.53,83.28,buffer,0,33.915,24.421,1536.891,179.975,0.9803,25.933,29898,1477,41971
vp_701535,standard,baseline,5.52,38.43,failed,0,93.495,31.732,1485.3,645.583,0.9086,18.485,28202,3755,42351
vp_701535,standard,dg,78.06,67.27,converged,1,27.417,24.339,1586.833,368.46,0.949,21.557,28202,3755,42351
vp_701535,standard,sg,94.05,90.09,converged,1,16.1,20.227,1580.251,160.097,0.9723,23.72,28202,3755,42351
vp_701535,standard,sg_c,95.34,91.9,converged,1,14.61,21.629,1575.091,153.8,0.9742,23.978,28202,3755,42351
vp_701535,reduced_compute,baseline,4.37,26.76,failed,0,92.552,3.358,1480.655,860.568,0.8959,17.338,28202,3755,42351
vp_701535,reduced_compute,dg,4.34,19.87,failed,0,87.689,11.811,1485.936,871.772,0.8925,17.084,28202,3755,42351
vp_701535,reduced_compute,sg,82.55,85.25,converged,1,25.144,21.663,1590.242,222.565,0.9516,21.877,28202,3755,42351
vp_701535,reduced_compute,sg_c,87.95,87.32,converged,1,21.322,24.799,1580.612,193.287,0.957,22.638,28202,3755,42351
vp_701535,missing_low_freq,baseline,4.34,19.76,failed,0,92.83,2.207,1480.269,951.093,0.8904,17.017,28202,3755,42351
vp_701535,missing_low_freq,dg,4.32,38.11,failed,0,89.983,6.609,1483.094,749.609,0.9044,17.838,28202,3755,42351
vp_701535,missing_low_freq,sg,5.49,37.76,failed,0,86.653,13.76,1487.198,698.677,0.9026,18.045,28202,3755,42351
vp_701535,missing_low_freq,sg_c,90.14,88.66,converged,1,19.936,25.028,1576.819,183.196,0.9623,23.14,28202,3755,42351
vp_299154,standard,baseline,92.44,80.0,converged,1,17.079,21.969,1574.697,192.106,0.967,23.768,30251,2630,43862
vp_299154,standard,dg,93.59,85.02,converged,1,15.561,19.808,1569.195,182.937,0.97,23.963,30251,2630,43862
vp_299154,standard,sg,97.63,87.91,converged,1,11.568,17.493,1558.124,162.423,0.9823,25.445,30251,2630,43862
vp_299154,standard,sg_c,93.72,81.75,converged,1,14.336,20.578,1558.95,188.299,0.9842,25.746,30251,2630,43862
vp_299154,reduced_compute,baseline,8.27,19.28,failed,0,84.95,2.259,1480.32,638.999,0.9108,19.52,30251,2630,43862
vp_299154,reduced_compute,dg,70.43,75.55,converged,1,31.646,27.032,1586.121,247.924,0.9416,21.963,30251,2630,43862
vp_299154,reduced_compute,sg,97.95,96.96,converged,1,10.829,18.206,1558.796,124.295,0.9743,24.479,30251,2630,43862
vp_299154,reduced_compute,sg_c,93.08,89.7,converged,1,14.543,20.99,1561.757,161.89,0.9817,25.569,30251,2630,43862
vp_299154,missing_low_freq,baseline,8.27,14.79,failed,0,85.064,2.242,1480.214,680.772,0.9088,19.389,30251,2630,43862
vp_299154,missing_low_freq,dg,58.65,61.18,buffer,0,36.458,24.785,1592.269,431.847,0.9339,21.194,30251,2630,43862
vp_299154,missing_low_freq,sg,14.54,51.56,failed,0,80.048,24.546,1488.602,400.027,0.924,20.773,30251,2630,43862
vp_299154,missing_low_freq,sg_c,80.14,89.35,converged,1,27.593,22.481,1541.875,156.977,0.9794,25.468,30251,2630,43862
vp_175338,standard,baseline,95.06,63.1,converged,1,15.222,22.693,1564.213,260.061,0.9613,22.547,29461,2439,42635
vp_175338,standard,dg,82.6,68.35,converged,1,21.121,23.082,1558.33,258.541,0.9636,22.798,29461,2439,42635
vp_175338,standard,sg,96.19,81.14,converged,1,16.097,19.267,1557.121,187.102,0.9787,24.341,29461,2439,42635
vp_175338,standard,sg_c,93.77,70.03,converged,1,14.692,23.379,1564.536,225.025,0.9816,24.773,29461,2439,42635
vp_175338,reduced_compute,baseline,6.17,16.89,failed,0,91.245,1.252,1480.04,696.287,0.9136,18.927,29461,2439,42635
vp_175338,reduced_compute,dg,88.68,78.35,converged,1,20.423,19.936,1583.5,233.947,0.9564,22.221,29461,2439,42635
vp_175338,reduced_compute,sg,97.64,85.81,converged,1,12.99,18.742,1561.848,172.736,0.9699,23.373,29461,2439,42635
vp_175338,reduced_compute,sg_c,95.55,75.89,converged,1,13.303,22.561,1568.929,203.05,0.9788,24.44,29461,2439,42635
vp_175338,missing_low_freq,baseline,6.17,13.45,failed,0,91.263,0.003,1480.0,759.13,0.9096,18.729,29461,2439,42635
vp_175338,missing_low_freq,dg,6.17,26.24,failed,0,91.217,0.933,1480.06,663.491,0.928,19.557,29461,2439,42635
vp_175338,missing_low_freq,sg,6.5,31.69,failed,0,90.471,6.631,1481.104,502.585,0.9266,19.892,29461,2439,42635
vp_175338,missing_low_freq,sg_c,80.61,72.08,converged,1,23.46,28.412,1559.757,217.767,0.974,24.388,29461,2439,42635
vp_129129,standard,baseline,12.47,21.64,failed,0,85.381,33.068,1491.824,572.867,0.9119,19.084,29387,3581,43730
vp_129129,standard,dg,88.87,64.51,converged,1,21.675,24.226,1579.009,339.416,0.9552,21.891,29387,3581,43730
vp_129129,standard,sg,94.21,81.54,converged,1,14.374,20.684,1577.171,189.949,0.9751,23.835,29387,3581,43730
vp_129129,standard,sg_c,96.93,82.77,converged,1,12.447,22.798,1570.001,187.278,0.9779,24.056,29387,3581,43730
vp_129129,reduced_compute,baseline,7.35,17.62,failed,0,90.497,2.14,1480.292,779.284,0.8926,17.709,29387,3581,43730
vp_129129,reduced_compute,dg,7.5,35.05,failed,0,86.377,12.039,1485.019,626.365,0.9001,18.225,29387,3581,43730
vp_129129,reduced_compute,sg,90.7,84.47,converged,1,19.915,20.738,1584.261,187.865,0.9646,22.853,29387,3581,43730
vp_129129,reduced_compute,sg_c,95.28,84.11,converged,1,14.187,23.18,1572.65,190.814,0.9702,23.425,29387,3581,43730
vp_129129,missing_low_freq,baseline,7.35,14.24,failed,0,90.741,0.526,1480.031,848.988,0.8889,17.542,29387,3581,43730
vp_129129,missing_low_freq,dg,7.35,32.95,failed,0,87.485,8.303,1483.358,746.133,0.9017,17.937,29387,3581,43730
vp_129129,missing_low_freq,sg,7.74,36.0,failed,0,86.909,10.152,1484.151,537.747,0.9026,18.661,29387,3581,43730
vp_129129,missing_low_freq,sg_c,91.23,83.78,converged,1,17.074,25.401,1568.399,182.919,0.9729,23.892,29387,3581,43730
vp_753251,standard,baseline,97.83,64.07,converged,1,11.381,21.091,1559.594,232.247,0.977,23.584,33529,1659,46510
vp_753251,standard,dg,95.57,85.47,converged,1,12.311,19.866,1565.205,188.228,0.9735,23.23,33529,1659,46510
vp_753251,standard,sg,97.39,83.66,converged,1,14.387,18.716,1553.511,173.859,0.9874,25.258,33529,1659,46510
vp_753251,standard,sg_c,88.14,70.71,converged,1,18.591,22.856,1553.354,220.336,0.9857,25.507,33529,1659,46510
vp_753251,reduced_compute,baseline,7.38,17.54,failed,0,87.382,0.0,1480.0,689.137,0.9173,19.177,33529,1659,46510
vp_753251,reduced_compute,dg,87.9,55.76,buffer,0,19.843,23.695,1574.33,351.707,0.9575,21.781,33529,1659,46510
vp_753251,reduced_compute,sg,97.07,80.65,converged,1,13.287,21.526,1557.844,209.755,0.9737,23.534,33529,1659,46510
vp_753251,reduced_compute,sg_c,91.98,71.85,converged,1,15.566,24.742,1563.152,218.686,0.9842,25.202,33529,1659,46510
vp_753251,missing_low_freq,baseline,7.38,15.67,failed,0,87.382,0.0,1480.0,753.987,0.9165,19.199,33529,1659,46510
vp_753251,missing_low_freq,dg,7.38,23.63,failed,0,87.315,0.794,1480.065,699.947,0.9228,18.957,33529,1659,46510
vp_753251,missing_low_freq,sg,86.47,59.37,buffer,0,22.58,25.953,1552.955,343.616,0.9625,23.297,33529,1659,46510
vp_753251,missing_low_freq,sg_c,71.49,77.7,converged,1,31.562,29.421,1544.608,197.644,0.9752,25.129,33529,1659,46510
vp_783462,standard,baseline,9.01,33.34,failed,0,83.856,34.522,1488.719,618.148,0.9037,18.806,31008,3743,45848
vp_783462,standard,dg,84.68,79.0,converged,1,22.928,20.979,1577.6,280.519,0.9545,21.822,31008,3743,45848
vp_783462,standard,sg,96.56,92.25,converged,1,12.462,18.314,1556.225,145.939,0.9808,24.428,31008,3743,45848
vp_783462,standard,sg_c,95.5,84.29,converged,1,15.191,20.595,1569.577,175.164,0.9821,24.628,31008,3743,45848
vp_783462,reduced_compute,baseline,6.46,25.09,failed,0,82.965,6.728,1481.716,796.737,0.8989,17.875,31008,3743,45848
vp_783462,reduced_compute,dg,9.71,7.13,failed,0,74.999,18.672,1491.244,860.22,0.8945,17.434,31008,3743,45848
vp_783462,reduced_compute,sg,96.04,90.09,converged,1,13.339,19.421,1566.358,171.975,0.9642,22.737,31008,3743,45848
vp_783462,reduced_compute,sg_c,91.2,89.07,converged,1,19.691,24.069,1568.769,161.426,0.9696,23.719,31008,3743,45848
vp_783462,missing_low_freq,baseline,6.36,20.63,failed,0,83.588,5.095,1480.947,850.485,0.8963,17.731,31008,3743,45848
vp_783462,missing_low_freq,dg,6.36,17.82,failed,0,79.635,9.672,1484.836,810.686,0.8961,17.564,31008,3743,45848
vp_783462,missing_low_freq,sg,13.01,42.91,failed,0,77.964,30.404,1492.057,652.792,0.9038,18.704,31008,3743,45848
vp_783462,missing_low_freq,sg_c,90.37,86.48,converged,1,19.919,24.417,1566.354,171.009,0.9755,24.318,31008,3743,45848
vp_664757,standard,baseline,87.36,44.38,buffer,0,22.939,22.019,1585.723,324.801,0.9622,22.482,29557,2643,43015
vp_664757,standard,dg,92.27,72.68,converged,1,16.967,21.205,1576.292,223.685,0.9656,22.931,29557,2643,43015
vp_664757,standard,sg,97.5,80.17,converged,1,13.988,19.086,1556.978,187.136,0.9771,23.868,29557,2643,43015
vp_664757,standard,sg_c,97.08,68.94,converged,1,12.413,22.148,1567.114,224.365,0.9824,24.58,29557,2643,43015
vp_664757,reduced_compute,baseline,6.67,20.47,failed,0,88.999,1.043,1480.106,619.081,0.9103,18.824,29557,2643,43015
vp_664757,reduced_compute,dg,82.49,79.42,converged,1,23.973,20.64,1586.775,224.836,0.9496,21.605,29557,2643,43015
vp_664757,reduced_compute,sg,97.91,82.26,converged,1,10.879,18.795,1563.163,181.111,0.9683,23.015,29557,2643,43015
vp_664757,reduced_compute,sg_c,97.1,74.61,converged,1,12.797,21.625,1571.257,206.361,0.9781,24.06,29557,2643,43015
vp_664757,missing_low_freq,baseline,6.67,16.46,failed,0,89.029,1.089,1480.076,672.155,0.9068,18.698,29557,2643,43015
vp_664757,missing_low_freq,dg,83.32,56.98,buffer,0,24.864,24.093,1583.906,403.672,0.9401,20.851,29557,2643,43015
vp_664757,missing_low_freq,sg,6.85,40.56,failed,0,87.874,5.331,1481.327,458.28,0.9174,19.397,29557,2643,43015
vp_664757,missing_low_freq,sg_c,96.38,76.58,converged,1,13.281,22.089,1569.956,198.376,0.9795,24.393,29557,2643,43015
vp_177140,standard,baseline,9.9,18.21,failed,0,87.913,27.449,1488.706,564.462,0.8998,18.876,25417,3713,39307
vp_177140,standard,dg,73.89,85.78,converged,1,28.508,18.386,1595.058,196.073,0.9479,22.043,25417,3713,39307
vp_177140,standard,sg,87.03,85.13,converged,1,23.043,17.864,1590.217,168.186,0.97,23.607,25417,3713,39307
vp_177140,standard,sg_c,94.38,96.04,converged,1,14.119,18.347,1564.772,127.026,0.975,23.974,25417,3713,39307
vp_177140,reduced_compute,baseline,5.91,15.76,failed,0,89.891,13.04,1483.758,730.215,0.879,17.807,25417,3713,39307
vp_177140,reduced_compute,dg,4.33,35.66,failed,0,85.428,16.209,1488.034,614.987,0.8904,18.302,25417,3713,39307
vp_177140,reduced_compute,sg,62.17,90.36,converged,1,31.734,18.978,1598.965,162.743,0.9502,22.321,25417,3713,39307
vp_177140,reduced_compute,sg_c,82.57,92.57,converged,1,25.174,18.495,1592.435,147.158,0.9652,23.316,25417,3713,39307
vp_177140,missing_low_freq,baseline,6.31,10.99,failed,0,90.355,16.791,1484.037,792.75,0.8733,17.608,25417,3713,39307
vp_177140,missing_low_freq,dg,4.3,32.18,failed,0,85.682,14.286,1487.396,628.614,0.8922,18.33,25417,3713,39307
vp_177140,missing_low_freq,sg,4.56,30.78,failed,0,82.468,16.943,1490.905,658.002,0.8822,18.149,25417,3713,39307
vp_177140,missing_low_freq,sg_c,93.45,95.53,converged,1,15.63,19.563,1569.216,131.275,0.9652,23.315,25417,3713,39307
vp_392447,standard,baseline,11.39,37.49,failed,0,86.073,10.738,1481.066,575.396,0.9098,19.06,32782,3089,47351
vp_392447,standard,dg,70.72,49.3,buffer,0,28.984,25.01,1585.211,432.069,0.932,20.372,32782,3089,47351
vp_392447,standard,sg,91.67,83.39,converged,1,17.857,23.378,1550.718,180.129,0.9813,24.679,32782,3089,47351
vp_392447,standard,sg_c,93.98,79.86,converged,1,14.338,25.236,1558.784,192.599,0.9827,24.967,32782,3089,47351
vp_392447,reduced_compute,baseline,11.1,0.71,failed,0,86.26,0.0,1480.0,895.514,0.8876,17.421,32782,3089,47351
vp_392447,reduced_compute,dg,46.24,2.82,failed,0,43.883,33.571,1592.423,755.946,0.8973,18.269,32782,3089,47351
vp_392447,reduced_compute,sg,85.41,26.19,failed,0,25.288,29.856,1573.01,616.409,0.9192,20.006,32782,3089,47351
vp_392447,reduced_compute,sg_c,73.49,81.61,converged,1,33.359,35.856,1546.944,189.829,0.9545,23.694,32782,3089,47351
vp_392447,missing_low_freq,baseline,11.1,0.78,failed,0,86.26,0.0,1480.0,942.905,0.8863,17.4,32782,3089,47351
vp_392447,missing_low_freq,dg,11.1,6.28,failed,0,75.908,10.139,1489.812,829.742,0.8943,17.577,32782,3089,47351
vp_392447,missing_low_freq,sg,84.39,35.55,buffer,0,39.647,41.943,1561.587,724.39,0.9013,19.047,32782,3089,47351
vp_392447,missing_low_freq,sg_c,2.78,43.19,failed,0,148.599,61.318,1698.522,514.91,0.8783,18.592,32782,3089,47351
vp_100307,standard,baseline,53.73,29.86,failed,0,50.357,49.771,1565.243,705.926,0.9319,20.374,27137,3249,40715
vp_100307,standard,dg,82.84,46.63,buffer,0,26.584,28.791,1567.521,513.529,0.9478,21.4,27137,3249,40715
vp_100307,standard,sg,92.23,71.84,converged,1,18.472,20.657,1582.255,244.642,0.9724,24.068,27137,3249,40715
vp_100307,standard,sg_c,89.45,75.38,converged,1,19.112,24.492,1568.432,220.724,0.9741,24.335,27137,3249,40715
vp_100307,reduced_compute,baseline,4.3,13.6,failed,0,93.114,0.119,1480.003,859.404,0.9039,17.924,27137,3249,40715
vp_100307,reduced_compute,dg,52.21,47.06,buffer,0,43.885,45.245,1584.849,632.083,0.9178,19.697,27137,3249,40715
vp_100307,reduced_compute,sg,80.43,59.96,buffer,0,29.027,25.769,1591.969,375.495,0.9572,22.538,27137,3249,40715
vp_100307,reduced_compute,sg_c,88.71,69.47,converged,1,23.348,27.656,1577.236,267.808,0.9643,23.497,27137,3249,40715
vp_100307,missing_low_freq,baseline,4.3,11.54,failed,0,93.116,0.048,1480.001,904.601,0.9002,17.788,27137,3249,40715
vp_100307,missing_low_freq,dg,4.3,24.87,failed,0,93.094,0.393,1480.026,793.55,0.9228,18.699,27137,3249,40715
vp_100307,missing_low_freq,sg,4.3,26.84,failed,0,91.688,4.632,1481.481,775.991,0.9025,18.175,27137,3249,40715
vp_100307,missing_low_freq,sg_c,76.44,73.35,converged,1,29.72,29.419,1555.491,274.183,0.9625,23.46,27137,3249,40715
vp_499566,standard,baseline,93.95,30.89,buffer,0,16.934,18.822,1575.647,343.672,0.9742,23.051,28905,2004,41625
vp_499566,standard,dg,97.1,87.57,converged,1,15.146,16.744,1549.383,175.757,0.979,23.775,28905,2004,41625
vp_499566,standard,sg,98.41,69.31,converged,1,9.549,17.163,1565.996,222.97,0.9858,25.095,28905,2004,41625
vp_499566,standard,sg_c,96.88,60.43,converged,1,12.268,19.571,1557.631,248.941,0.9869,25.273,28905,2004,41625
vp_499566,reduced_compute,baseline,5.8,19.91,failed,0,83.039,6.608,1480.703,594.737,0.9223,19.159,28905,2004,41625
vp_499566,reduced_compute,dg,92.42,87.23,converged,1,20.094,17.579,1579.224,182.206,0.9663,22.576,28905,2004,41625
vp_499566,reduced_compute,sg,97.68,75.9,converged,1,12.772,16.798,1571.705,214.025,0.9788,24.049,28905,2004,41625
vp_499566,reduced_compute,sg_c,98.28,69.81,converged,1,10.358,18.725,1561.966,227.604,0.9854,24.935,28905,2004,41625
vp_499566,missing_low_freq,baseline,5.71,14.62,failed,0,83.02,2.543,1480.403,693.003,0.9155,18.863,28905,2004,41625
vp_499566,missing_low_freq,dg,98.04,81.84,converged,1,10.419,17.174,1562.619,207.783,0.9636,22.262,28905,2004,41625
vp_499566,missing_low_freq,sg,6.6,31.49,failed,0,81.725,9.464,1482.168,493.829,0.9329,19.863,28905,2004,41625
vp_499566,missing_low_freq,sg_c,87.27,63.87,converged,1,19.151,23.521,1554.632,239.847,0.9829,25.19,28905,2004,41625
vp_207628,standard,baseline,10.0,29.85,failed,0,80.987,32.263,1490.144,510.435,0.924,19.492,31730,2888,45910
vp_207628,standard,dg,95.86,86.08,converged,1,15.552,17.964,1573.306,172.497,0.966,22.324,31730,2888,45910
vp_207628,standard,sg,97.62,72.02,converged,1,11.466,17.906,1565.835,211.897,0.9821,24.294,31730,2888,45910
vp_207628,standard,sg_c,94.82,66.59,converged,1,13.362,20.091,1559.46,225.539,0.9828,24.343,31730,2888,45910
vp_207628,reduced_compute,baseline,5.12,24.83,failed,0,84.49,1.772,1480.315,673.912,0.9093,18.322,31730,2888,45910
vp_207628,reduced_compute,dg,74.83,40.34,buffer,0,33.127,31.042,1579.533,506.663,0.9267,19.57,31730,2888,45910
vp_207628,reduced_compute,sg,95.07,77.49,converged,1,16.004,18.316,1574.477,196.055,0.9667,22.621,31730,2888,45910
vp_207628,reduced_compute,sg_c,95.9,76.11,converged,1,12.934,20.267,1564.072,197.943,0.9759,23.573,31730,2888,45910
vp_207628,missing_low_freq,baseline,5.12,21.33,failed,0,84.729,0.485,1480.048,707.769,0.9086,18.351,31730,2888,45910
vp_207628,missing_low_freq,dg,5.12,17.52,failed,0,81.314,7.243,1483.439,700.843,0.9062,17.854,31730,2888,45910
vp_207628,missing_low_freq,sg,12.79,39.61,failed,0,77.939,27.815,1491.136,536.516,0.9237,19.373,31730,2888,45910
vp_207628,missing_low_freq,sg_c,92.11,71.92,converged,1,15.948,21.74,1560.331,210.373,0.9794,24.182,31730,2888,45910
vp_680250,standard,baseline,92.98,78.69,converged,1,15.52,22.873,1570.675,208.387,0.956,23.474,27157,3586,41204
vp_680250,standard,dg,95.58,87.53,converged,1,13.754,19.37,1563.766,197.585,0.9617,23.776,27157,3586,41204
vp_680250,standard,sg,90.76,89.01,converged,1,19.652,20.181,1582.891,159.429,0.972,24.795,27157,3586,41204
vp_680250,standard,sg_c,97.31,95.4,converged,1,12.913,20.871,1557.602,134.669,0.9823,25.731,27157,3586,41204
vp_680250,reduced_compute,baseline,7.45,21.72,failed,0,88.727,1.094,1480.124,659.769,0.8933,18.986,27157,3586,41204
vp_680250,reduced_compute,dg,76.93,83.16,converged,1,27.449,21.107,1589.146,201.003,0.948,22.905,27157,3586,41204
vp_680250,reduced_compute,sg,83.39,92.58,converged,1,24.266,20.484,1587.423,148.251,0.9623,24.063,27157,3586,41204
vp_680250,reduced_compute,sg_c,94.09,93.73,converged,1,18.204,21.478,1580.976,146.901,0.9769,25.271,27157,3586,41204
vp_680250,missing_low_freq,baseline,7.45,16.45,failed,0,88.81,0.61,1480.031,721.328,0.8896,18.664,27157,3586,41204
vp_680250,missing_low_freq,dg,81.11,60.79,converged,1,30.268,28.46,1581.055,459.941,0.9256,21.232,27157,3586,41204
vp_680250,missing_low_freq,sg,7.45,42.08,failed,0,87.11,5.212,1481.665,528.728,0.8989,19.647,27157,3586,41204
vp_680250,missing_low_freq,sg_c,96.45,95.68,converged,1,13.201,20.988,1558.547,130.463,0.9793,25.508,27157,3586,41204
vp_397760,standard,baseline,35.39,55.36,failed,0,71.384,66.064,1545.727,727.381,0.91,19.271,29632,3069,43427
vp_397760,standard,dg,77.29,51.55,buffer,0,33.487,37.069,1567.523,644.09,0.9429,19.814,29632,3069,43427
vp_397760,standard,sg,89.11,81.82,converged,1,19.761,24.692,1572.651,205.844,0.9709,22.977,29632,3069,43427
vp_397760,standard,sg_c,90.65,83.68,converged,1,17.644,25.741,1566.26,177.247,0.9763,23.606,29632,3069,43427
vp_397760,reduced_compute,baseline,11.62,22.45,failed,0,83.725,0.0,1480.0,1043.572,0.8931,16.728,29632,3069,43427
vp_397760,reduced_compute,dg,45.3,23.0,failed,0,46.827,41.812,1586.426,771.546,0.9068,18.004,29632,3069,43427
vp_397760,reduced_compute,sg,91.97,75.14,converged,1,17.188,25.853,1565.361,292.989,0.9543,21.187,29632,3069,43427
vp_397760,reduced_compute,sg_c,82.71,78.27,converged,1,23.628,28.781,1571.516,254.626,0.9623,22.331,29632,3069,43427
vp_397760,missing_low_freq,baseline,11.62,19.29,failed,0,83.725,0.0,1480.0,1094.047,0.8917,16.654,29632,3069,43427
vp_397760,missing_low_freq,dg,11.62,2.09,failed,0,83.723,0.069,1480.002,1103.592,0.887,15.983,29632,3069,43427
vp_397760,missing_low_freq,sg,83.09,77.61,converged,1,24.489,25.454,1578.025,285.982,0.9598,21.883,29632,3069,43427
vp_397760,missing_low_freq,sg_c,84.86,80.42,converged,1,21.855,28.323,1566.267,225.329,0.9672,22.813,29632,3069,43427
vp_127630,standard,baseline,8.26,35.26,failed,0,89.99,11.115,1481.942,596.335,0.9053,18.239,25542,3528,39213
vp_127630,standard,dg,80.17,71.32,converged,1,26.946,22.487,1589.041,334.139,0.9477,21.078,25542,3528,39213
vp_127630,standard,sg,81.14,80.67,converged,1,25.538,21.268,1589.959,198.326,0.9616,22.399,25542,3528,39213
vp_127630,standard,sg_c,94.81,84.64,converged,1,13.712,22.003,1566.598,179.562,0.9688,22.874,25542,3528,39213
vp_127630,reduced_compute,baseline,8.08,25.96,failed,0,89.846,8.288,1481.811,832.205,0.8813,16.998,25542,3528,39213
vp_127630,reduced_compute,dg,7.68,19.53,failed,0,86.207,14.018,1485.781,853.522,0.8839,16.888,25542,3528,39213
vp_127630,reduced_compute,sg,53.68,76.73,buffer,0,35.424,22.67,1599.801,265.113,0.9373,20.815,25542,3528,39213
vp_127630,reduced_compute,sg_c,80.1,76.62,converged,1,27.018,23.719,1590.252,227.369,0.9551,21.966,25542,3528,39213
vp_127630,missing_low_freq,baseline,7.43,18.31,failed,0,90.957,2.026,1480.292,924.631,0.8766,16.716,25542,3528,39213
vp_127630,missing_low_freq,dg,7.43,41.87,failed,0,87.322,8.688,1483.945,691.477,0.8967,17.686,25542,3528,39213
vp_127630,missing_low_freq,sg,7.47,20.04,failed,0,81.607,15.958,1490.288,859.944,0.8773,16.884,25542,3528,39213
vp_127630,missing_low_freq,sg_c,93.35,80.22,converged,1,15.666,22.712,1569.899,216.881,0.957,22.058,25542,3528,39213
vp_146836,standard,baseline,12.38,14.63,failed,0,80.367,9.781,1484.462,647.528,0.8755,17.919,31238,4381,46879
vp_146836,standard,dg,46.48,39.35,buffer,0,43.834,33.904,1590.67,555.258,0.8939,18.758,31238,4381,46879
vp_146836,standard,sg,84.9,56.01,buffer,0,53.319,54.881,1567.015,460.977,0.8942,19.707,31238,4381,46879
vp_146836,standard,sg_c,94.61,92.1,converged,1,14.027,23.866,1562.774,152.002,0.969,24.02,31238,4381,46879
vp_146836,reduced_compute,baseline,12.42,6.85,failed,0,80.271,10.576,1485.073,777.506,0.8642,17.12,31238,4381,46879
vp_146836,reduced_compute,dg,22.76,34.08,failed,0,60.746,48.867,1531.012,571.8,0.8758,18.177,31238,4381,46879
vp_146836,reduced_compute,sg,80.64,50.13,buffer,0,39.121,38.009,1579.957,456.31,0.8997,19.796,31238,4381,46879
vp_146836,reduced_compute,sg_c,82.59,92.49,converged,1,34.913,38.613,1562.43,150.302,0.9343,22.403,31238,4381,46879
vp_146836,missing_low_freq,baseline,16.26,4.72,failed,0,73.438,21.761,1494.256,809.506,0.8646,17.102,31238,4381,46879
vp_146836,missing_low_freq,dg,13.09,18.01,failed,0,63.259,14.219,1501.06,704.923,0.8742,17.395,31238,4381,46879
vp_146836,missing_low_freq,sg,83.94,47.0,buffer,0,71.092,69.626,1580.178,553.912,0.8781,18.757,31238,4381,46879
vp_146836,missing_low_freq,sg_c,0.0,25.54,failed,0,201.038,92.319,1737.778,477.052,0.8648,17.683,31238,4381,46879
vp_255740,standard,baseline,89.67,64.94,converged,1,21.087,23.447,1586.578,275.79,0.9747,23.984,26416,1971,38559
vp_255740,standard,dg,91.09,79.96,converged,1,19.55,22.291,1581.406,194.84,0.9675,23.675,26416,1971,38559
vp_255740,standard,sg,91.21,74.84,converged,1,19.732,21.027,1585.001,209.226,0.9752,24.449,26416,1971,38559
vp_255740,standard,sg_c,95.54,74.12,converged,1,13.92,24.502,1569.329,211.514,0.984,25.604,26416,1971,38559
vp_255740,reduced_compute,baseline,7.8,17.1,failed,0,91.396,0.583,1480.011,617.718,0.912,19.388,26416,1971,38559
vp_255740,reduced_compute,dg,82.7,82.29,converged,1,24.737,22.89,1588.491,213.854,0.9503,22.394,26416,1971,38559
vp_255740,reduced_compute,sg,87.85,80.97,converged,1,22.38,21.054,1587.766,189.696,0.9661,23.57,26416,1971,38559
vp_255740,reduced_compute,sg_c,96.64,78.13,converged,1,14.254,22.984,1576.246,194.97,0.982,25.304,26416,1971,38559
vp_255740,missing_low_freq,baseline,7.8,12.02,failed,0,91.405,0.012,1480.0,693.334,0.9049,18.993,26416,1971,38559
vp_255740,missing_low_freq,dg,89.99,69.66,converged,1,19.798,24.498,1571.262,304.983,0.9484,22.276,26416,1971,38559
vp_255740,missing_low_freq,sg,7.81,44.29,failed,0,91.094,2.844,1480.391,479.777,0.9085,19.572,26416,1971,38559
vp_255740,missing_low_freq,sg_c,86.65,88.48,converged,1,20.44,23.175,1552.633,164.201,0.9824,25.447,26416,1971,38559
vp_877269,standard,baseline,69.38,58.54,buffer,0,30.883,23.554,1588.864,304.533,0.9414,20.936,23588,2945,36257
vp_877269,standard,dg,87.89,74.67,converged,1,21.47,19.788,1579.599,248.609,0.9537,21.507,23588,2945,36257
vp_877269,standard,sg,66.91,81.46,converged,1,29.104,19.757,1589.254,189.975,0.9573,21.932,23588,2945,36257
vp_877269,standard,sg_c,98.78,88.62,converged,1,9.711,18.834,1562.171,157.128,0.9731,23.026,23588,2945,36257
vp_877269,reduced_compute,baseline,7.07,26.11,failed,0,84.793,1.094,1480.082,770.851,0.8794,17.243,23588,2945,36257
vp_877269,reduced_compute,dg,14.6,24.01,failed,0,70.936,42.92,1621.934,717.189,0.876,17.505,23588,2945,36257
vp_877269,reduced_compute,sg,44.28,71.61,buffer,0,39.773,23.07,1598.576,294.455,0.9233,20.015,23588,2945,36257
vp_877269,reduced_compute,sg_c,72.5,81.9,converged,1,27.496,20.011,1587.451,199.064,0.9538,21.832,23588,2945,36257
vp_877269,missing_low_freq,baseline,7.07,16.64,failed,0,84.865,0.114,1480.006,872.119,0.8755,16.988,23588,2945,36257
vp_877269,missing_low_freq,dg,7.07,29.37,failed,0,83.859,3.321,1480.964,737.616,0.8806,17.163,23588,2945,36257
vp_877269,missing_low_freq,sg,7.11,17.08,failed,0,80.461,9.393,1484.486,842.792,0.8706,16.817,23588,2945,36257
vp_877269,missing_low_freq,sg_c,74.25,83.12,converged,1,26.715,20.073,1586.743,184.113,0.9606,22.246,23588,2945,36257
vp_135730,standard,baseline,92.12,67.28,converged,1,17.616,22.72,1583.603,271.496,0.9651,24.176,30686,3545,45457
vp_135730,standard,dg,85.22,71.37,converged,1,21.137,23.309,1560.626,318.759,0.948,23.324,30686,3545,45457
vp_135730,standard,sg,89.08,63.78,converged,1,17.982,22.168,1559.488,335.047,0.9606,24.222,30686,3545,45457
vp_135730,standard,sg_c,87.15,59.8,buffer,0,19.021,26.707,1567.916,330.98,0.9635,24.524,30686,3545,45457
vp_135730,reduced_compute,baseline,8.37,39.1,failed,0,93.67,0.709,1480.089,591.751,0.9049,19.824,30686,3545,45457
vp_135730,reduced_compute,dg,82.14,69.62,converged,1,25.028,21.229,1590.545,305.864,0.9411,22.584,30686,3545,45457
vp_135730,reduced_compute,sg,96.89,81.86,converged,1,12.658,20.209,1565.494,256.478,0.9647,24.327,30686,3545,45457
vp_135730,reduced_compute,sg_c,90.13,70.92,converged,1,17.655,25.802,1571.91,278.201,0.9684,24.938,30686,3545,45457
vp_135730,missing_low_freq,baseline,8.37,34.5,failed,0,93.743,0.263,1480.017,623.642,0.9034,19.635,30686,3545,45457
vp_135730,missing_low_freq,dg,8.37,51.65,failed,0,93.607,1.152,1480.142,531.237,0.9111,20.211,30686,3545,45457
vp_135730,missing_low_freq,sg,94.44,69.99,converged,1,15.014,20.765,1564.052,301.221,0.958,24.126,30686,3545,45457
vp_135730,missing_low_freq,sg_c,69.84,59.07,buffer,0,32.35,28.386,1546.5,353.565,0.9562,24.074,30686,3545,45457
vp_558960,standard,baseline,34.56,32.87,failed,0,64.94,58.899,1550.804,716.071,0.9137,19.529,28320,3593,42402
vp_558960,standard,dg,81.6,57.0,buffer,0,27.193,30.305,1561.457,553.531,0.9419,20.545,28320,3593,42402
vp_558960,standard,sg,89.84,64.79,converged,1,18.702,21.953,1556.829,400.576,0.9568,22.056,28320,3593,42402
vp_558960,standard,sg_c,90.36,65.04,converged,1,19.228,24.675,1567.194,284.301,0.9661,22.935,28320,3593,42402
vp_558960,reduced_compute,baseline,6.04,25.86,failed,0,86.091,0.003,1480.0,876.233,0.894,17.313,28320,3593,42402
vp_558960,reduced_compute,dg,40.59,51.29,buffer,0,44.442,32.028,1598.06,602.766,0.9215,19.374,28320,3593,42402
vp_558960,reduced_compute,sg,86.37,61.09,converged,1,24.358,22.77,1580.382,416.274,0.9474,21.403,28320,3593,42402
vp_558960,reduced_compute,sg_c,88.4,61.48,converged,1,22.777,26.082,1572.644,360.457,0.9527,21.942,28320,3593,42402
vp_558960,missing_low_freq,baseline,6.04,20.76,failed,0,86.091,0.0,1480.0,938.729,0.89,17.176,28320,3593,42402
vp_558960,missing_low_freq,dg,6.04,31.92,failed,0,86.071,0.382,1480.02,789.127,0.9093,17.84,28320,3593,42402
vp_558960,missing_low_freq,sg,6.15,32.12,failed,0,85.443,4.3,1480.75,746.078,0.9015,17.905,28320,3593,42402
vp_558960,missing_low_freq,sg_c,83.34,66.27,converged,1,23.864,26.219,1553.78,400.24,0.9508,21.819,28320,3593,42402
vp_180230,standard,baseline,96.95,47.21,buffer,0,11.868,21.037,1558.489,307.798,0.9707,22.535,29841,1972,42449
vp_180230,standard,dg,83.43,65.11,converged,1,22.785,23.142,1547.079,268.314,0.9685,22.727,29841,1972,42449
vp_180230,standard,sg,97.69,75.25,converged,1,14.298,19.473,1551.997,209.246,0.9809,24.077,29841,1972,42449
vp_180230,standard,sg_c,81.42,70.28,converged,1,24.039,22.612,1541.719,221.56,0.9842,24.585,29841,1972,42449
vp_180230,reduced_compute,baseline,7.96,22.72,failed,0,84.449,1.588,1480.058,617.019,0.9192,18.992,29841,1972,42449
vp_180230,reduced_compute,dg,80.4,69.78,converged,1,26.657,22.444,1583.222,321.994,0.9461,21.009,29841,1972,42449
vp_180230,reduced_compute,sg,97.39,76.47,converged,1,11.42,19.321,1558.665,209.118,0.9699,22.774,29841,1972,42449
vp_180230,reduced_compute,sg_c,95.46,63.29,converged,1,13.14,22.644,1561.966,242.276,0.9817,24.232,29841,1972,42449
vp_180230,missing_low_freq,baseline,7.92,16.43,failed,0,84.48,0.065,1480.001,688.314,0.9142,18.815,29841,1972,42449
vp_180230,missing_low_freq,dg,80.13,66.08,converged,1,28.619,25.122,1583.04,373.584,0.9466,21.02,29841,1972,42449
vp_180230,missing_low_freq,sg,93.76,71.15,converged,1,15.058,19.468,1571.874,226.854,0.9731,23.282,29841,1972,42449
vp_180230,missing_low_freq,sg_c,66.68,69.17,converged,1,34.671,28.055,1534.565,228.305,0.9734,24.051,29841,1972,42449
vp_268850,standard,baseline,97.05,68.93,converged,1,10.945,20.422,1565.749,234.471,0.9747,23.107,28931,1793,40882
vp_268850,standard,dg,91.17,81.65,converged,1,17.099,19.153,1555.398,203.695,0.9703,22.785,28931,1793,40882
vp_268850,standard,sg,97.57,86.17,converged,1,12.875,18.723,1558.818,173.163,0.9817,24.316,28931,1793,40882
vp_268850,standard,sg_c,93.02,72.28,converged,1,15.365,22.672,1566.013,221.471,0.9838,24.942,28931,1793,40882
vp_268850,reduced_compute,baseline,9.11,21.14,failed,0,100.339,74.004,1502.009,718.475,0.9132,19.249,28931,1793,40882
vp_268850,reduced_compute,dg,85.95,77.36,converged,1,21.496,20.755,1581.869,255.018,0.9572,21.64,28931,1793,40882
vp_268850,reduced_compute,sg,97.54,85.67,converged,1,11.485,18.806,1563.396,172.885,0.9737,23.271,28931,1793,40882
vp_268850,reduced_compute,sg_c,94.33,76.3,converged,1,16.216,22.149,1572.883,205.562,0.981,24.403,28931,1793,40882
vp_268850,missing_low_freq,baseline,5.79,15.17,failed,0,87.558,0.376,1480.011,822.476,0.9171,18.56,28931,1793,40882
vp_268850,missing_low_freq,dg,79.63,69.72,converged,1,26.614,23.071,1583.415,387.306,0.95,21.284,28931,1793,40882
vp_268850,missing_low_freq,sg,90.69,77.24,converged,1,18.669,19.656,1579.387,202.951,0.9745,23.572,28931,1793,40882
vp_268850,missing_low_freq,sg_c,83.04,87.62,converged,1,22.9,22.071,1548.274,161.766,0.9811,24.554,28931,1793,40882
vp_377451,standard,baseline,81.39,47.38,buffer,0,27.998,26.831,1580.343,347.132,0.9482,21.459,28911,3037,42592
vp_377451,standard,dg,87.46,60.29,converged,1,20.501,25.065,1556.022,359.775,0.9533,21.621,28911,3037,42592
vp_377451,standard,sg,87.77,74.98,converged,1,20.95,21.918,1574.765,222.595,0.9709,23.371,28911,3037,42592
vp_377451,standard,sg_c,92.45,76.85,converged,1,16.869,24.472,1560.74,207.181,0.9757,23.985,28911,3037,42592
vp_377451,reduced_compute,baseline,10.14,15.77,failed,0,82.266,0.024,1480.001,829.086,0.8958,17.753,28911,3037,42592
vp_377451,reduced_compute,dg,35.0,50.61,failed,0,52.412,40.022,1597.283,583.76,0.9145,19.328,28911,3037,42592
vp_377451,reduced_compute,sg,80.74,75.07,converged,1,26.529,22.572,1581.331,244.459,0.9567,22.164,28911,3037,42592
vp_377451,reduced_compute,sg_c,88.87,75.63,converged,1,20.186,26.083,1567.192,230.33,0.9651,23.069,28911,3037,42592
vp_377451,missing_low_freq,baseline,10.14,11.29,failed,0,82.267,0.003,1480.0,886.796,0.8934,17.605,28911,3037,42592
vp_377451,missing_low_freq,dg,40.24,29.7,failed,0,54.848,46.49,1543.428,752.636,0.9098,18.723,28911,3037,42592
vp_377451,missing_low_freq,sg,18.98,37.31,failed,0,75.061,34.321,1494.149,651.564,0.9044,18.673,28911,3037,42592
vp_377451,missing_low_freq,sg_c,84.33,75.83,converged,1,23.288,28.852,1559.765,222.477,0.9659,23.404,28911,3037,42592
vp_414229,standard,baseline,12.3,40.97,failed,0,99.157,79.113,1515.6,431.838,0.8999,19.64,30112,2802,43817
vp_414229,standard,dg,89.78,72.06,converged,1,19.468,22.464,1577.184,224.568,0.9687,22.618,30112,2802,43817
vp_414229,standard,sg,96.59,83.01,converged,1,12.722,19.668,1562.096,188.38,0.9816,24.267,30112,2802,43817
vp_414229,standard,sg_c,95.8,73.84,converged,1,13.134,22.776,1566.004,216.347,0.9843,24.566,30112,2802,43817
vp_414229,reduced_compute,baseline,8.7,27.55,failed,0,89.79,4.533,1480.813,680.512,0.9,18.148,30112,2802,43817
vp_414229,reduced_compute,dg,73.25,42.01,buffer,0,30.792,32.253,1580.517,440.128,0.9277,19.866,30112,2802,43817
vp_414229,reduced_compute,sg,96.66,81.87,converged,1,12.057,20.125,1567.253,186.157,0.9679,22.741,30112,2802,43817
vp_414229,reduced_compute,sg_c,96.04,76.91,converged,1,13.006,22.499,1570.108,201.452,0.9784,23.817,30112,2802,43817
vp_414229,missing_low_freq,baseline,8.71,23.98,failed,0,90.071,3.246,1480.401,734.982,0.8975,18.042,30112,2802,43817
vp_414229,missing_low_freq,dg,8.68,21.59,failed,0,87.363,7.222,1483.103,718.178,0.8999,17.718,30112,2802,43817
vp_414229,missing_low_freq,sg,17.82,43.5,failed,0,80.988,32.765,1494.877,504.703,0.9135,19.151,30112,2802,43817
vp_414229,missing_low_freq,sg_c,82.91,83.58,converged,1,24.34,24.008,1550.0,179.434,0.9791,24.318,30112,2802,43817
vp_117324,standard,baseline,80.34,41.18,buffer,0,28.329,24.794,1591.529,306.912,0.9605,22.521,28190,2669,41450
vp_117324,standard,dg,89.49,77.18,converged,1,20.166,21.51,1581.178,227.84,0.9668,23.071,28190,2669,41450
vp_117324,standard,sg,95.58,81.45,converged,1,13.327,20.333,1563.487,185.777,0.9809,24.545,28190,2669,41450
vp_117324,standard,sg_c,93.52,69.28,converged,1,16.412,23.957,1575.384,233.208,0.9827,24.752,28190,2669,41450
vp_117324,reduced_compute,baseline,8.17,19.33,failed,0,91.331,5.426,1480.748,677.779,0.905,18.654,28190,2669,41450
vp_117324,reduced_compute,dg,76.25,74.26,converged,1,28.251,22.119,1590.807,279.776,0.9473,21.62,28190,2669,41450
vp_117324,reduced_compute,sg,95.48,85.09,converged,1,12.652,20.102,1568.615,173.888,0.9713,23.478,28190,2669,41450
vp_117324,reduced_compute,sg_c,92.53,75.61,converged,1,18.191,22.695,1580.33,208.598,0.9789,24.321,28190,2669,41450
vp_117324,missing_low_freq,baseline,8.18,13.3,failed,0,91.758,0.652,1480.054,752.384,0.9009,18.449,28190,2669,41450
vp_117324,missing_low_freq,dg,8.28,37.17,failed,0,89.709,6.506,1482.205,565.527,0.916,19.218,28190,2669,41450
vp_117324,missing_low_freq,sg,12.03,38.82,failed,0,85.651,21.254,1488.308,543.599,0.911,19.377,28190,2669,41450
vp_117324,missing_low_freq,sg_c,90.44,84.0,converged,1,18.666,22.761,1558.095,174.717,0.9791,24.521,28190,2669,41450
vp_195041,standard,baseline,17.71,42.14,failed,0,85.575,59.326,1510.982,610.071,0.8949,18.704,26595,3448,40450
vp_195041,standard,dg,83.28,77.41,converged,1,24.071,21.822,1587.212,256.374,0.9493,21.172,26595,3448,40450
vp_195041,standard,sg,84.09,89.1,converged,1,23.445,22.98,1587.814,163.15,0.9718,23.11,26595,3448,40450
vp_195041,standard,sg_c,89.26,86.66,converged,1,21.112,24.897,1583.839,168.408,0.9743,23.321,26595,3448,40450
vp_195041,reduced_compute,baseline,8.61,25.41,failed,0,90.84,0.051,1480.001,861.547,0.8807,16.948,26595,3448,40450
vp_195041,reduced_compute,dg,8.61,23.55,failed,0,90.195,3.015,1480.635,826.674,0.8785,16.809,26595,3448,40450
vp_195041,reduced_compute,sg,61.87,81.73,converged,1,34.269,24.556,1598.198,221.811,0.9428,20.984,26595,3448,40450
vp_195041,reduced_compute,sg_c,79.5,85.09,converged,1,25.565,25.098,1588.787,187.217,0.9583,22.186,26595,3448,40450
vp_195041,missing_low_freq,baseline,8.61,21.0,failed,0,90.841,0.01,1480.0,932.453,0.8782,16.811,26595,3448,40450
vp_195041,missing_low_freq,dg,8.61,31.58,failed,0,90.588,1.456,1480.257,797.536,0.8787,16.919,26595,3448,40450
vp_195041,missing_low_freq,sg,8.61,28.65,failed,0,88.275,6.771,1482.554,799.707,0.8789,17.071,26595,3448,40450
vp_195041,missing_low_freq,sg_c,93.53,89.85,converged,1,14.986,24.659,1570.054,152.27,0.9655,22.576,26595,3448,40450
vp_115219,standard,baseline,89.12,58.47,buffer,0,22.011,21.447,1587.508,260.15,0.9661,23.631,27972,2427,40952
vp_115219,standard,dg,94.48,85.13,converged,1,16.503,19.415,1579.386,172.975,0.9707,24.131,27972,2427,40952
vp_115219,standard,sg,96.17,76.93,converged,1,13.393,18.754,1577.568,194.092,0.9781,24.929,27972,2427,40952
vp_115219,standard,sg_c,95.38,70.54,converged,1,13.581,21.748,1567.885,216.515,0.9817,25.273,27972,2427,40952
vp_115219,reduced_compute,baseline,5.26,20.93,failed,0,91.162,4.562,1480.969,627.907,0.9101,19.425,27972,2427,40952
vp_115219,reduced_compute,dg,87.29,83.52,converged,1,21.22,19.445,1586.068,207.604,0.9558,22.727,27972,2427,40952
vp_115219,reduced_compute,sg,92.75,86.24,converged,1,17.352,18.874,1583.061,174.756,0.9687,24.08,27972,2427,40952
vp_115219,reduced_compute,sg_c,96.17,80.47,converged,1,13.309,20.838,1574.0,186.794,0.9783,24.982,27972,2427,40952
vp_115219,missing_low_freq,baseline,5.27,15.2,failed,0,91.599,3.763,1480.516,699.652,0.9052,19.169,27972,2427,40952
vp_115219,missing_low_freq,dg,79.48,79.11,converged,1,25.808,19.804,1589.24,280.548,0.9476,22.425,27972,2427,40952
vp_115219,missing_low_freq,sg,5.37,32.63,failed,0,88.007,9.447,1484.185,563.954,0.9149,19.821,27972,2427,40952
vp_115219,missing_low_freq,sg_c,95.05,75.11,converged,1,14.085,21.779,1570.965,199.484,0.98,25.235,27972,2427,40952
vp_127226,standard,baseline,12.12,20.97,failed,0,84.841,3.196,1480.822,726.373,0.8699,17.645,32267,5669,49422
vp_127226,standard,dg,38.88,41.35,failed,0,49.686,30.507,1601.068,548.759,0.8843,19.079,32267,5669,49422
vp_127226,standard,sg,89.94,74.0,converged,1,21.461,25.171,1565.007,269.228,0.9321,21.508,32267,5669,49422
vp_127226,standard,sg_c,95.91,94.11,converged,1,12.979,23.714,1565.72,136.89,0.9704,24.116,32267,5669,49422
vp_127226,reduced_compute,baseline,12.11,3.44,failed,0,85.561,0.054,1480.002,870.369,0.8615,16.669,32267,5669,49422
vp_127226,reduced_compute,dg,14.17,8.59,failed,0,58.358,15.234,1507.761,778.723,0.8732,17.072,32267,5669,49422
vp_127226,reduced_compute,sg,67.69,28.47,failed,0,45.232,38.583,1586.422,597.475,0.8863,18.864,32267,5669,49422
vp_127226,reduced_compute,sg_c,74.76,83.67,converged,1,38.023,39.661,1554.058,217.724,0.9258,22.41,32267,5669,49422
vp_127226,missing_low_freq,baseline,12.12,2.47,failed,0,84.732,4.589,1481.01,899.056,0.8606,16.635,32267,5669,49422
vp_127226,missing_low_freq,dg,12.73,8.33,failed,0,61.198,13.94,1504.686,786.448,0.866,17.128,32267,5669,49422
vp_127226,missing_low_freq,sg,80.24,36.92,buffer,0,62.504,59.702,1578.927,624.045,0.8754,18.303,32267,5669,49422
vp_127226,missing_low_freq,sg_c,0.0,29.39,failed,0,186.853,78.778,1729.055,501.169,0.8705,17.591,32267,5669,49422
vp_545345,standard,baseline,9.24,6.95,failed,0,81.692,9.674,1483.794,852.578,0.8812,17.059,32451,4344,48410
vp_545345,standard,dg,48.81,30.52,buffer,0,44.612,35.229,1591.302,691.413,0.8949,18.281,32451,4344,48410
vp_545345,standard,sg,81.08,58.95,buffer,0,53.135,54.14,1568.978,475.801,0.9135,19.915,32451,4344,48410
vp_545345,standard,sg_c,88.95,91.07,converged,1,19.213,25.44,1563.072,153.899,0.9683,23.683,32451,4344,48410
vp_545345,reduced_compute,baseline,8.74,5.23,failed,0,83.963,3.839,1480.857,994.296,0.8682,16.152,32451,4344,48410
vp_545345,reduced_compute,dg,14.9,9.3,failed,0,61.676,19.011,1504.539,783.24,0.8883,17.157,32451,4344,48410
vp_545345,reduced_compute,sg,69.1,29.58,failed,0,42.001,39.986,1580.582,585.389,0.9033,19.017,32451,4344,48410
vp_545345,reduced_compute,sg_c,66.43,80.16,converged,1,42.571,44.671,1560.093,223.82,0.9324,22.027,32451,4344,48410
vp_545345,missing_low_freq,baseline,13.68,3.73,failed,0,78.546,22.733,1490.56,1019.14,0.8652,16.145,32451,4344,48410
vp_545345,missing_low_freq,dg,9.25,11.79,failed,0,60.688,15.334,1504.015,891.328,0.8793,16.634,32451,4344,48410
vp_545345,missing_low_freq,sg,76.61,36.21,buffer,0,75.502,73.881,1579.971,617.136,0.893,18.572,32451,4344,48410
vp_545345,missing_low_freq,sg_c,0.0,41.69,failed,0,222.872,130.943,1741.166,513.416,0.8813,17.606,32451,4344,48410
vp_238033,standard,baseline,7.45,19.44,failed,0,85.299,1.866,1480.099,742.458,0.8924,17.901,30947,4500,46587
vp_238033,standard,dg,66.98,61.42,converged,1,38.995,33.122,1588.428,500.782,0.9285,20.372,30947,4500,46587
vp_238033,standard,sg,86.02,59.76,buffer,0,23.59,26.342,1551.558,505.456,0.9468,21.284,30947,4500,46587
vp_238033,standard,sg_c,93.45,87.82,converged,1,14.481,22.305,1563.692,156.583,0.9764,24.362,30947,4500,46587
vp_238033,reduced_compute,baseline,7.43,16.38,failed,0,85.263,1.505,1480.151,874.708,0.8804,17.264,30947,4500,46587
vp_238033,reduced_compute,dg,7.43,0.93,failed,0,83.966,3.883,1481.412,947.674,0.8824,16.628,30947,4500,46587
vp_238033,reduced_compute,sg,75.87,55.04,buffer,0,28.495,28.206,1580.39,599.158,0.9256,20.063,30947,4500,46587
vp_238033,reduced_compute,sg_c,82.17,68.09,converged,1,30.347,34.119,1561.4,408.362,0.9336,21.727,30947,4500,46587
vp_238033,missing_low_freq,baseline,7.43,11.09,failed,0,85.332,1.18,1480.052,894.557,0.8807,17.245,30947,4500,46587
vp_238033,missing_low_freq,dg,7.43,8.87,failed,0,80.393,7.597,1484.892,853.707,0.8777,16.893,30947,4500,46587
vp_238033,missing_low_freq,sg,88.95,56.58,buffer,0,21.604,26.537,1558.363,592.0,0.9373,20.358,30947,4500,46587
vp_238033,missing_low_freq,sg_c,80.94,64.11,converged,1,28.902,32.466,1556.542,452.548,0.9387,21.561,30947,4500,46587
vp_304020,standard,baseline,7.36,35.93,failed,0,85.513,3.914,1480.467,649.32,0.9052,18.51,33462,3791,48791
vp_304020,standard,dg,61.7,51.94,buffer,0,34.565,27.891,1588.571,483.529,0.9263,19.993,33462,3791,48791
vp_304020,standard,sg,91.18,81.61,converged,1,17.749,24.363,1565.417,187.863,0.975,24.214,33462,3791,48791
vp_304020,standard,sg_c,93.0,85.78,converged,1,15.244,23.06,1560.57,173.632,0.9795,24.585,33462,3791,48791
vp_304020,reduced_compute,baseline,7.29,0.95,failed,0,85.825,0.04,1480.0,956.725,0.8832,16.957,33462,3791,48791
vp_304020,reduced_compute,dg,7.92,0.0,failed,0,67.691,17.499,1499.22,946.391,0.8766,16.614,33462,3791,48791
vp_304020,reduced_compute,sg,67.34,21.92,failed,0,34.66,34.487,1580.118,644.785,0.8966,19.001,33462,3791,48791
vp_304020,reduced_compute,sg_c,80.29,87.47,converged,1,30.449,35.214,1558.4,168.41,0.9476,23.048,33462,3791,48791
vp_304020,missing_low_freq,baseline,7.29,1.11,failed,0,85.822,0.272,1480.006,1013.637,0.881,16.881,33462,3791,48791
vp_304020,missing_low_freq,dg,7.34,1.56,failed,0,70.416,14.538,1495.469,915.102,0.8871,16.918,33462,3791,48791
vp_304020,missing_low_freq,sg,86.32,22.63,failed,0,48.599,49.475,1570.91,799.54,0.8578,17.587,33462,3791,48791
vp_304020,missing_low_freq,sg_c,53.76,58.9,buffer,0,58.347,56.645,1546.149,412.884,0.8897,20.114,33462,3791,48791
vp_555651,standard,baseline,93.51,68.61,converged,1,14.5,22.446,1566.142,245.071,0.9686,22.674,27463,1972,39616
vp_555651,standard,dg,93.52,87.32,converged,1,15.83,19.675,1553.635,178.998,0.9738,23.06,27463,1972,39616
vp_555651,standard,sg,91.26,81.54,converged,1,19.224,22.435,1576.133,201.215,0.9776,24.174,27463,1972,39616
vp_555651,standard,sg_c,89.28,80.17,converged,1,18.102,25.957,1564.639,199.749,0.9806,24.655,27463,1972,39616
vp_555651,reduced_compute,baseline,6.65,25.25,failed,0,86.077,18.402,1481.726,705.326,0.9177,18.899,27463,1972,39616
vp_555651,reduced_compute,dg,76.73,65.37,converged,1,28.024,25.543,1582.837,352.214,0.9515,21.324,27463,1972,39616
vp_555651,reduced_compute,sg,84.06,80.73,converged,1,24.1,22.298,1582.522,234.616,0.9662,22.855,27463,1972,39616
vp_555651,reduced_compute,sg_c,90.66,80.93,converged,1,19.249,25.083,1572.031,201.967,0.9759,23.998,27463,1972,39616
vp_555651,missing_low_freq,baseline,6.46,19.07,failed,0,85.451,0.797,1480.022,818.643,0.912,18.464,27463,1972,39616
vp_555651,missing_low_freq,dg,74.03,69.68,converged,1,28.722,24.404,1585.513,341.369,0.9496,21.255,27463,1972,39616
vp_555651,missing_low_freq,sg,86.91,79.87,converged,1,21.922,22.514,1579.054,250.854,0.967,23.061,27463,1972,39616
vp_555651,missing_low_freq,sg_c,87.85,84.13,converged,1,19.167,26.634,1564.895,191.064,0.9764,24.333,27463,1972,39616
vp_599671,standard,baseline,7.99,27.56,failed,0,100.738,62.947,1496.689,523.118,0.9028,19.31,29756,3197,43871
vp_599671,standard,dg,90.24,75.26,converged,1,17.577,22.422,1568.218,258.303,0.9547,22.009,29756,3197,43871
vp_599671,standard,sg,96.95,86.02,converged,1,11.302,20.057,1568.43,174.241,0.9795,24.326,29756,3197,43871
vp_599671,standard,sg_c,95.92,75.98,converged,1,14.121,22.383,1577.522,208.61,0.9806,24.424,29756,3197,43871
vp_599671,reduced_compute,baseline,5.8,22.08,failed,0,93.531,3.464,1480.167,726.224,0.8999,18.154,29756,3197,43871
vp_599671,reduced_compute,dg,8.27,26.21,failed,0,84.848,21.918,1490.484,700.486,0.8996,18.091,29756,3197,43871
vp_599671,reduced_compute,sg,96.81,89.93,converged,1,12.444,20.513,1575.696,163.676,0.9673,22.966,29756,3197,43871
vp_599671,reduced_compute,sg_c,93.52,82.2,converged,1,18.875,22.753,1584.734,185.344,0.9737,23.728,29756,3197,43871
vp_599671,missing_low_freq,baseline,5.74,16.95,failed,0,93.597,0.037,1480.001,809.415,0.8961,17.946,29756,3197,43871
vp_599671,missing_low_freq,dg,5.74,33.75,failed,0,91.826,5.589,1481.842,666.997,0.9041,18.23,29756,3197,43871
vp_599671,missing_low_freq,sg,14.61,50.23,failed,0,84.911,35.656,1495.132,467.655,0.9151,19.529,29756,3197,43871
vp_599671,missing_low_freq,sg_c,94.11,82.98,converged,1,16.217,23.601,1576.938,185.171,0.9755,24.18,29756,3197,43871
vp_200513,standard,baseline,98.26,52.34,buffer,0,13.389,21.477,1552.617,281.538,0.9785,23.765,33804,1515,46296
vp_200513,standard,dg,86.99,83.17,converged,1,19.896,21.227,1549.357,179.741,0.9739,23.671,33804,1515,46296
vp_200513,standard,sg,95.06,74.65,converged,1,14.876,22.136,1568.322,215.696,0.9742,23.988,33804,1515,46296
vp_200513,standard,sg_c,83.62,59.47,buffer,0,21.983,27.268,1554.252,253.766,0.977,24.791,33804,1515,46296
vp_200513,reduced_compute,baseline,9.89,19.27,failed,0,86.651,20.142,1482.0,546.516,0.9288,20.21,33804,1515,46296
vp_200513,reduced_compute,dg,87.11,80.59,converged,1,21.986,21.494,1579.931,217.838,0.9536,21.918,33804,1515,46296
vp_200513,reduced_compute,sg,94.44,85.87,converged,1,16.888,21.19,1574.839,178.537,0.9665,23.075,33804,1515,46296
vp_200513,reduced_compute,sg_c,85.5,69.44,converged,1,23.558,29.549,1560.724,229.015,0.9705,24.257,33804,1515,46296
vp_200513,missing_low_freq,baseline,9.77,18.09,failed,0,85.839,3.45,1480.202,591.176,0.9292,20.044,33804,1515,46296
vp_200513,missing_low_freq,dg,90.99,83.89,converged,1,19.973,20.536,1577.786,192.255,0.9571,22.171,33804,1515,46296
vp_200513,missing_low_freq,sg,93.38,80.99,converged,1,19.579,22.979,1573.959,206.933,0.9622,23.049,33804,1515,46296
vp_200513,missing_low_freq,sg_c,72.92,63.7,converged,1,35.311,37.513,1552.079,244.638,0.9568,23.878,33804,1515,46296
vp_300618,standard,baseline,93.96,61.51,converged,1,17.997,23.494,1567.816,277.292,0.9599,22.237,31280,2390,44445
vp_300618,standard,dg,90.84,68.49,converged,1,18.852,21.746,1574.111,285.891,0.964,22.464,31280,2390,44445
vp_300618,standard,sg,95.88,77.49,converged,1,13.214,19.929,1571.655,199.304,0.9792,24.069,31280,2390,44445
vp_300618,standard,sg_c,92.53,75.36,converged,1,15.547,23.588,1562.212,206.734,0.9816,24.605,31280,2390,44445
vp_300618,reduced_compute,baseline,4.29,23.39,failed,0,87.721,8.859,1480.54,782.461,0.915,18.657,31280,2390,44445
vp_300618,reduced_compute,dg,72.94,48.54,buffer,0,29.295,23.25,1588.307,407.538,0.9342,20.403,31280,2390,44445
vp_300618,reduced_compute,sg,87.25,83.1,converged,1,21.951,19.677,1583.896,185.084,0.9673,22.88,31280,2390,44445
vp_300618,reduced_compute,sg_c,92.78,81.42,converged,1,15.808,23.338,1569.389,186.225,0.975,23.778,31280,2390,44445
vp_300618,missing_low_freq,baseline,4.28,17.66,failed,0,87.687,0.132,1480.002,882.819,0.9112,18.355,31280,2390,44445
vp_300618,missing_low_freq,dg,4.28,26.03,failed,0,87.681,0.216,1480.007,807.023,0.9182,18.493,31280,2390,44445
vp_300618,missing_low_freq,sg,90.92,81.97,converged,1,19.096,19.943,1579.928,189.929,0.9711,23.305,31280,2390,44445
vp_300618,missing_low_freq,sg_c,87.98,80.08,converged,1,19.73,26.669,1561.831,193.278,0.9757,24.25,31280,2390,44445
vp_725751,standard,baseline,94.28,76.07,converged,1,14.745,24.832,1565.034,222.132,0.965,22.316,31095,2140,44186
vp_725751,standard,dg,96.76,85.37,converged,1,13.247,20.752,1571.328,195.886,0.9743,22.923,31095,2140,44186
vp_725751,standard,sg,96.8,94.81,converged,1,13.342,19.718,1555.685,121.357,0.987,24.957,31095,2140,44186
vp_725751,standard,sg_c,94.42,90.93,converged,1,14.411,22.627,1560.313,140.528,0.9866,25.141,31095,2140,44186
vp_725751,reduced_compute,baseline,8.06,27.15,failed,0,87.524,2.404,1480.093,832.239,0.9113,18.075,31095,2140,44186
vp_725751,reduced_compute,dg,47.18,19.07,failed,0,46.422,37.406,1594.783,855.797,0.908,17.941,31095,2140,44186
vp_725751,reduced_compute,sg,96.33,93.64,converged,1,13.974,21.137,1574.833,131.258,0.9768,23.478,31095,2140,44186
vp_725751,reduced_compute,sg_c,95.08,94.35,converged,1,13.269,22.74,1564.24,123.735,0.982,24.447,31095,2140,44186
vp_725751,missing_low_freq,baseline,7.99,25.79,failed,0,87.573,0.048,1480.001,867.857,0.9112,18.135,31095,2140,44186
vp_725751,missing_low_freq,dg,9.37,16.64,failed,0,83.767,13.716,1484.6,852.185,0.9117,17.69,31095,2140,44186
vp_725751,missing_low_freq,sg,96.88,95.56,converged,1,13.084,20.056,1573.112,119.286,0.9814,24.246,31095,2140,44186
vp_725751,missing_low_freq,sg_c,76.78,96.5,converged,1,26.375,24.213,1544.768,113.501,0.9822,24.851,31095,2140,44186
vp_516742,standard,baseline,8.72,19.92,failed,0,87.399,8.544,1480.965,690.232,0.9025,18.292,31256,4082,46498
vp_516742,standard,dg,84.97,70.38,converged,1,24.623,27.746,1567.532,458.639,0.9416,20.956,31256,4082,46498
vp_516742,standard,sg,97.13,86.13,converged,1,11.483,21.299,1566.268,167.215,0.9816,24.625,31256,4082,46498
vp_516742,standard,sg_c,95.54,83.54,converged,1,13.165,23.174,1564.969,175.88,0.981,24.548,31256,4082,46498
vp_516742,reduced_compute,baseline,8.6,18.99,failed,0,87.58,1.878,1480.266,799.938,0.8916,17.723,31256,4082,46498
vp_516742,reduced_compute,dg,8.59,9.48,failed,0,84.592,8.055,1483.36,805.632,0.8964,17.514,31256,4082,46498
vp_516742,reduced_compute,sg,92.11,81.97,converged,1,17.695,21.916,1575.474,199.656,0.9654,23.068,31256,4082,46498
vp_516742,reduced_compute,sg_c,86.54,84.57,converged,1,20.947,28.59,1563.024,176.398,0.9665,23.783,31256,4082,46498
vp_516742,missing_low_freq,baseline,8.59,15.95,failed,0,87.728,1.145,1480.099,826.563,0.8911,17.681,31256,4082,46498
vp_516742,missing_low_freq,dg,8.59,25.85,failed,0,85.597,5.342,1482.144,773.526,0.8922,17.726,31256,4082,46498
vp_516742,missing_low_freq,sg,17.55,41.52,failed,0,79.518,37.79,1496.868,599.235,0.9117,19.123,31256,4082,46498
vp_516742,missing_low_freq,sg_c,78.48,91.94,converged,1,26.555,25.058,1545.418,148.28,0.9755,24.343,31256,4082,46498
vp_989987,standard,baseline,10.83,29.24,failed,0,90.061,50.257,1494.412,609.307,0.8944,18.401,28452,3571,42569
vp_989987,standard,dg,92.0,69.28,converged,1,20.113,23.605,1564.66,386.216,0.9453,21.081,28452,3571,42569
vp_989987,standard,sg,84.73,74.82,converged,1,23.0,23.558,1580.714,211.081,0.9675,23.001,28452,3571,42569
vp_989987,standard,sg_c,90.44,74.66,converged,1,19.271,24.356,1575.056,207.078,0.971,23.28,28452,3571,42569
vp_989987,reduced_compute,baseline,9.1,23.63,failed,0,85.374,6.763,1481.23,807.373,0.8901,17.551,28452,3571,42569
vp_989987,reduced_compute,dg,8.69,30.66,failed,0,84.899,5.489,1481.409,719.677,0.9008,17.896,28452,3571,42569
vp_989987,reduced_compute,sg,65.06,82.97,converged,1,32.346,23.74,1591.183,207.034,0.9478,21.487,28452,3571,42569
vp_989987,reduced_compute,sg_c,78.23,79.56,converged,1,26.832,25.619,1583.241,205.116,0.9585,22.329,28452,3571,42569
vp_989987,missing_low_freq,baseline,8.84,17.56,failed,0,85.821,5.192,1480.614,893.812,0.8854,17.338,28452,3571,42569
vp_989987,missing_low_freq,dg,8.69,34.89,failed,0,84.473,5.634,1481.786,734.259,0.9011,17.861,28452,3571,42569
vp_989987,missing_low_freq,sg,8.82,39.62,failed,0,84.092,7.014,1482.188,613.263,0.8996,18.265,28452,3571,42569
vp_989987,missing_low_freq,sg_c,82.52,78.38,converged,1,24.161,26.469,1578.412,207.16,0.9612,22.67,28452,3571,42569
vp_180533,standard,baseline,26.33,17.39,failed,0,75.411,66.728,1537.766,635.135,0.9174,20.117,30480,3295,44689
vp_180533,standard,dg,90.12,65.77,converged,1,20.41,23.787,1571.863,311.815,0.9544,22.138,30480,3295,44689
vp_180533,standard,sg,94.19,79.79,converged,1,13.643,19.904,1570.479,199.211,0.9742,23.749,30480,3295,44689
vp_180533,standard,sg_c,94.53,80.67,converged,1,13.875,22.012,1561.169,191.204,0.98,24.425,30480,3295,44689
vp_180533,reduced_compute,baseline,6.89,14.66,failed,0,86.096,1.15,1480.141,758.368,0.9023,18.204,30480,3295,44689
vp_180533,reduced_compute,dg,40.57,60.39,buffer,0,41.796,29.241,1597.861,431.757,0.9272,20.263,30480,3295,44689
vp_180533,reduced_compute,sg,92.52,82.61,converged,1,17.275,20.136,1576.562,196.378,0.9632,22.789,30480,3295,44689
vp_180533,reduced_compute,sg_c,90.3,82.34,converged,1,17.033,24.404,1562.675,190.163,0.9712,23.763,30480,3295,44689
vp_180533,missing_low_freq,baseline,6.89,11.47,failed,0,86.175,0.685,1480.061,795.658,0.9009,18.152,30480,3295,44689
vp_180533,missing_low_freq,dg,6.89,22.37,failed,0,85.658,2.402,1480.56,767.781,0.9044,17.848,30480,3295,44689
vp_180533,missing_low_freq,sg,9.49,34.84,failed,0,82.882,16.707,1484.57,561.64,0.9112,19.109,30480,3295,44689
vp_180533,missing_low_freq,sg_c,84.79,79.03,converged,1,21.118,26.464,1558.905,200.371,0.9708,23.867,30480,3295,44689
vp_192439,standard,baseline,89.91,71.86,converged,1,21.757,24.722,1575.383,295.881,0.9529,21.334,28570,2765,41942
vp_192439,standard,dg,93.78,70.49,converged,1,15.269,19.08,1564.459,291.316,0.9675,22.011,28570,2765,41942
vp_192439,standard,sg,95.79,88.72,converged,1,15.844,17.897,1579.226,142.87,0.982,24.279,28570,2765,41942
vp_192439,standard,sg_c,94.96,88.14,converged,1,14.269,20.433,1572.307,143.606,0.9827,24.349,28570,2765,41942
vp_192439,reduced_compute,baseline,4.73,33.49,failed,0,90.974,0.007,1480.0,906.828,0.9029,17.245,28570,2765,41942
vp_192439,reduced_compute,dg,79.7,45.21,buffer,0,23.819,23.359,1582.736,484.387,0.937,19.573,28570,2765,41942
vp_192439,reduced_compute,sg,87.5,85.21,converged,1,21.977,17.879,1587.471,166.341,0.9695,22.582,28570,2765,41942
vp_192439,reduced_compute,sg_c,93.13,87.45,converged,1,17.144,20.3,1578.085,153.085,0.9746,23.358,28570,2765,41942
vp_192439,missing_low_freq,baseline,4.73,26.58,failed,0,90.974,0.0,1480.0,1013.041,0.8976,16.993,28570,2765,41942
vp_192439,missing_low_freq,dg,4.73,20.33,failed,0,88.072,5.931,1482.911,897.884,0.9052,17.07,28570,2765,41942
vp_192439,missing_low_freq,sg,5.29,51.86,failed,0,88.13,8.885,1483.235,640.648,0.9174,18.295,28570,2765,41942
vp_192439,missing_low_freq,sg_c,88.46,91.21,converged,1,21.004,21.034,1555.685,138.083,0.9769,23.734,28570,2765,41942
vp_578158,standard,baseline,82.27,67.53,converged,1,26.168,26.584,1586.886,235.257,0.962,23.712,29899,3163,43919
vp_578158,standard,dg,92.5,91.15,converged,1,17.445,23.656,1574.704,144.592,0.9687,24.392,29899,3163,43919
vp_578158,standard,sg,94.64,83.91,converged,1,15.381,24.181,1574.459,176.617,0.9846,26.123,29899,3163,43919
vp_578158,standard,sg_c,93.83,86.09,converged,1,14.5,25.945,1564.527,171.316,0.9845,26.161,29899,3163,43919
vp_578158,reduced_compute,baseline,12.87,18.72,failed,0,88.35,4.517,1480.809,626.345,0.9027,19.449,29899,3163,43919
vp_578158,reduced_compute,dg,72.75,76.32,converged,1,30.659,27.286,1589.294,249.872,0.9464,22.459,29899,3163,43919
vp_578158,reduced_compute,sg,91.75,93.08,converged,1,20.599,23.972,1582.173,145.308,0.9773,25.295,29899,3163,43919
vp_578158,reduced_compute,sg_c,94.31,93.87,converged,1,14.137,25.489,1567.959,142.587,0.9817,25.885,29899,3163,43919
vp_578158,missing_low_freq,baseline,12.98,14.2,failed,0,88.294,6.374,1480.997,685.532,0.8983,19.223,29899,3163,43919
vp_578158,missing_low_freq,dg,80.28,66.01,converged,1,26.338,27.737,1583.216,348.447,0.9405,22.057,29899,3163,43919
vp_578158,missing_low_freq,sg,12.98,54.95,failed,0,88.075,5.251,1481.111,410.108,0.9174,20.568,29899,3163,43919
vp_578158,missing_low_freq,sg_c,72.63,95.76,converged,1,29.047,27.297,1542.955,124.742,0.9796,25.985,29899,3163,43919
vp_165840,standard,baseline,5.59,41.35,failed,0,91.027,9.232,1481.187,570.198,0.9156,18.597,32120,3470,46843
vp_165840,standard,dg,89.83,68.21,converged,1,18.409,21.44,1575.432,345.193,0.9458,20.897,32120,3470,46843
vp_165840,standard,sg,94.04,88.82,converged,1,15.436,21.324,1575.724,152.509,0.9804,24.18,32120,3470,46843
vp_165840,standard,sg_c,94.95,88.07,converged,1,14.384,22.491,1568.32,156.369,0.9821,24.403,32120,3470,46843
vp_165840,reduced_compute,baseline,5.1,23.6,failed,0,91.661,0.0,1480.0,840.706,0.8968,17.377,32120,3470,46843
vp_165840,reduced_compute,dg,5.1,3.75,failed,0,82.747,11.322,1489.178,901.842,0.8926,16.622,32120,3470,46843
vp_165840,reduced_compute,sg,90.7,82.33,converged,1,18.734,22.342,1581.211,211.257,0.9599,22.019,32120,3470,46843
vp_165840,reduced_compute,sg_c,84.19,86.71,converged,1,24.457,30.206,1567.727,163.884,0.9601,23.093,32120,3470,46843
vp_165840,missing_low_freq,baseline,5.1,23.26,failed,0,91.661,0.002,1480.0,870.5,0.8982,17.446,32120,3470,46843
vp_165840,missing_low_freq,dg,5.1,0.92,failed,0,84.433,8.612,1487.035,925.765,0.89,16.606,32120,3470,46843
vp_165840,missing_low_freq,sg,12.52,26.69,failed,0,81.682,27.406,1493.461,674.14,0.9153,18.406,32120,3470,46843
vp_165840,missing_low_freq,sg_c,74.43,90.95,converged,1,29.936,27.954,1549.484,138.896,0.9729,23.981,32120,3470,46843
vp_495255,standard,baseline,94.14,52.98,buffer,0,15.264,21.866,1575.125,269.547,0.9787,23.508,33304,1627,46112
vp_495255,standard,dg,95.29,79.9,converged,1,15.59,19.031,1552.105,189.131,0.9792,23.511,33304,1627,46112
vp_495255,standard,sg,97.39,87.89,converged,1,16.262,19.146,1549.083,162.809,0.9898,25.506,33304,1627,46112
vp_495255,standard,sg_c,89.88,61.59,converged,1,17.387,23.33,1552.966,240.024,0.9867,25.382,33304,1627,46112
vp_495255,reduced_compute,baseline,8.2,32.94,failed,0,85.799,0.038,1480.001,688.808,0.9261,19.207,33304,1627,46112
vp_495255,reduced_compute,dg,80.86,28.27,failed,0,27.117,26.363,1580.934,559.004,0.9406,20.114,33304,1627,46112
vp_495255,reduced_compute,sg,98.54,88.2,converged,1,13.415,21.26,1554.97,166.87,0.9766,23.356,33304,1627,46112
vp_495255,reduced_compute,sg_c,93.17,68.96,converged,1,14.453,24.349,1560.05,218.771,0.9856,25.043,33304,1627,46112
vp_495255,missing_low_freq,baseline,8.2,27.66,failed,0,85.8,0.025,1480.0,747.036,0.9258,19.26,33304,1627,46112
vp_495255,missing_low_freq,dg,83.29,38.84,buffer,0,23.173,23.38,1580.352,630.6,0.9431,19.875,33304,1627,46112
vp_495255,missing_low_freq,sg,98.36,86.05,converged,1,9.883,19.781,1565.382,171.478,0.9839,24.601,33304,1627,46112
vp_495255,missing_low_freq,sg_c,75.52,72.28,converged,1,26.32,27.906,1547.762,214.644,0.9794,25.111,33304,1627,46112
vp_971160,standard,baseline,94.23,59.42,buffer,0,15.243,24.189,1570.784,250.818,0.9646,23.012,31657,2760,45515
vp_971160,standard,dg,90.89,87.93,converged,1,16.659,21.588,1562.447,179.725,0.9682,23.424,31657,2760,45515
vp_971160,standard,sg,98.0,86.78,converged,1,11.415,21.087,1563.747,170.338,0.9853,25.307,31657,2760,45515
vp_971160,standard,sg_c,95.91,74.71,converged,1,13.83,25.057,1570.841,213.035,0.9844,25.239,31657,2760,45515
vp_971160,reduced_compute,baseline,8.68,20.76,failed,0,91.37,8.689,1481.932,576.897,0.9144,19.359,31657,2760,45515
vp_971160,reduced_compute,dg,74.04,77.5,converged,1,27.817,23.436,1592.089,215.537,0.9491,21.952,31657,2760,45515
vp_971160,reduced_compute,sg,97.64,91.78,converged,1,10.383,20.499,1567.64,153.01,0.9781,24.416,31657,2760,45515
vp_971160,reduced_compute,sg_c,93.6,81.52,converged,1,15.95,25.956,1573.243,192.972,0.9811,25.022,31657,2760,45515
vp_971160,missing_low_freq,baseline,9.25,17.21,failed,0,91.755,8.448,1481.446,621.221,0.9114,19.24,31657,2760,45515
vp_971160,missing_low_freq,dg,8.48,52.21,failed,0,91.555,4.435,1481.265,440.5,0.9296,20.207,31657,2760,45515
vp_971160,missing_low_freq,sg,8.58,43.8,failed,0,89.882,9.228,1483.232,420.569,0.9209,20.028,31657,2760,45515
vp_971160,missing_low_freq,sg_c,68.27,85.87,converged,1,34.893,29.123,1543.398,182.769,0.9733,24.765,31657,2760,45515
vp_679770,standard,baseline,96.89,49.43,buffer,0,11.557,20.704,1567.601,279.727,0.9719,23.016,31191,2007,44170
vp_679770,standard,dg,96.24,75.88,converged,1,13.823,19.949,1572.919,207.889,0.9766,23.676,31191,2007,44170
vp_679770,standard,sg,94.68,79.52,converged,1,16.056,18.092,1556.999,188.633,0.9853,25.2,31191,2007,44170
vp_679770,standard,sg_c,91.14,61.24,converged,1,17.48,23.358,1561.042,245.365,0.9837,25.081,31191,2007,44170
vp_679770,reduced_compute,baseline,4.79,24.12,failed,0,90.502,7.823,1480.518,547.319,0.9269,19.622,31191,2007,44170
vp_679770,reduced_compute,dg,84.25,75.98,converged,1,22.075,21.183,1584.772,236.782,0.9604,22.115,31191,2007,44170
vp_679770,reduced_compute,sg,97.27,82.06,converged,1,11.547,17.707,1563.474,179.502,0.9788,24.159,31191,2007,44170
vp_679770,reduced_compute,sg_c,92.23,68.66,converged,1,15.696,23.298,1566.067,223.281,0.9827,24.933,31191,2007,44170
vp_679770,missing_low_freq,baseline,4.67,18.68,failed,0,90.578,0.457,1480.012,633.184,0.9225,19.415,31191,2007,44170
vp_679770,missing_low_freq,dg,86.5,80.32,converged,1,22.835,18.943,1587.152,227.566,0.9588,22.086,31191,2007,44170
vp_679770,missing_low_freq,sg,20.11,49.23,failed,0,78.686,36.698,1499.814,375.216,0.9479,21.276,31191,2007,44170
vp_679770,missing_low_freq,sg_c,71.36,60.29,converged,1,31.528,31.486,1552.189,245.117,0.9718,24.514,31191,2007,44170
vp_100206,standard,baseline,6.27,17.96,failed,0,84.024,0.352,1480.017,788.722,0.8992,17.6,34909,3859,50307
vp_100206,standard,dg,65.3,38.43,buffer,0,36.293,30.289,1584.757,620.357,0.9208,19.23,34909,3859,50307
vp_100206,standard,sg,84.21,25.37,failed,0,33.883,34.133,1565.37,655.275,0.8767,18.051,34909,3859,50307
vp_100206,standard,sg_c,86.01,85.41,converged,1,20.413,25.853,1555.044,172.511,0.974,24.01,34909,3859,50307
vp_100206,reduced_compute,baseline,6.27,5.52,failed,0,84.039,0.015,1480.0,958.636,0.8841,16.598,34909,3859,50307
vp_100206,reduced_compute,dg,14.96,8.86,failed,0,64.826,22.539,1501.998,820.695,0.8915,17.134,34909,3859,50307
vp_100206,reduced_compute,sg,70.24,6.84,failed,0,36.647,33.095,1579.972,775.299,0.8671,17.605,34909,3859,50307
vp_100206,reduced_compute,sg_c,65.02,43.79,buffer,0,51.987,52.309,1556.837,445.327,0.8859,19.873,34909,3859,50307
vp_100206,missing_low_freq,baseline,6.29,4.22,failed,0,83.668,2.846,1480.512,986.585,0.8838,16.62,34909,3859,50307
vp_100206,missing_low_freq,dg,6.83,11.69,failed,0,65.506,14.159,1498.934,899.832,0.8842,16.738,34909,3859,50307
vp_100206,missing_low_freq,sg,83.62,5.57,failed,0,83.511,81.115,1578.871,868.501,0.8211,16.418,34909,3859,50307
vp_100206,missing_low_freq,sg_c,0.0,14.98,failed,0,213.402,116.495,1739.474,690.132,0.8217,15.844,34909,3859,50307
vp_114318,standard,baseline,75.25,54.23,buffer,0,27.576,19.979,1587.533,285.579,0.9622,22.487,25545,2670,38324
vp_114318,standard,dg,90.24,68.31,converged,1,17.998,19.558,1561.879,326.394,0.9499,21.822,25545,2670,38324
vp_114318,standard,sg,84.39,79.55,converged,1,22.429,18.602,1580.585,218.909,0.9665,23.19,25545,2670,38324
vp_114318,standard,sg_c,91.04,75.13,converged,1,19.111,21.072,1572.984,219.91,0.9748,23.956,25545,2670,38324
vp_114318,reduced_compute,baseline,5.34,23.86,failed,0,85.041,0.653,1480.078,682.981,0.9021,18.534,25545,2670,38324
vp_114318,reduced_compute,dg,81.45,45.69,buffer,0,26.063,23.939,1576.724,595.262,0.9248,19.538,25545,2670,38324
vp_114318,reduced_compute,sg,66.75,72.36,converged,1,30.397,19.635,1589.156,273.53,0.9513,22.065,25545,2670,38324
vp_114318,reduced_compute,sg_c,84.42,77.34,converged,1,22.369,20.216,1579.229,216.514,0.9673,23.26,25545,2670,38324
vp_114318,missing_low_freq,baseline,5.34,20.15,failed,0,84.984,1.075,1480.137,732.721,0.8981,18.408,25545,2670,38324
vp_114318,missing_low_freq,dg,88.08,56.93,buffer,0,20.908,20.568,1569.261,422.369,0.9377,20.984,25545,2670,38324
vp_114318,missing_low_freq,sg,5.39,26.07,failed,0,82.788,6.414,1482.407,721.426,0.8978,18.368,25545,2670,38324
vp_114318,missing_low_freq,sg_c,83.83,77.72,converged,1,23.112,22.441,1577.021,225.609,0.9673,23.408,25545,2670,38324
vp_368753,standard,baseline,94.12,47.11,buffer,0,15.542,25.769,1568.447,300.115,0.9633,21.948,27067,2233,39495
vp_368753,standard,dg,85.52,71.92,converged,1,20.303,23.802,1550.276,247.502,0.9659,22.359,27067,2233,39495
vp_368753,standard,sg,92.03,67.04,converged,1,17.282,22.796,1573.651,239.471,0.9729,23.178,27067,2233,39495
vp_368753,standard,sg_c,94.68,64.67,converged,1,14.476,25.326,1561.435,240.123,0.9803,24.027,27067,2233,39495
vp_368753,reduced_compute,baseline,10.78,21.59,failed,0,85.284,0.49,1480.035,666.737,0.9087,18.422,27067,2233,39495
vp_368753,reduced_compute,dg,52.61,51.68,buffer,0,37.708,29.25,1592.958,578.962,0.9343,19.638,27067,2233,39495
vp_368753,reduced_compute,sg,77.37,67.98,converged,1,26.732,23.444,1585.042,250.425,0.9592,21.987,27067,2233,39495
vp_368753,reduced_compute,sg_c,93.09,70.4,converged,1,16.466,25.143,1570.414,227.906,0.9717,23.13,27067,2233,39495
vp_368753,missing_low_freq,baseline,10.78,15.58,failed,0,85.29,0.341,1480.022,762.212,0.9027,18.199,27067,2233,39495
vp_368753,missing_low_freq,dg,91.42,66.82,converged,1,18.192,24.407,1567.272,354.512,0.9441,20.734,27067,2233,39495
vp_368753,missing_low_freq,sg,48.54,38.2,buffer,0,51.873,50.416,1577.864,580.987,0.9237,20.183,27067,2233,39495
vp_368753,missing_low_freq,sg_c,93.41,74.56,converged,1,15.81,25.852,1564.71,216.083,0.9746,23.572,27067,2233,39495
vp_713239,standard,baseline,45.07,36.43,buffer,0,57.549,51.568,1546.245,836.573,0.8874,17.578,23612,4702,38488
vp_713239,standard,dg,61.41,44.73,buffer,0,45.863,43.289,1587.922,725.377,0.9034,18.178,23612,4702,38488
vp_713239,standard,sg,73.36,54.51,buffer,0,41.651,40.097,1585.492,604.827,0.915,19.222,23612,4702,38488
vp_713239,standard,sg_c,83.27,66.93,converged,1,30.801,30.145,1582.101,351.559,0.9399,21.318,23612,4702,38488
vp_713239,reduced_compute,baseline,6.66,19.99,failed,0,86.384,0.004,1480.0,1025.024,0.8649,15.725,23612,4702,38488
vp_713239,reduced_compute,dg,27.82,16.78,failed,0,65.503,61.271,1568.429,989.624,0.8562,15.955,23612,4702,38488
vp_713239,reduced_compute,sg,25.46,44.6,failed,0,67.566,49.287,1615.457,729.956,0.8883,17.871,23612,4702,38488
vp_713239,reduced_compute,sg_c,34.44,52.79,failed,0,61.102,48.051,1606.652,624.824,0.9098,19.037,23612,4702,38488
vp_713239,missing_low_freq,baseline,6.66,15.14,failed,0,86.384,0.0,1480.0,1087.511,0.8616,15.488,23612,4702,38488
vp_713239,missing_low_freq,dg,6.66,21.86,failed,0,86.316,0.874,1480.075,978.868,0.863,15.654,23612,4702,38488
vp_713239,missing_low_freq,sg,6.66,17.82,failed,0,86.311,0.945,1480.078,1025.66,0.8581,15.573,23612,4702,38488
vp_713239,missing_low_freq,sg_c,77.72,54.89,buffer,0,38.4,39.72,1577.275,562.12,0.9154,19.524,23612,4702,38488
vp_198249,standard,baseline,5.82,23.09,failed,0,86.246,1.811,1480.079,815.307,0.8964,17.526,30628,4656,46381
vp_198249,standard,dg,59.2,44.97,buffer,0,46.407,44.07,1584.506,703.751,0.905,18.612,30628,4656,46381
vp_198249,standard,sg,89.39,81.08,converged,1,19.287,23.248,1572.58,199.532,0.9632,23.07,30628,4656,46381
vp_198249,standard,sg_c,90.75,83.44,converged,1,17.999,24.196,1566.082,190.512,0.9658,23.331,30628,4656,46381
vp_198249,reduced_compute,baseline,5.78,18.54,failed,0,86.296,0.266,1480.011,935.377,0.8825,16.804,30628,4656,46381
vp_198249,reduced_compute,dg,5.81,1.31,failed,0,81.162,7.309,1484.983,955.603,0.881,16.085,30628,4656,46381
vp_198249,reduced_compute,sg,71.53,60.65,converged,1,30.561,28.844,1583.772,436.593,0.944,21.098,30628,4656,46381
vp_198249,reduced_compute,sg_c,80.71,75.54,converged,1,27.727,30.023,1553.243,257.782,0.9482,22.251,30628,4656,46381
vp_198249,missing_low_freq,baseline,5.78,13.4,failed,0,86.302,0.124,1480.004,960.249,0.8831,16.82,30628,4656,46381
vp_198249,missing_low_freq,dg,5.78,5.78,failed,0,81.863,6.137,1484.206,956.086,0.8785,16.332,30628,4656,46381
vp_198249,missing_low_freq,sg,78.95,54.57,buffer,0,26.366,30.094,1567.51,487.323,0.9388,20.629,30628,4656,46381
vp_198249,missing_low_freq,sg_c,85.82,79.57,converged,1,23.768,27.89,1567.355,214.05,0.9561,22.815,30628,4656,46381
vp_121618,standard,baseline,92.42,74.0,converged,1,17.619,22.474,1574.309,215.526,0.9605,23.561,31444,2792,45185
vp_121618,standard,dg,90.72,81.48,converged,1,18.514,18.896,1551.205,239.16,0.9637,23.633,31444,2792,45185
vp_121618,standard,sg,95.08,93.62,converged,1,16.467,18.488,1550.383,133.291,0.9806,25.458,31444,2792,45185
vp_121618,standard,sg_c,92.48,86.57,converged,1,15.925,22.843,1557.043,169.007,0.9819,25.805,31444,2792,45185
vp_121618,reduced_compute,baseline,7.62,23.07,failed,0,85.524,0.277,1480.005,634.538,0.9108,19.5,31444,2792,45185
vp_121618,reduced_compute,dg,79.7,56.63,buffer,0,29.33,31.688,1573.898,344.807,0.9314,21.311,31444,2792,45185
vp_121618,reduced_compute,sg,97.47,97.1,converged,1,13.236,19.174,1554.914,114.232,0.9704,24.263,31444,2792,45185
vp_121618,reduced_compute,sg_c,92.67,91.69,converged,1,15.746,23.323,1560.223,145.908,0.9773,25.42,31444,2792,45185
vp_121618,missing_low_freq,baseline,7.62,14.36,failed,0,85.529,0.0,1480.0,683.149,0.9092,19.351,31444,2792,45185
vp_121618,missing_low_freq,dg,73.95,34.49,buffer,0,31.98,28.155,1583.133,551.523,0.9253,20.45,31444,2792,45185
vp_121618,missing_low_freq,sg,96.4,89.54,converged,1,12.64,18.991,1569.199,154.156,0.9769,25.216,31444,2792,45185
vp_121618,missing_low_freq,sg_c,88.76,90.15,converged,1,19.256,24.579,1555.584,159.444,0.9779,25.629,31444,2792,45185
vp_196144,standard,baseline,12.95,33.66,failed,0,82.58,32.008,1491.014,554.181,0.9076,18.852,26356,3414,39988
vp_196144,standard,dg,83.04,71.29,converged,1,25.174,22.519,1582.715,278.181,0.9512,21.227,26356,3414,39988
vp_196144,standard,sg,85.39,84.8,converged,1,23.032,20.835,1583.97,180.699,0.9714,23.083,26356,3414,39988
vp_196144,standard,sg_c,96.37,84.48,converged,1,14.075,21.674,1571.287,178.289,0.9763,23.458,26356,3414,39988
vp_196144,reduced_compute,baseline,10.69,25.63,failed,0,84.476,12.346,1483.374,743.033,0.8866,17.492,26356,3414,39988
vp_196144,reduced_compute,dg,55.55,39.48,buffer,0,37.089,30.866,1591.219,654.875,0.9046,18.231,26356,3414,39988
vp_196144,reduced_compute,sg,89.4,85.68,converged,1,18.552,22.81,1575.22,207.326,0.9493,21.292,26356,3414,39988
vp_196144,reduced_compute,sg_c,96.37,90.25,converged,1,13.105,21.695,1562.163,170.332,0.963,22.202,26356,3414,39988
vp_196144,missing_low_freq,baseline,11.34,22.29,failed,0,84.281,15.762,1484.205,800.812,0.8829,17.388,26356,3414,39988
vp_196144,missing_low_freq,dg,8.9,34.27,failed,0,83.711,8.966,1483.3,630.332,0.8986,18.023,26356,3414,39988
vp_196144,missing_low_freq,sg,9.01,30.11,failed,0,79.89,13.622,1487.398,741.698,0.8849,17.503,26356,3414,39988
vp_196144,missing_low_freq,sg_c,92.53,88.81,converged,1,17.447,22.798,1573.943,171.236,0.9684,22.858,26356,3414,39988
vp_208125,standard,baseline,78.44,57.13,buffer,0,29.707,25.88,1588.528,320.829,0.9505,21.286,29176,2951,42767
vp_208125,standard,dg,89.01,69.26,converged,1,19.19,21.563,1554.392,293.938,0.9643,22.054,29176,2951,42767
vp_208125,standard,sg,97.31,90.55,converged,1,13.391,20.75,1556.719,144.914,0.9806,23.935,29176,2951,42767
vp_208125,standard,sg_c,91.42,89.22,converged,1,18.373,22.329,1550.964,156.28,0.9826,24.139,29176,2951,42767
vp_208125,reduced_compute,baseline,8.2,33.65,failed,0,87.608,0.985,1480.126,743.495,0.8999,17.864,29176,2951,42767
vp_208125,reduced_compute,dg,35.72,49.17,failed,0,47.961,35.492,1601.497,558.78,0.9202,19.225,29176,2951,42767
vp_208125,reduced_compute,sg,96.6,84.07,converged,1,12.042,21.429,1563.237,187.396,0.9658,22.325,29176,2951,42767
vp_208125,reduced_compute,sg_c,94.68,82.65,converged,1,14.356,23.599,1567.981,187.208,0.9744,23.4,29176,2951,42767
vp_208125,missing_low_freq,baseline,8.2,27.82,failed,0,87.715,0.101,1480.009,817.982,0.8971,17.754,29176,2951,42767
vp_208125,missing_low_freq,dg,8.2,37.68,failed,0,86.521,3.987,1481.21,651.2,0.9089,18.246,29176,2951,42767
vp_208125,missing_low_freq,sg,8.44,43.75,failed,0,84.555,8.206,1483.221,611.865,0.9063,18.347,29176,2951,42767
vp_208125,missing_low_freq,sg_c,83.91,84.24,converged,1,21.343,27.273,1558.166,178.901,0.9742,23.902,29176,2951,42767
vp_613538,standard,baseline,10.41,26.98,failed,0,86.644,35.107,1488.834,506.215,0.9059,19.115,26857,3491,40876
vp_613538,standard,dg,85.3,85.45,converged,1,23.426,18.447,1585.115,192.665,0.9572,22.304,26857,3491,40876
vp_613538,standard,sg,93.97,83.73,converged,1,18.511,17.227,1582.03,180.815,0.9767,23.978,26857,3491,40876
vp_613538,standard,sg_c,98.35,89.09,converged,1,10.223,17.205,1560.928,159.171,0.9802,24.243,26857,3491,40876
vp_613538,reduced_compute,baseline,5.58,18.65,failed,0,86.19,8.247,1482.06,695.347,0.8854,17.926,26857,3491,40876
vp_613538,reduced_compute,dg,78.33,65.68,converged,1,24.036,23.131,1580.414,314.519,0.9266,20.448,26857,3491,40876
vp_613538,reduced_compute,sg,75.37,86.08,converged,1,26.574,18.111,1590.256,169.264,0.9609,22.673,26857,3491,40876
vp_613538,reduced_compute,sg_c,94.87,84.96,converged,1,19.083,17.551,1582.856,173.927,0.9739,23.692,26857,3491,40876
vp_613538,missing_low_freq,baseline,7.08,13.95,failed,0,86.647,10.689,1481.979,757.727,0.8806,17.726,26857,3491,40876
vp_613538,missing_low_freq,dg,5.56,41.91,failed,0,83.83,10.653,1484.226,595.12,0.8969,18.348,26857,3491,40876
vp_613538,missing_low_freq,sg,5.65,38.24,failed,0,82.304,12.573,1485.906,624.097,0.8875,18.187,26857,3491,40876
vp_613538,missing_low_freq,sg_c,94.85,83.9,converged,1,17.589,18.584,1579.713,179.24,0.9774,24.119,26857,3491,40876
vp_826454,standard,baseline,96.13,59.93,buffer,0,12.55,21.209,1567.958,248.627,0.9673,22.611,28381,2034,40873
vp_826454,standard,dg,94.73,78.42,converged,1,15.47,20.382,1575.096,190.544,0.9747,23.372,28381,2034,40873
vp_826454,standard,sg,95.94,82.35,converged,1,16.659,18.439,1582.597,179.86,0.9809,24.349,28381,2034,40873
vp_826454,standard,sg_c,85.4,87.91,converged,1,22.562,20.68,1549.588,160.849,0.9856,25.075,28381,2034,40873
vp_826454,reduced_compute,baseline,5.45,23.4,failed,0,91.03,11.315,1480.793,623.725,0.9143,18.979,28381,2034,40873
vp_826454,reduced_compute,dg,64.84,47.44,buffer,0,37.559,27.222,1598.683,403.562,0.9351,20.427,28381,2034,40873
vp_826454,reduced_compute,sg,97.41,94.25,converged,1,11.334,18.93,1571.501,140.161,0.9678,22.882,28381,2034,40873
vp_826454,reduced_compute,sg_c,97.58,82.55,converged,1,12.444,20.842,1573.655,175.465,0.9802,24.425,28381,2034,40873
vp_826454,missing_low_freq,baseline,5.37,18.34,failed,0,90.92,0.296,1480.009,730.164,0.9102,18.737,28381,2034,40873
vp_826454,missing_low_freq,dg,5.37,49.12,failed,0,90.821,1.337,1480.131,532.427,0.9191,19.07,28381,2034,40873
vp_826454,missing_low_freq,sg,25.24,32.55,failed,0,77.331,42.241,1504.594,548.528,0.9287,19.974,28381,2034,40873
vp_826454,missing_low_freq,sg_c,78.54,91.69,converged,1,29.16,25.362,1546.578,146.271,0.9799,24.969,28381,2034,40873
vp_159946,standard,baseline,10.06,10.02,failed,0,84.626,1.4,1480.063,949.861,0.8912,16.876,35463,3863,51078
vp_159946,standard,dg,48.0,11.47,failed,0,42.152,32.581,1589.012,904.32,0.8892,17.164,35463,3863,51078
vp_159946,standard,sg,77.02,9.35,failed,0,71.577,70.076,1573.628,922.995,0.8358,16.518,35463,3863,51078
vp_159946,standard,sg_c,69.42,80.09,converged,1,37.39,35.801,1543.488,244.885,0.9327,21.685,35463,3863,51078
vp_159946,reduced_compute,baseline,10.06,2.05,failed,0,84.678,0.0,1480.0,1129.206,0.8736,15.819,35463,3863,51078
vp_159946,reduced_compute,dg,11.0,2.87,failed,0,63.249,25.435,1505.567,1018.818,0.8762,16.114,35463,3863,51078
vp_159946,reduced_compute,sg,56.99,0.47,failed,0,46.614,39.374,1588.034,978.755,0.8552,16.68,35463,3863,51078
vp_159946,reduced_compute,sg_c,65.34,12.01,failed,0,61.316,61.369,1565.396,677.143,0.8608,18.376,35463,3863,51078
vp_159946,missing_low_freq,baseline,10.06,2.54,failed,0,84.678,0.0,1480.0,1155.279,0.8729,15.82,35463,3863,51078
vp_159946,missing_low_freq,dg,11.0,4.87,failed,0,62.843,15.622,1502.567,1051.614,0.8751,16.012,35463,3863,51078
vp_159946,missing_low_freq,sg,73.57,4.17,failed,0,85.313,80.834,1586.195,1034.662,0.8174,15.775,35463,3863,51078
vp_159946,missing_low_freq,sg_c,0.0,8.75,failed,0,220.34,125.861,1740.334,857.073,0.7991,15.223,35463,3863,51078
vp_185947,standard,baseline,13.45,24.64,failed,0,86.908,44.877,1494.342,478.871,0.9099,19.275,29640,3231,43809
vp_185947,standard,dg,94.98,82.58,converged,1,14.313,19.635,1562.025,205.694,0.9598,21.909,29640,3231,43809
vp_185947,standard,sg,92.95,76.35,converged,1,17.65,21.559,1576.177,196.729,0.9798,24.055,29640,3231,43809
vp_185947,standard,sg_c,93.55,78.52,converged,1,15.228,23.48,1567.131,192.758,0.9808,24.129,29640,3231,43809
vp_185947,reduced_compute,baseline,9.41,21.08,failed,0,85.837,9.562,1482.177,690.397,0.8961,18.065,29640,3231,43809
vp_185947,reduced_compute,dg,36.82,50.97,failed,0,48.843,37.695,1598.857,465.689,0.9162,19.644,29640,3231,43809
vp_185947,reduced_compute,sg,89.22,83.72,converged,1,21.19,22.355,1580.226,190.777,0.9612,22.479,29640,3231,43809
vp_185947,reduced_compute,sg_c,93.4,83.35,converged,1,17.136,24.135,1571.083,174.377,0.9725,23.384,29640,3231,43809
vp_185947,missing_low_freq,baseline,9.76,17.92,failed,0,86.206,11.124,1482.062,745.014,0.8932,18.013,29640,3231,43809
vp_185947,missing_low_freq,dg,8.59,43.3,failed,0,84.382,8.351,1483.155,549.751,0.9094,18.715,29640,3231,43809
vp_185947,missing_low_freq,sg,9.07,46.39,failed,0,85.652,8.603,1482.167,467.219,0.9118,19.131,29640,3231,43809
vp_185947,missing_low_freq,sg_c,77.65,91.36,converged,1,31.386,27.303,1542.769,150.693,0.9706,23.858,29640,3231,43809
vp_454140,standard,baseline,11.28,45.51,failed,0,86.842,4.394,1480.401,749.546,0.8804,16.989,25783,4559,40501
vp_454140,standard,dg,73.04,58.28,buffer,0,29.373,29.927,1581.45,415.846,0.9178,19.254,25783,4559,40501
vp_454140,standard,sg,84.55,71.73,converged,1,21.604,26.521,1576.748,254.702,0.9403,20.706,25783,4559,40501
vp_454140,standard,sg_c,80.68,77.65,converged,1,24.513,26.592,1583.13,228.922,0.9489,21.354,25783,4559,40501
vp_454140,reduced_compute,baseline,11.05,23.89,failed,0,87.033,0.411,1480.019,996.746,0.8635,15.883,25783,4559,40501
vp_454140,reduced_compute,dg,11.05,7.5,failed,0,85.139,6.649,1482.065,1069.559,0.8556,15.226,25783,4559,40501
vp_454140,reduced_compute,sg,37.39,57.21,failed,0,51.533,35.615,1606.709,488.374,0.8967,18.629,25783,4559,40501
vp_454140,reduced_compute,sg_c,80.63,60.12,converged,1,28.576,32.775,1578.756,364.848,0.9177,19.603,25783,4559,40501
vp_454140,missing_low_freq,baseline,11.05,16.69,failed,0,87.047,0.07,1480.002,1093.086,0.8574,15.57,25783,4559,40501
vp_454140,missing_low_freq,dg,11.05,21.01,failed,0,84.16,7.244,1482.969,877.145,0.8716,16.307,25783,4559,40501
vp_454140,missing_low_freq,sg,11.12,19.39,failed,0,79.159,14.094,1488.324,1002.976,0.8605,15.789,25783,4559,40501
vp_454140,missing_low_freq,sg_c,71.26,70.43,converged,1,32.0,30.375,1587.819,297.29,0.9322,20.493,25783,4559,40501
vp_318637,standard,baseline,89.4,45.34,buffer,0,18.8,25.274,1568.034,325.337,0.9456,21.588,30228,3026,44186
vp_318637,standard,dg,92.69,87.57,converged,1,19.167,21.046,1579.27,163.063,0.9657,22.839,30228,3026,44186
vp_318637,standard,sg,94.03,78.42,converged,1,15.557,20.788,1556.11,200.018,0.9748,23.807,30228,3026,44186
vp_318637,standard,sg_c,92.08,68.08,converged,1,15.754,22.888,1560.506,230.593,0.9774,24.063,30228,3026,44186
vp_318637,reduced_compute,baseline,8.26,18.34,failed,0,86.603,4.752,1481.208,629.484,0.9016,18.536,30228,3026,44186
vp_318637,reduced_compute,dg,47.85,37.11,buffer,0,49.727,41.108,1595.771,516.534,0.9152,19.719,30228,3026,44186
vp_318637,reduced_compute,sg,88.6,76.57,converged,1,19.821,21.456,1579.841,208.748,0.9653,23.0,30228,3026,44186
vp_318637,reduced_compute,sg_c,91.85,76.77,converged,1,16.678,23.865,1565.02,202.789,0.9714,23.654,30228,3026,44186
vp_318637,missing_low_freq,baseline,8.27,16.29,failed,0,86.525,6.291,1481.323,678.121,0.8984,18.464,30228,3026,44186
vp_318637,missing_low_freq,dg,8.25,38.7,failed,0,85.874,4.816,1481.768,549.932,0.9035,18.503,30228,3026,44186
vp_318637,missing_low_freq,sg,8.66,35.33,failed,0,86.051,6.987,1481.805,533.074,0.912,19.193,30228,3026,44186
vp_318637,missing_low_freq,sg_c,87.94,73.03,converged,1,21.352,26.033,1560.969,214.825,0.9698,23.776,30228,3026,44186
vp_748258,standard,baseline,88.27,42.92,buffer,0,21.82,22.064,1582.72,328.77,0.9715,22.783,27646,2132,40145
vp_748258,standard,dg,87.89,76.08,converged,1,18.66,21.513,1554.329,219.256,0.9689,22.779,27646,2132,40145
vp_748258,standard,sg,96.97,78.94,converged,1,13.508,19.673,1557.657,196.544,0.9781,24.003,27646,2132,40145
vp_748258,standard,sg_c,92.74,70.4,converged,1,15.764,23.525,1560.695,229.128,0.9822,24.579,27646,2132,40145
vp_748258,reduced_compute,baseline,8.0,23.12,failed,0,86.694,3.523,1480.271,603.429,0.9187,19.063,27646,2132,40145
vp_748258,reduced_compute,dg,81.84,64.21,converged,1,26.204,22.867,1583.703,330.649,0.9511,21.482,27646,2132,40145
vp_748258,reduced_compute,sg,96.81,76.88,converged,1,12.288,19.927,1563.66,207.103,0.9681,22.841,27646,2132,40145
vp_748258,reduced_compute,sg_c,95.34,73.45,converged,1,14.394,22.138,1568.428,218.969,0.9782,23.994,27646,2132,40145
vp_748258,missing_low_freq,baseline,7.81,16.84,failed,0,86.785,0.882,1480.109,675.192,0.9128,18.823,27646,2132,40145
vp_748258,missing_low_freq,dg,80.92,59.8,buffer,0,25.4,22.826,1581.568,343.395,0.9539,21.728,27646,2132,40145
vp_748258,missing_low_freq,sg,7.96,35.04,failed,0,85.148,6.004,1481.806,580.632,0.9133,18.989,27646,2132,40145
vp_748258,missing_low_freq,sg_c,79.91,82.79,converged,1,25.955,24.088,1545.106,185.657,0.977,24.15,27646,2132,40145
vp_153025,standard,baseline,95.17,55.82,buffer,0,13.97,23.128,1566.097,276.928,0.9627,22.008,28358,2372,41329
vp_153025,standard,dg,91.66,78.96,converged,1,16.774,20.545,1557.367,198.731,0.9694,22.614,28358,2372,41329
vp_153025,standard,sg,97.18,79.51,converged,1,12.184,20.536,1562.565,194.227,0.9803,23.959,28358,2372,41329
vp_153025,standard,sg_c,87.69,76.35,converged,1,20.675,23.273,1552.489,204.284,0.9824,24.322,28358,2372,41329
vp_153025,reduced_compute,baseline,8.54,23.69,failed,0,89.633,5.472,1480.796,591.74,0.9056,18.54,28358,2372,41329
vp_153025,reduced_compute,dg,78.32,84.74,converged,1,24.985,23.747,1586.28,189.543,0.9555,21.622,28358,2372,41329
vp_153025,reduced_compute,sg,96.8,84.53,converged,1,11.779,20.797,1568.445,173.068,0.9684,22.665,28358,2372,41329
vp_153025,reduced_compute,sg_c,95.11,74.28,converged,1,15.394,23.1,1575.647,205.479,0.9793,23.95,28358,2372,41329
vp_153025,missing_low_freq,baseline,8.49,17.2,failed,0,89.948,2.678,1480.3,675.952,0.9016,18.381,28358,2372,41329
vp_153025,missing_low_freq,dg,87.15,65.47,converged,1,21.195,24.489,1577.023,383.042,0.9415,20.559,28358,2372,41329
vp_153025,missing_low_freq,sg,15.75,43.68,failed,0,83.164,28.576,1491.289,494.125,0.9139,19.282,28358,2372,41329
vp_153025,missing_low_freq,sg_c,80.45,78.16,converged,1,29.898,28.356,1547.682,196.865,0.9749,24.158,28358,2372,41329
vp_550439,standard,baseline,9.13,50.05,failed,0,84.144,34.181,1490.119,546.784,0.9179,18.971,30484,3155,44576
vp_550439,standard,dg,90.33,75.34,converged,1,19.877,20.939,1578.958,266.994,0.9602,21.529,30484,3155,44576
vp_550439,standard,sg,96.41,83.04,converged,1,12.855,18.78,1572.182,179.172,0.9786,23.629,30484,3155,44576
vp_550439,standard,sg_c,97.0,80.29,converged,1,11.467,20.642,1565.212,187.352,0.982,24.014,30484,3155,44576
vp_550439,reduced_compute,baseline,5.95,28.75,failed,0,87.286,0.058,1480.002,859.235,0.8975,17.334,30484,3155,44576
vp_550439,reduced_compute,dg,6.1,13.09,failed,0,86.404,3.438,1480.944,854.491,0.8994,17.134,30484,3155,44576
vp_550439,reduced_compute,sg,96.49,83.3,converged,1,13.141,20.141,1566.7,189.091,0.9585,21.594,30484,3155,44576
vp_550439,reduced_compute,sg_c,96.19,83.23,converged,1,14.16,21.644,1570.728,180.794,0.9697,22.849,30484,3155,44576
vp_550439,missing_low_freq,baseline,5.95,27.77,failed,0,87.288,0.018,1480.0,890.649,0.8976,17.361,30484,3155,44576
vp_550439,missing_low_freq,dg,6.05,13.38,failed,0,85.571,5.051,1481.818,874.105,0.8955,16.839,30484,3155,44576
vp_550439,missing_low_freq,sg,16.57,35.53,failed,0,76.884,35.578,1496.902,650.594,0.9123,18.391,30484,3155,44576
vp_550439,missing_low_freq,sg_c,90.85,85.45,converged,1,18.824,21.355,1551.89,168.247,0.9763,23.44,30484,3155,44576
vp_304727,standard,baseline,4.85,21.65,failed,0,82.93,7.824,1480.7,650.15,0.9013,18.271,29692,4407,45040
vp_304727,standard,dg,88.96,73.77,converged,1,22.285,21.531,1568.527,382.439,0.9434,21.087,29692,4407,45040
vp_304727,standard,sg,96.64,92.65,converged,1,12.024,16.828,1563.764,147.295,0.9704,23.459,29692,4407,45040
vp_304727,standard,sg_c,96.39,88.77,converged,1,13.644,18.075,1568.49,155.798,0.9751,23.95,29692,4407,45040
vp_304727,reduced_compute,baseline,4.56,18.54,failed,0,83.03,0.903,1480.113,818.018,0.888,17.478,29692,4407,45040
vp_304727,reduced_compute,dg,4.58,18.63,failed,0,78.809,9.457,1484.641,781.163,0.8904,17.447,29692,4407,45040
vp_304727,reduced_compute,sg,73.69,87.97,converged,1,28.161,18.669,1585.737,184.615,0.9539,22.286,29692,4407,45040
vp_304727,reduced_compute,sg_c,91.05,90.81,converged,1,18.949,21.562,1570.291,163.182,0.958,22.86,29692,4407,45040
vp_304727,missing_low_freq,baseline,4.56,14.52,failed,0,83.133,0.175,1480.005,872.717,0.8863,17.338,29692,4407,45040
vp_304727,missing_low_freq,dg,4.56,22.94,failed,0,80.847,5.56,1482.29,789.095,0.8923,17.476,29692,4407,45040
vp_304727,missing_low_freq,sg,4.84,34.24,failed,0,79.362,9.202,1484.039,688.887,0.8908,18.008,29692,4407,45040
vp_304727,missing_low_freq,sg_c,93.22,94.17,converged,1,15.65,18.653,1553.904,143.186,0.9676,23.377,29692,4407,45040
vp_884064,standard,baseline,76.75,52.61,buffer,0,27.196,25.754,1581.449,276.107,0.954,21.986,29467,3222,43422
vp_884064,standard,dg,95.15,87.8,converged,1,14.106,22.412,1554.624,179.486,0.961,22.513,29467,3222,43422
vp_884064,standard,sg,95.89,90.53,converged,1,13.095,21.955,1554.109,144.858,0.9763,23.937,29467,3222,43422
vp_884064,standard,sg_c,94.22,83.86,converged,1,14.089,23.476,1558.611,179.265,0.9809,24.548,29467,3222,43422
vp_884064,reduced_compute,baseline,13.68,22.16,failed,0,81.188,3.463,1480.598,655.699,0.8974,18.456,29467,3222,43422
vp_884064,reduced_compute,dg,72.7,75.17,converged,1,29.07,26.606,1580.953,278.408,0.9426,21.282,29467,3222,43422
vp_884064,reduced_compute,sg,82.34,86.87,converged,1,24.602,22.827,1579.477,164.564,0.9659,23.024,29467,3222,43422
vp_884064,reduced_compute,sg_c,93.0,88.55,converged,1,16.128,23.567,1565.854,160.193,0.9745,23.884,29467,3222,43422
vp_884064,missing_low_freq,baseline,13.76,15.8,failed,0,80.996,5.139,1480.86,721.166,0.8937,18.276,29467,3222,43422
vp_884064,missing_low_freq,dg,60.27,49.6,buffer,0,33.831,27.036,1584.555,458.225,0.9234,20.139,29467,3222,43422
vp_884064,missing_low_freq,sg,13.95,41.65,failed,0,80.498,5.327,1481.342,547.269,0.9046,18.923,29467,3222,43422
vp_884064,missing_low_freq,sg_c,90.67,89.54,converged,1,17.179,24.904,1560.208,157.893,0.9768,24.339,29467,3222,43422
vp_623844,standard,baseline,6.51,35.9,failed,0,85.571,15.88,1482.721,558.068,0.9137,19.16,29903,3560,44376
vp_623844,standard,dg,92.97,82.11,converged,1,16.206,19.755,1564.566,261.987,0.9501,21.821,29903,3560,44376
vp_623844,standard,sg,97.8,87.64,converged,1,11.185,17.702,1563.08,161.035,0.9765,23.868,29903,3560,44376
vp_623844,standard,sg_c,96.96,85.9,converged,1,12.202,19.679,1567.591,171.451,0.9796,24.303,29903,3560,44376
vp_623844,reduced_compute,baseline,5.14,24.24,failed,0,86.845,0.469,1480.02,749.407,0.8936,17.878,29903,3560,44376
vp_623844,reduced_compute,dg,39.92,48.17,failed,0,52.006,42.828,1594.686,543.138,0.9098,19.243,29903,3560,44376
vp_623844,reduced_compute,sg,94.59,88.17,converged,1,13.385,18.765,1568.704,168.262,0.9607,22.452,29903,3560,44376
vp_623844,reduced_compute,sg_c,94.33,90.03,converged,1,15.778,20.494,1573.979,160.091,0.9699,23.405,29903,3560,44376
vp_623844,missing_low_freq,baseline,5.14,17.7,failed,0,86.857,0.2,1480.007,824.376,0.8898,17.647,29903,3560,44376
vp_623844,missing_low_freq,dg,5.14,35.25,failed,0,86.773,1.252,1480.114,636.25,0.9042,18.36,29903,3560,44376
vp_623844,missing_low_freq,sg,5.59,40.98,failed,0,84.97,7.194,1482.117,623.509,0.8988,18.348,29903,3560,44376
vp_623844,missing_low_freq,sg_c,94.32,89.16,converged,1,14.996,21.128,1569.531,159.216,0.9745,23.938,29903,3560,44376
vp_749058,standard,baseline,95.82,45.97,buffer,0,13.592,22.279,1576.019,299.09,0.9746,23.331,33745,1760,46687
vp_749058,standard,dg,91.54,88.3,converged,1,17.759,20.46,1554.304,161.139,0.9753,23.439,33745,1760,46687
vp_749058,standard,sg,93.19,66.48,converged,1,16.769,23.383,1566.042,241.82,0.9743,24.106,33745,1760,46687
vp_749058,standard,sg_c,83.97,67.84,converged,1,22.988,27.033,1556.004,234.4,0.9788,24.798,33745,1760,46687
vp_749058,reduced_compute,baseline,8.07,21.53,failed,0,89.392,10.168,1480.864,535.22,0.9299,19.859,33745,1760,46687
vp_749058,reduced_compute,dg,76.94,49.09,buffer,0,29.249,27.837,1585.183,358.711,0.9413,21.034,33745,1760,46687
vp_749058,reduced_compute,sg,94.55,78.18,converged,1,16.405,22.591,1573.534,199.983,0.9682,23.214,33745,1760,46687
vp_749058,reduced_compute,sg_c,83.19,73.64,converged,1,23.936,28.982,1560.565,209.069,0.9717,24.159,33745,1760,46687
vp_749058,missing_low_freq,baseline,8.02,17.16,failed,0,89.419,2.819,1480.158,585.12,0.9288,19.786,33745,1760,46687
vp_749058,missing_low_freq,dg,90.39,61.99,converged,1,18.649,23.352,1573.987,428.665,0.9433,20.714,33745,1760,46687
vp_749058,missing_low_freq,sg,89.52,82.67,converged,1,21.927,24.19,1555.099,210.738,0.9671,23.37,33745,1760,46687
vp_749058,missing_low_freq,sg_c,68.74,62.9,converged,1,39.313,38.568,1550.39,255.732,0.9566,23.575,33745,1760,46687
vp_705341,standard,baseline,14.39,23.31,failed,0,89.342,60.331,1499.965,532.074,0.912,19.87,32416,3119,46876
vp_705341,standard,dg,93.55,92.24,converged,1,16.793,18.876,1574.94,150.231,0.9637,22.897,32416,3119,46876
vp_705341,standard,sg,94.97,88.33,converged,1,14.666,19.284,1553.862,163.208,0.9801,24.817,32416,3119,46876
vp_705341,standard,sg_c,93.24,81.63,converged,1,14.546,22.599,1559.63,187.608,0.9821,25.083,32416,3119,46876
vp_705341,reduced_compute,baseline,8.36,23.21,failed,0,85.049,0.116,1480.003,699.079,0.9012,18.652,32416,3119,46876
vp_705341,reduced_compute,dg,36.69,7.89,failed,0,51.761,41.168,1594.627,704.503,0.8982,18.566,32416,3119,46876
vp_705341,reduced_compute,sg,94.34,92.95,converged,1,13.813,21.045,1559.379,147.287,0.965,23.264,32416,3119,46876
vp_705341,reduced_compute,sg_c,89.92,89.93,converged,1,18.885,26.209,1562.192,155.871,0.9725,24.544,32416,3119,46876
vp_705341,missing_low_freq,baseline,8.36,14.14,failed,0,85.052,0.003,1480.0,745.996,0.9002,18.589,32416,3119,46876
vp_705341,missing_low_freq,dg,8.36,14.4,failed,0,83.407,4.002,1481.585,713.14,0.8978,18.179,32416,3119,46876
vp_705341,missing_low_freq,sg,90.05,84.74,converged,1,18.148,23.004,1566.948,173.794,0.971,24.163,32416,3119,46876
vp_705341,missing_low_freq,sg_c,75.31,89.8,converged,1,32.473,27.214,1538.937,158.169,0.9719,24.69,32416,3119,46876
vp_753150,standard,baseline,98.64,64.23,converged,1,9.764,17.501,1557.134,234.519,0.9755,23.913,32591,1750,45323
vp_753150,standard,dg,86.36,83.71,converged,1,21.036,19.101,1546.941,178.315,0.9736,23.924,32591,1750,45323
vp_753150,standard,sg,93.24,82.86,converged,1,18.068,16.615,1546.07,179.829,0.9849,25.351,32591,1750,45323
vp_753150,standard,sg_c,85.73,63.77,converged,1,21.151,22.996,1549.155,240.0,0.9805,25.347,32591,1750,45323
vp_753150,reduced_compute,baseline,5.66,17.37,failed,0,83.639,19.022,1482.05,639.517,0.9256,20.166,32591,1750,45323
vp_753150,reduced_compute,dg,97.04,91.6,converged,1,14.574,16.671,1572.146,149.119,0.9655,23.029,32591,1750,45323
vp_753150,reduced_compute,sg,98.72,93.89,converged,1,11.336,16.654,1553.972,141.594,0.9754,24.074,32591,1750,45323
vp_753150,reduced_compute,sg_c,90.14,74.4,converged,1,17.713,22.503,1554.807,209.82,0.9815,25.405,32591,1750,45323
vp_753150,missing_low_freq,baseline,5.62,14.74,failed,0,82.996,8.469,1480.72,674.933,0.9272,20.081,32591,1750,45323
vp_753150,missing_low_freq,dg,95.01,62.8,converged,1,13.78,17.891,1565.86,485.142,0.9548,21.655,32591,1750,45323
vp_753150,missing_low_freq,sg,97.86,82.97,converged,1,10.816,16.695,1565.892,183.589,0.9817,25.054,32591,1750,45323
vp_753150,missing_low_freq,sg_c,74.82,64.46,converged,1,29.195,27.7,1544.521,239.366,0.973,24.939,32591,1750,45323
vp_169141,standard,baseline,95.47,63.52,converged,1,12.947,23.062,1566.036,241.005,0.973,24.061,31818,2256,45132
vp_169141,standard,dg,84.41,80.41,converged,1,21.099,23.155,1555.005,208.042,0.9679,23.788,31818,2256,45132
vp_169141,standard,sg,96.91,76.95,converged,1,11.281,20.818,1566.75,211.451,0.9866,26.007,31818,2256,45132
vp_169141,standard,sg_c,89.6,76.24,converged,1,17.627,24.395,1558.4,212.699,0.9835,25.845,31818,2256,45132
vp_169141,reduced_compute,baseline,7.34,19.59,failed,0,89.241,2.102,1480.313,628.686,0.9233,19.869,31818,2256,45132
vp_169141,reduced_compute,dg,89.63,87.9,converged,1,20.99,21.379,1583.517,156.755,0.9625,23.144,31818,2256,45132
vp_169141,reduced_compute,sg,96.41,84.8,converged,1,14.194,20.346,1576.922,181.814,0.9819,25.283,31818,2256,45132
vp_169141,reduced_compute,sg_c,90.55,82.85,converged,1,16.69,25.048,1562.167,188.232,0.9826,25.813,31818,2256,45132
vp_169141,missing_low_freq,baseline,7.33,14.94,failed,0,89.451,0.649,1480.071,678.368,0.9189,19.599,31818,2256,45132
vp_169141,missing_low_freq,dg,84.57,67.24,converged,1,25.472,26.329,1582.373,345.625,0.9566,22.829,31818,2256,45132
vp_169141,missing_low_freq,sg,11.26,54.79,failed,0,84.983,20.439,1486.275,337.05,0.9423,21.55,31818,2256,45132
vp_169141,missing_low_freq,sg_c,62.35,86.44,converged,1,36.817,27.801,1536.868,172.1,0.9757,25.513,31818,2256,45132
vp_147636,standard,baseline,82.59,60.94,converged,1,26.76,29.017,1572.346,339.119,0.9341,20.629,27336,3413,41186
vp_147636,standard,dg,87.25,74.19,converged,1,21.347,20.986,1579.655,260.043,0.9562,21.543,27336,3413,41186
vp_147636,standard,sg,93.36,90.27,converged,1,14.814,21.169,1569.52,157.439,0.9663,22.532,27336,3413,41186
vp_147636,standard,sg_c,93.54,90.71,converged,1,14.182,22.484,1563.927,154.188,0.9729,23.088,27336,3413,41186
vp_147636,reduced_compute,baseline,8.0,29.56,failed,0,85.111,7.655,1481.689,787.121,0.8883,17.436,27336,3413,41186
vp_147636,reduced_compute,dg,27.92,45.77,failed,0,60.152,58.773,1579.7,583.888,0.8968,18.649,27336,3413,41186
vp_147636,reduced_compute,sg,64.9,81.86,converged,1,31.463,22.09,1591.595,209.327,0.949,21.362,27336,3413,41186
vp_147636,reduced_compute,sg_c,81.04,84.27,converged,1,25.233,22.616,1584.702,187.382,0.9635,22.376,27336,3413,41186
vp_147636,missing_low_freq,baseline,8.43,23.56,failed,0,85.234,10.421,1481.926,861.217,0.8846,17.283,27336,3413,41186
vp_147636,missing_low_freq,dg,7.37,41.34,failed,0,85.179,4.523,1481.299,656.945,0.8968,17.876,27336,3413,41186
vp_147636,missing_low_freq,sg,15.3,38.59,failed,0,76.81,29.274,1493.696,689.001,0.8904,17.941,27336,3413,41186
vp_147636,missing_low_freq,sg_c,90.5,89.33,converged,1,16.632,23.961,1562.385,162.548,0.9662,22.646,27336,3413,41186
vp_715041,standard,baseline,8.24,11.86,failed,0,89.783,2.075,1480.078,642.444,0.8922,18.485,25049,4091,39256
vp_715041,standard,dg,79.1,61.4,converged,1,30.025,32.501,1580.16,379.733,0.9217,21.057,25049,4091,39256
vp_715041,standard,sg,84.36,91.93,converged,1,23.272,23.55,1586.534,137.915,0.9666,24.115,25049,4091,39256
vp_715041,standard,sg_c,96.8,97.51,converged,1,12.138,23.445,1566.745,111.006,0.9722,24.413,25049,4091,39256
vp_715041,reduced_compute,baseline,8.17,11.12,failed,0,89.83,0.019,1480.0,741.847,0.8817,17.918,25049,4091,39256
vp_715041,reduced_compute,dg,19.72,41.31,failed,0,62.144,40.428,1617.36,500.836,0.8861,19.454,25049,4091,39256
vp_715041,reduced_compute,sg,61.14,88.44,converged,1,34.743,26.746,1597.091,177.446,0.9334,22.136,25049,4091,39256
vp_715041,reduced_compute,sg_c,78.3,93.72,converged,1,27.397,25.908,1589.49,134.234,0.9491,23.203,25049,4091,39256
vp_715041,missing_low_freq,baseline,8.17,7.65,failed,0,89.83,0.024,1480.0,794.077,0.8798,17.731,25049,4091,39256
vp_715041,missing_low_freq,dg,8.17,25.05,failed,0,89.797,0.519,1480.039,684.817,0.8815,18.016,25049,4091,39256
vp_715041,missing_low_freq,sg,8.2,17.01,failed,0,89.334,3.028,1480.539,713.324,0.8782,17.956,25049,4091,39256
vp_715041,missing_low_freq,sg_c,94.46,96.53,converged,1,13.979,24.121,1569.715,116.8,0.9588,23.607,25049,4091,39256
vp_395756,standard,baseline,85.54,52.13,buffer,0,23.254,24.909,1578.993,297.254,0.9512,21.135,29436,2937,43125
vp_395756,standard,dg,92.16,75.66,converged,1,16.081,21.308,1553.28,215.308,0.9664,22.075,29436,2937,43125
vp_395756,standard,sg,96.54,86.28,converged,1,11.895,20.785,1567.014,171.811,0.9793,23.724,29436,2937,43125
vp_395756,standard,sg_c,91.56,88.39,converged,1,18.487,21.679,1546.558,162.959,0.9815,23.782,29436,2937,43125
vp_395756,reduced_compute,baseline,11.13,27.24,failed,0,82.988,7.739,1481.666,720.023,0.8957,17.809,29436,2937,43125
vp_395756,reduced_compute,dg,44.81,53.42,buffer,0,47.354,34.209,1598.972,440.39,0.9175,19.302,29436,2937,43125
vp_395756,reduced_compute,sg,92.13,84.75,converged,1,17.769,21.793,1575.03,176.648,0.964,22.164,29436,2937,43125
vp_395756,reduced_compute,sg_c,96.47,83.72,converged,1,12.439,22.518,1563.726,183.026,0.9752,23.221,29436,2937,43125
vp_395756,missing_low_freq,baseline,11.52,23.87,failed,0,83.211,9.188,1481.63,779.835,0.8928,17.778,29436,2937,43125
vp_395756,missing_low_freq,dg,10.63,26.15,failed,0,80.17,9.585,1484.227,701.393,0.8953,17.608,29436,2937,43125
vp_395756,missing_low_freq,sg,10.76,41.61,failed,0,81.55,7.846,1482.792,572.591,0.9035,18.265,29436,2937,43125
vp_395756,missing_low_freq,sg_c,82.37,89.21,converged,1,24.36,24.251,1543.576,157.577,0.9764,23.722,29436,2937,43125
vp_558657,standard,baseline,9.37,20.77,failed,0,86.52,19.865,1484.769,524.133,0.9083,19.133,27770,3294,41593
vp_558657,standard,dg,91.45,91.26,converged,1,18.108,20.429,1577.87,160.962,0.9629,22.739,27770,3294,41593
vp_558657,standard,sg,97.67,88.04,converged,1,11.049,19.101,1565.0,156.074,0.9752,23.88,27770,3294,41593
vp_558657,standard,sg_c,96.92,81.45,converged,1,11.838,20.809,1569.141,186.49,0.9804,24.379,27770,3294,41593
vp_558657,reduced_compute,baseline,6.74,20.16,failed,0,86.989,8.24,1482.2,621.883,0.8954,18.452,27770,3294,41593
vp_558657,reduced_compute,dg,19.41,45.63,failed,0,61.51,47.938,1606.448,451.544,0.8978,19.394,27770,3294,41593
vp_558657,reduced_compute,sg,95.86,93.93,converged,1,13.963,19.927,1572.063,139.908,0.9599,22.66,27770,3294,41593
vp_558657,reduced_compute,sg_c,96.01,89.59,converged,1,15.247,20.243,1577.165,159.571,0.9725,23.718,27770,3294,41593
vp_558657,missing_low_freq,baseline,7.13,14.91,failed,0,87.037,9.248,1482.236,674.809,0.8925,18.342,27770,3294,41593
vp_558657,missing_low_freq,dg,6.6,39.56,failed,0,85.886,7.519,1482.97,543.646,0.9043,18.764,27770,3294,41593
vp_558657,missing_low_freq,sg,7.13,35.64,failed,0,83.509,11.24,1485.54,572.207,0.8963,18.663,27770,3294,41593
vp_558657,missing_low_freq,sg_c,93.66,92.93,converged,1,15.996,20.364,1555.974,139.979,0.9759,24.036,27770,3294,41593
vp_172130,standard,baseline,84.31,54.63,buffer,0,25.591,21.124,1584.855,271.137,0.9616,22.845,27487,2841,40756
vp_172130,standard,dg,93.5,83.46,converged,1,15.53,19.388,1556.033,218.377,0.9636,22.957,27487,2841,40756
vp_172130,standard,sg,98.0,86.94,converged,1,10.143,17.988,1559.994,173.887,0.974,24.198,27487,2841,40756
vp_172130,standard,sg_c,96.88,73.42,converged,1,14.775,20.412,1571.746,215.206,0.9815,24.9,27487,2841,40756
vp_172130,reduced_compute,baseline,7.44,25.03,failed,0,84.725,0.631,1480.06,674.296,0.9021,18.717,27487,2841,40756
vp_172130,reduced_compute,dg,78.13,76.52,converged,1,27.326,20.635,1585.261,241.649,0.945,21.813,27487,2841,40756
vp_172130,reduced_compute,sg,86.99,80.92,converged,1,23.869,18.866,1583.879,196.522,0.9652,23.386,27487,2841,40756
vp_172130,reduced_compute,sg_c,95.44,78.53,converged,1,17.064,19.771,1575.409,200.381,0.9768,24.421,27487,2841,40756
vp_172130,missing_low_freq,baseline,7.44,19.82,failed,0,84.75,0.385,1480.033,739.583,0.8986,18.512,27487,2841,40756
vp_172130,missing_low_freq,dg,90.05,71.59,converged,1,20.844,22.483,1570.527,407.034,0.9386,21.301,27487,2841,40756
vp_172130,missing_low_freq,sg,7.51,41.68,failed,0,83.7,4.526,1481.137,556.397,0.9056,19.157,27487,2841,40756
vp_172130,missing_low_freq,sg_c,95.77,88.6,converged,1,14.316,19.224,1553.401,173.174,0.9786,24.631,27487,2841,40756
vp_167440,standard,baseline,89.35,57.44,buffer,0,17.583,25.465,1572.951,282.785,0.948,21.48,26805,3106,40288
vp_167440,standard,dg,86.99,71.41,converged,1,21.594,23.557,1581.809,252.436,0.9558,22.049,26805,3106,40288
vp_167440,standard,sg,96.38,87.99,converged,1,12.999,22.332,1567.008,165.192,0.9733,23.391,26805,3106,40288
vp_167440,standard,sg_c,88.38,89.38,converged,1,20.617,24.068,1553.919,154.429,0.9775,23.774,26805,3106,40288
vp_167440,reduced_compute,baseline,9.58,18.74,failed,0,89.683,10.828,1482.37,712.233,0.886,17.827,26805,3106,40288
vp_167440,reduced_compute,dg,74.81,56.92,buffer,0,29.904,29.038,1586.156,427.235,0.9196,19.918,26805,3106,40288
vp_167440,reduced_compute,sg,76.46,81.2,converged,1,27.151,23.442,1591.96,192.217,0.9588,22.295,26805,3106,40288
vp_167440,reduced_compute,sg_c,90.79,84.19,converged,1,18.135,24.214,1579.247,178.426,0.9697,23.173,26805,3106,40288
vp_167440,missing_low_freq,baseline,9.63,13.91,failed,0,90.126,13.858,1482.405,773.978,0.8814,17.711,26805,3106,40288
vp_167440,missing_low_freq,dg,8.34,32.42,failed,0,89.161,6.977,1482.241,601.139,0.9037,18.626,26805,3106,40288
vp_167440,missing_low_freq,sg,8.4,30.04,failed,0,85.163,14.054,1486.608,668.808,0.8864,18.049,26805,3106,40288
vp_167440,missing_low_freq,sg_c,87.86,90.53,converged,1,21.46,25.628,1556.033,149.928,0.9699,23.323,26805,3106,40288
vp_181131,standard,baseline,9.24,18.65,failed,0,90.293,8.707,1481.546,701.243,0.8678,17.328,23538,4949,38169
vp_181131,standard,dg,43.31,66.24,buffer,0,49.567,33.489,1607.833,432.424,0.913,19.9,23538,4949,38169
vp_181131,standard,sg,56.62,84.42,buffer,0,35.801,25.449,1598.715,212.305,0.935,21.427,23538,4949,38169
vp_181131,standard,sg_c,90.96,85.49,converged,1,20.993,27.72,1572.694,192.848,0.9491,22.073,23538,4949,38169
vp_181131,reduced_compute,baseline,9.98,15.44,failed,0,89.474,12.38,1482.913,836.893,0.8564,16.693,23538,4949,38169
vp_181131,reduced_compute,dg,10.4,14.35,failed,0,86.749,13.787,1485.455,885.498,0.8551,16.293,23538,4949,38169
vp_181131,reduced_compute,sg,23.58,60.72,failed,0,66.746,41.496,1624.414,485.203,0.8833,18.984,23538,4949,38169
vp_181131,reduced_compute,sg_c,54.95,73.05,buffer,0,48.818,37.644,1604.61,357.264,0.9095,20.279,23538,4949,38169
vp_181131,missing_low_freq,baseline,10.74,10.99,failed,0,89.397,21.158,1485.126,907.158,0.8492,16.437,23538,4949,38169
vp_181131,missing_low_freq,dg,9.67,20.02,failed,0,80.09,15.824,1492.208,823.386,0.8586,16.635,23538,4949,38169
vp_181131,missing_low_freq,sg,11.69,15.58,failed,0,74.728,21.243,1498.56,849.731,0.8559,16.638,23538,4949,38169
vp_181131,missing_low_freq,sg_c,66.39,74.8,converged,1,41.028,33.763,1597.993,294.108,0.9223,20.975,23538,4949,38169
vp_356948,standard,baseline,6.5,18.28,failed,0,79.249,5.477,1481.426,722.53,0.8791,17.776,28685,5012,44409
vp_356948,standard,dg,69.12,66.22,converged,1,29.856,26.62,1577.613,368.034,0.9177,20.48,28685,5012,44409
vp_356948,standard,sg,93.8,90.84,converged,1,15.304,20.541,1563.978,164.451,0.9587,22.901,28685,5012,44409
vp_356948,standard,sg_c,95.85,94.53,converged,1,13.666,20.549,1556.477,131.717,0.9675,23.501,28685,5012,44409
vp_356948,reduced_compute,baseline,9.25,18.0,failed,0,77.3,16.326,1484.87,848.565,0.8706,17.214,28685,5012,44409
vp_356948,reduced_compute,dg,8.35,1.44,failed,0,65.346,16.237,1496.433,923.528,0.8682,16.394,28685,5012,44409
vp_356948,reduced_compute,sg,84.48,80.99,converged,1,20.441,23.347,1568.838,233.839,0.9366,21.563,28685,5012,44409
vp_356948,reduced_compute,sg_c,85.91,90.26,converged,1,21.046,22.618,1571.908,162.778,0.9492,22.592,28685,5012,44409
vp_356948,missing_low_freq,baseline,9.52,12.39,failed,0,77.244,17.982,1485.369,881.28,0.8688,17.117,28685,5012,44409
vp_356948,missing_low_freq,dg,6.6,4.71,failed,0,67.445,14.608,1493.765,894.301,0.8701,16.599,28685,5012,44409
vp_356948,missing_low_freq,sg,6.51,20.53,failed,0,72.742,12.778,1488.288,800.978,0.8748,17.428,28685,5012,44409
vp_356948,missing_low_freq,sg_c,83.09,90.82,converged,1,21.802,22.983,1572.407,157.323,0.9538,22.824,28685,5012,44409
vp_120111,standard,baseline,95.63,63.35,converged,1,12.812,21.045,1567.86,247.731,0.9676,22.837,29451,2278,42468
vp_120111,standard,dg,95.75,74.58,converged,1,15.734,20.353,1576.645,221.393,0.9722,23.434,29451,2278,42468
vp_120111,standard,sg,95.54,81.61,converged,1,15.016,17.41,1558.221,190.058,0.9842,24.847,29451,2278,42468
vp_120111,standard,sg_c,93.53,62.64,converged,1,14.843,22.302,1565.864,233.948,0.9849,25.122,29451,2278,42468
vp_120111,reduced_compute,baseline,4.07,16.59,failed,0,91.35,1.444,1480.088,652.993,0.922,19.077,29451,2278,42468
vp_120111,reduced_compute,dg,82.78,77.7,converged,1,22.672,20.337,1587.732,240.708,0.9591,22.008,29451,2278,42468
vp_120111,reduced_compute,sg,98.62,84.02,converged,1,11.024,17.093,1564.22,180.903,0.9767,23.874,29451,2278,42468
vp_120111,reduced_compute,sg_c,95.79,69.53,converged,1,13.955,21.759,1572.439,221.832,0.9823,24.75,29451,2278,42468
vp_120111,missing_low_freq,baseline,4.04,14.71,failed,0,91.42,0.013,1480.0,733.635,0.9157,18.799,29451,2278,42468
vp_120111,missing_low_freq,dg,83.74,49.43,buffer,0,22.957,17.778,1586.952,519.492,0.9406,20.543,29451,2278,42468
vp_120111,missing_low_freq,sg,10.97,38.81,failed,0,83.03,28.579,1492.65,467.902,0.9295,20.038,29451,2278,42468
vp_120111,missing_low_freq,sg_c,93.32,76.21,converged,1,15.147,22.248,1566.628,204.363,0.9834,25.143,29451,2278,42468
vp_886674,standard,baseline,11.62,18.78,failed,0,97.449,67.019,1496.627,540.802,0.9079,19.463,34242,3429,49095
vp_886674,standard,dg,91.78,92.8,converged,1,17.845,20.627,1577.017,147.041,0.9606,22.752,34242,3429,49095
vp_886674,standard,sg,95.78,74.66,converged,1,14.141,20.41,1571.64,205.648,0.9788,24.351,34242,3429,49095
vp_886674,standard,sg_c,90.68,75.97,converged,1,17.182,23.66,1559.336,198.087,0.9786,24.569,34242,3429,49095
vp_886674,reduced_compute,baseline,8.31,23.21,failed,0,84.378,10.694,1483.088,601.204,0.907,19.035,34242,3429,49095
vp_886674,reduced_compute,dg,29.8,12.25,failed,0,64.38,64.1,1566.665,715.33,0.8655,17.928,34242,3429,49095
vp_886674,reduced_compute,sg,93.95,81.28,converged,1,14.786,22.355,1567.216,239.141,0.9336,21.368,34242,3429,49095
vp_886674,reduced_compute,sg_c,82.96,88.6,converged,1,25.531,29.837,1557.263,154.322,0.959,23.805,34242,3429,49095
vp_886674,missing_low_freq,baseline,8.6,14.09,failed,0,84.718,10.823,1482.793,653.94,0.9055,18.912,34242,3429,49095
vp_886674,missing_low_freq,dg,7.28,15.02,failed,0,79.484,12.26,1487.486,611.739,0.9031,18.535,34242,3429,49095
vp_886674,missing_low_freq,sg,17.28,31.5,failed,0,75.939,32.027,1496.509,561.325,0.8994,19.226,34242,3429,49095
vp_886674,missing_low_freq,sg_c,71.64,75.97,converged,1,31.852,30.447,1547.691,198.953,0.9576,23.654,34242,3429,49095
vp_749361,standard,baseline,8.71,46.36,failed,0,93.962,49.679,1493.969,636.601,0.8999,18.516,28423,3488,42528
vp_749361,standard,dg,87.75,70.5,converged,1,19.679,25.31,1574.171,365.102,0.9438,20.915,28423,3488,42528
vp_749361,standard,sg,89.75,70.79,converged,1,19.176,21.796,1584.213,255.685,0.9706,23.204,28423,3488,42528
vp_749361,standard,sg_c,92.4,72.85,converged,1,16.45,22.92,1564.794,246.662,0.9709,23.108,28423,3488,42528
vp_749361,reduced_compute,baseline,5.45,29.67,failed,0,93.78,0.657,1480.016,897.183,0.8929,17.164,28423,3488,42528
vp_749361,reduced_compute,dg,5.49,18.55,failed,0,93.068,4.254,1480.728,819.019,0.8944,17.195,28423,3488,42528
vp_749361,reduced_compute,sg,81.58,70.58,converged,1,24.676,22.554,1590.35,274.035,0.959,22.1,28423,3488,42528
vp_749361,reduced_compute,sg_c,86.05,73.17,converged,1,22.221,25.646,1583.129,256.399,0.9619,22.595,28423,3488,42528
vp_749361,missing_low_freq,baseline,5.45,22.59,failed,0,93.793,0.0,1480.0,987.468,0.8883,16.9,28423,3488,42528
vp_749361,missing_low_freq,dg,5.45,37.47,failed,0,93.711,1.196,1480.089,781.466,0.8988,17.506,28423,3488,42528
vp_749361,missing_low_freq,sg,26.37,31.97,failed,0,74.035,45.837,1516.263,701.998,0.9131,18.872,28423,3488,42528
vp_749361,missing_low_freq,sg_c,85.78,70.18,converged,1,25.059,29.649,1574.517,257.326,0.9637,23.065,28423,3488,42528
vp_149842,standard,baseline,95.1,63.68,converged,1,14.799,21.779,1559.265,249.966,0.9605,22.356,27610,2627,40564
vp_149842,standard,dg,91.55,82.87,converged,1,17.838,19.822,1552.393,189.168,0.9649,22.878,27610,2627,40564
vp_149842,standard,sg,92.02,76.78,converged,1,17.817,19.098,1575.643,198.338,0.9721,23.626,27610,2627,40564
vp_149842,standard,sg_c,95.62,75.14,converged,1,13.284,22.209,1561.652,199.819,0.9828,24.812,27610,2627,40564
vp_149842,reduced_compute,baseline,9.11,19.49,failed,0,84.445,3.66,1480.382,640.248,0.9025,18.676,27610,2627,40564
vp_149842,reduced_compute,dg,82.69,89.42,converged,1,24.316,19.984,1582.069,164.485,0.9529,21.979,27610,2627,40564
vp_149842,reduced_compute,sg,85.21,78.99,converged,1,22.759,19.057,1581.213,194.079,0.9604,22.634,27610,2627,40564
vp_149842,reduced_compute,sg_c,95.89,81.04,converged,1,13.006,20.844,1567.347,184.442,0.9773,24.147,27610,2627,40564
vp_149842,missing_low_freq,baseline,9.04,12.41,failed,0,84.538,1.813,1480.208,720.766,0.8976,18.411,27610,2627,40564
vp_149842,missing_low_freq,dg,83.17,56.19,buffer,0,25.98,25.384,1575.626,447.632,0.9333,20.751,27610,2627,40564
vp_149842,missing_low_freq,sg,13.24,41.23,failed,0,80.019,20.176,1486.734,515.188,0.9069,19.226,27610,2627,40564
vp_149842,missing_low_freq,sg_c,91.15,92.58,converged,1,19.181,20.969,1547.669,146.177,0.9793,24.458,27610,2627,40564
vp_441939,standard,baseline,94.43,55.1,buffer,0,14.665,27.419,1561.677,264.899,0.9647,22.325,27935,2381,40737
vp_441939,standard,dg,92.0,77.32,converged,1,16.953,23.957,1571.202,198.024,0.9701,22.954,27935,2381,40737
vp_441939,standard,sg,96.71,87.15,converged,1,13.092,22.616,1556.782,169.001,0.9821,24.429,27935,2381,40737
vp_441939,standard,sg_c,95.4,74.25,converged,1,13.425,25.699,1558.812,208.196,0.9851,24.775,27935,2381,40737
vp_441939,reduced_compute,baseline,13.85,23.02,failed,0,86.065,6.772,1480.954,587.517,0.9044,18.824,27935,2381,40737
vp_441939,reduced_compute,dg,73.67,75.72,converged,1,29.274,25.511,1586.681,267.081,0.9467,21.26,27935,2381,40737
vp_441939,reduced_compute,sg,96.09,90.38,converged,1,12.757,23.615,1561.303,156.048,0.9687,22.96,27935,2381,40737
vp_441939,reduced_compute,sg_c,96.02,79.63,converged,1,12.613,25.199,1565.486,191.385,0.9812,24.259,27935,2381,40737
vp_441939,missing_low_freq,baseline,14.11,17.18,failed,0,85.903,6.187,1480.917,666.161,0.9007,18.694,27935,2381,40737
vp_441939,missing_low_freq,dg,91.06,75.64,converged,1,16.719,23.784,1564.646,242.838,0.9522,21.534,27935,2381,40737
vp_441939,missing_low_freq,sg,14.14,38.14,failed,0,84.262,8.203,1482.521,511.134,0.9054,18.987,27935,2381,40737
vp_441939,missing_low_freq,sg_c,82.91,89.96,converged,1,22.519,25.18,1544.722,156.312,0.9819,24.526,27935,2381,40737
vp_206929,standard,baseline,7.32,15.9,failed,0,93.482,47.95,1488.354,591.04,0.9093,19.29,31438,3391,46007
vp_206929,standard,dg,89.76,76.59,converged,1,20.676,22.898,1561.228,322.881,0.9544,22.509,31438,3391,46007
vp_206929,standard,sg,98.12,86.64,converged,1,9.936,18.561,1568.009,165.166,0.9825,25.25,31438,3391,46007
vp_206929,standard,sg_c,96.37,88.09,converged,1,12.466,20.38,1561.756,165.125,0.9842,25.513,31438,3391,46007
vp_206929,reduced_compute,baseline,6.45,16.19,failed,0,87.878,0.115,1480.006,721.129,0.9059,18.712,31438,3391,46007
vp_206929,reduced_compute,dg,51.48,57.89,buffer,0,42.209,33.558,1594.839,390.928,0.9308,20.899,31438,3391,46007
vp_206929,reduced_compute,sg,95.81,92.75,converged,1,13.572,19.44,1574.839,145.588,0.9726,24.137,31438,3391,46007
vp_206929,reduced_compute,sg_c,91.17,92.54,converged,1,16.495,23.156,1562.828,147.014,0.9767,24.99,31438,3391,46007
vp_206929,missing_low_freq,baseline,6.45,10.65,failed,0,87.883,0.003,1480.0,760.421,0.9047,18.607,31438,3391,46007
vp_206929,missing_low_freq,dg,6.45,30.11,failed,0,87.035,2.901,1480.833,656.83,0.9105,18.83,31438,3391,46007
vp_206929,missing_low_freq,sg,12.6,43.79,failed,0,81.038,28.097,1490.737,537.074,0.9133,19.723,31438,3391,46007
vp_206929,missing_low_freq,sg_c,91.53,91.83,converged,1,16.578,22.354,1559.962,150.807,0.9807,25.425,31438,3391,46007
vp_352738,standard,baseline,14.07,73.27,failed,0,88.769,55.603,1497.972,566.546,0.9184,19.018,30494,2746,44155
vp_352738,standard,dg,95.38,82.7,converged,1,13.481,19.661,1564.622,217.357,0.9676,21.74,30494,2746,44155
vp_352738,standard,sg,96.02,99.67,converged,1,12.848,19.749,1568.089,59.783,0.9846,24.605,30494,2746,44155
vp_352738,standard,sg_c,94.25,99.78,converged,1,14.805,22.633,1565.977,55.475,0.9854,24.72,30494,2746,44155
vp_352738,reduced_compute,baseline,7.1,34.2,failed,0,86.09,0.013,1480.0,1006.817,0.9003,17.055,30494,2746,44155
vp_352738,reduced_compute,dg,17.17,18.46,failed,0,74.965,27.954,1494.988,921.574,0.9103,17.342,30494,2746,44155
vp_352738,reduced_compute,sg,95.51,89.84,converged,1,13.4,20.617,1563.285,166.338,0.9695,22.238,30494,2746,44155
vp_352738,reduced_compute,sg_c,94.43,95.52,converged,1,16.221,22.756,1570.309,105.222,0.9746,23.131,30494,2746,44155
vp_352738,missing_low_freq,baseline,7.1,29.1,failed,0,86.09,0.0,1480.0,1072.458,0.8966,16.929,30494,2746,44155
vp_352738,missing_low_freq,dg,7.13,1.46,failed,0,83.566,5.793,1482.609,1090.097,0.8945,16.281,30494,2746,44155
vp_352738,missing_low_freq,sg,84.47,85.14,converged,1,23.436,21.358,1581.191,250.195,0.962,21.692,30494,2746,44155
vp_352738,missing_low_freq,sg_c,85.84,99.75,converged,1,22.599,28.087,1561.224,61.023,0.9776,24.426,30494,2746,44155
vp_281135,standard,baseline,11.43,24.11,failed,0,86.372,27.391,1488.011,636.998,0.9156,19.511,33050,3492,47915
vp_281135,standard,dg,85.31,73.63,converged,1,23.75,28.443,1569.877,400.044,0.9459,21.731,33050,3492,47915
vp_281135,standard,sg,94.37,81.59,converged,1,13.686,22.572,1564.186,187.463,0.9809,25.031,33050,3492,47915
vp_281135,standard,sg_c,89.42,84.45,converged,1,17.856,25.321,1559.84,181.764,0.9804,25.135,33050,3492,47915
vp_281135,reduced_compute,baseline,7.52,21.76,failed,0,90.298,0.038,1480.001,768.025,0.9064,18.571,33050,3492,47915
vp_281135,reduced_compute,dg,20.01,2.66,failed,0,75.668,29.94,1499.545,833.358,0.897,17.752,33050,3492,47915
vp_281135,reduced_compute,sg,94.37,89.69,converged,1,15.307,23.337,1573.693,162.518,0.9666,23.566,33050,3492,47915
vp_281135,reduced_compute,sg_c,86.8,89.6,converged,1,19.916,27.177,1563.301,163.966,0.9703,24.458,33050,3492,47915
vp_281135,missing_low_freq,baseline,7.52,13.97,failed,0,90.298,0.009,1480.0,813.836,0.9053,18.449,33050,3492,47915
vp_281135,missing_low_freq,dg,7.52,7.47,failed,0,89.911,1.388,1480.354,786.851,0.9027,18.099,33050,3492,47915
vp_281135,missing_low_freq,sg,84.87,87.0,converged,1,21.387,23.186,1552.68,167.529,0.9719,24.046,33050,3492,47915
vp_281135,missing_low_freq,sg_c,69.68,90.18,converged,1,33.003,27.978,1542.522,158.878,0.9724,24.811,33050,3492,47915
vp_687163,standard,baseline,7.69,20.78,failed,0,91.514,3.06,1480.162,816.317,0.8969,17.768,29433,4914,45221
vp_687163,standard,dg,54.15,51.81,buffer,0,47.7,45.89,1583.048,703.138,0.9172,19.418,29433,4914,45221
vp_687163,standard,sg,88.06,66.16,converged,1,21.68,27.462,1578.76,284.181,0.9658,23.566,29433,4914,45221
vp_687163,standard,sg_c,89.21,75.44,converged,1,20.408,28.271,1575.643,241.924,0.9677,23.918,29433,4914,45221
vp_687163,reduced_compute,baseline,7.62,15.28,failed,0,91.598,0.078,1480.002,960.704,0.8788,16.88,29433,4914,45221
vp_687163,reduced_compute,dg,7.62,6.92,failed,0,91.097,2.015,1480.458,960.126,0.8744,16.566,29433,4914,45221
vp_687163,reduced_compute,sg,79.4,66.99,converged,1,28.252,28.398,1587.509,357.741,0.9521,22.363,29433,4914,45221
vp_687163,reduced_compute,sg_c,80.54,70.47,converged,1,29.258,33.888,1580.312,320.881,0.9518,22.746,29433,4914,45221
vp_687163,missing_low_freq,baseline,7.62,10.62,failed,0,91.6,0.006,1480.0,1018.714,0.8748,16.665,29433,4914,45221
vp_687163,missing_low_freq,dg,7.62,20.98,failed,0,91.494,0.833,1480.101,932.877,0.8859,16.925,29433,4914,45221
vp_687163,missing_low_freq,sg,69.39,38.83,buffer,0,40.204,40.173,1561.643,723.593,0.9168,19.34,29433,4914,45221
vp_687163,missing_low_freq,sg_c,83.75,70.21,converged,1,28.261,33.917,1577.93,313.301,0.9569,23.141,29433,4914,45221
vp_154936,standard,baseline,6.69,24.75,failed,0,91.858,16.254,1481.75,565.95,0.9065,18.864,30532,3390,45006
vp_154936,standard,dg,84.58,76.58,converged,1,23.49,21.202,1587.009,266.244,0.953,21.753,30532,3390,45006
vp_154936,standard,sg,98.25,88.53,converged,1,11.439,19.637,1563.343,160.378,0.9831,24.675,30532,3390,45006
vp_154936,standard,sg_c,97.46,81.36,converged,1,11.514,21.79,1571.42,190.036,0.9839,24.746,30532,3390,45006
vp_154936,reduced_compute,baseline,6.5,22.83,failed,0,91.827,0.476,1480.031,763.087,0.8928,17.969,30532,3390,45006
vp_154936,reduced_compute,dg,6.51,22.51,failed,0,86.697,10.27,1485.276,691.468,0.8995,17.968,30532,3390,45006
vp_154936,reduced_compute,sg,97.1,91.06,converged,1,11.165,20.258,1569.224,155.492,0.9678,22.972,30532,3390,45006
vp_154936,reduced_compute,sg_c,94.37,85.87,converged,1,15.144,23.598,1573.365,169.34,0.9729,23.883,30532,3390,45006
vp_154936,missing_low_freq,baseline,6.5,16.84,failed,0,91.843,0.278,1480.012,799.793,0.8936,17.986,30532,3390,45006
vp_154936,missing_low_freq,dg,6.5,17.99,failed,0,90.001,4.732,1481.792,753.285,0.8944,17.758,30532,3390,45006
vp_154936,missing_low_freq,sg,16.24,37.29,failed,0,80.071,31.482,1496.328,561.155,0.9085,19.015,30532,3390,45006
vp_154936,missing_low_freq,sg_c,94.43,83.39,converged,1,14.658,23.367,1570.697,180.649,0.9803,24.57,30532,3390,45006
vp_188347,standard,baseline,95.07,59.41,buffer,0,13.525,23.47,1571.973,255.438,0.9661,22.881,28130,2422,41089
vp_188347,standard,dg,94.81,87.28,converged,1,16.751,20.466,1581.397,159.444,0.9735,23.581,28130,2422,41089
vp_188347,standard,sg,97.18,72.58,converged,1,14.79,20.43,1582.545,213.77,0.9838,24.842,28130,2422,41089
vp_188347,standard,sg_c,97.75,69.65,converged,1,11.527,21.959,1573.139,220.385,0.9845,24.993,28130,2422,41089
vp_188347,reduced_compute,baseline,6.91,21.51,failed,0,93.113,3.635,1480.545,578.619,0.9102,19.041,28130,2422,41089
vp_188347,reduced_compute,dg,66.97,73.91,converged,1,31.467,25.026,1597.385,253.736,0.9448,21.407,28130,2422,41089
vp_188347,reduced_compute,sg,98.26,89.64,converged,1,9.82,20.658,1571.602,154.638,0.9726,23.522,28130,2422,41089
vp_188347,reduced_compute,sg_c,97.44,76.8,converged,1,13.85,21.722,1579.957,194.918,0.9799,24.436,28130,2422,41089
vp_188347,missing_low_freq,baseline,6.87,15.32,failed,0,93.456,1.007,1480.122,648.738,0.9063,18.83,28130,2422,41089
vp_188347,missing_low_freq,dg,6.87,53.55,failed,0,92.697,3.339,1480.882,413.998,0.9242,19.831,28130,2422,41089
vp_188347,missing_low_freq,sg,7.17,39.55,failed,0,89.926,9.484,1483.846,491.587,0.9138,19.355,28130,2422,41089
vp_188347,missing_low_freq,sg_c,97.55,75.52,converged,1,11.877,21.628,1574.931,199.136,0.9829,24.886,28130,2422,41089
